사고번호,사고일시,요일,시군구,사고내용,사망자수,중상자수,경상자수,부상신고자수,사고유형,법규위반,노면상태,기상상태,도로형태,가해운전자 차종,가해운전자 성별,가해운전자 연령,가해운전자 상해정도,피해운전자 차종,피해운전자 성별,피해운전자 연령,피해운전자 상해정도
2015012000100028,2015년 1월 20일 01시,화요일,제주특별자치도 제주시 이도이동,중상사고,0,1,0,0,차대사람 - 횡단중,안전운전불이행,건조,맑음,단일로 - 횡단보도상,승용,남,45세,상해없음,보행자,남,63세,중상
2015012000100138,2015년 1월 20일 08시,화요일,제주특별자치도 서귀포시 안덕면,부상신고사고,0,0,0,1,차대차 - 기타,기타,건조,맑음,교차로 - 교차로안,원동기,남,31세,부상신고,승용,남,39세,상해없음
2015012000100187,2015년 1월 20일 10시,화요일,제주특별자치도 제주시 노형동,중상사고,0,1,0,1,차대차 - 정면충돌,중앙선침범,건조,맑음,단일로 - 기타,승용,여,64세,상해없음,승용,여,31세,중상
2015012000100188,2015년 1월 20일 10시,화요일,제주특별자치도 제주시 애월읍,경상사고,0,0,1,0,차대차 - 기타,신호위반,건조,맑음,교차로 - 교차로안,건설기계,남,39세,상해없음,승용,남,29세,경상
2015012000100215,2015년 1월 20일 11시,화요일,제주특별자치도 서귀포시 서귀동,경상사고,0,0,2,0,차대차 - 측면직각충돌,안전운전불이행,건조,맑음,교차로 - 교차로부근,화물,여,65세,상해없음,승용,남,36세,경상
2015012000100216,2015년 1월 20일 11시,화요일,제주특별자치도 서귀포시 대포동,경상사고,0,0,1,0,차대차 - 기타,안전운전불이행,건조,맑음,단일로 - 기타,승합,남,45세,상해없음,특수,남,35세,상해없음
2015012000100217,2015년 1월 20일 11시,화요일,제주특별자치도 제주시 연동,경상사고,0,0,1,0,차대차 - 기타,안전운전불이행,건조,맑음,교차로 - 교차로안,승용,남,52세,상해없음,원동기,남,45세,경상
2015012000100351,2015년 1월 20일 16시,화요일,제주특별자치도 제주시 구좌읍,중상사고,0,1,0,0,차대차 - 기타,안전운전불이행,건조,맑음,교차로 - 교차로부근,화물,남,64세,기타불명,자전거,남,17세,중상
2015012000100414,2015년 1월 20일 18시,화요일,제주특별자치도 제주시 이도일동,중상사고,0,1,0,0,차대사람 - 기타,안전운전불이행,건조,맑음,단일로 - 기타,승용,남,38세,상해없음,보행자,여,55세,중상
2015012000100504,2015년 1월 20일 21시,화요일,제주특별자치도 제주시 아라일동,중상사고,0,1,0,0,차대차 - 측면직각충돌,교차로운행방법위반,건조,맑음,교차로 - 교차로안,화물,남,41세,상해없음,원동기,남,44세,중상
2015012000100532,2015년 1월 20일 22시,화요일,제주특별자치도 제주시 삼양이동,경상사고,0,0,1,0,차대차 - 추돌 - 주정차중,안전운전불이행,건조,흐림,교차로 - 교차로부근,원동기,남,37세,경상,승용,남,34세,상해없음
2015012100100016,2015년 1월 21일 00시,수요일,제주특별자치도 서귀포시 표선면,경상사고,0,0,1,0,차량단독 - 공작물충돌,안전운전불이행,건조,맑음,단일로 - 기타,승용,여,25세,경상,,,,
2015012100100167,2015년 1월 21일 10시,수요일,제주특별자치도 제주시 일도이동,경상사고,0,0,1,0,차대차 - 추돌 - 진행중,신호위반,건조,맑음,교차로 - 교차로안,승용,남,42세,상해없음,승용,남,25세,경상
2015012100100184,2015년 1월 21일 11시,수요일,제주특별자치도 제주시 조천읍,중상사고,0,1,1,0,차대차 - 추돌 - 진행중,신호위반,습기,비,교차로 - 교차로안,승용,남,59세,경상,승용,남,54세,중상
2015012100100185,2015년 1월 21일 11시,수요일,제주특별자치도 제주시 조천읍,경상사고,0,0,2,0,차대차 - 추돌 - 진행중,교차로운행방법위반,습기,비,교차로 - 교차로안,승용,남,78세,경상,승용,남,23세,기타불명
2015012100100214,2015년 1월 21일 12시,수요일,제주특별자치도 제주시 삼도이동,경상사고,0,0,2,0,차대차 - 추돌 - 진행중,안전운전불이행,기타,비,교차로 - 교차로안,승용,남,51세,상해없음,승용,여,53세,경상
2015012100100231,2015년 1월 21일 13시,수요일,제주특별자치도 제주시 연동,경상사고,0,0,1,0,차대차 - 기타,교차로운행방법위반,건조,맑음,교차로 - 교차로안,승용,여,38세,상해없음,승용,남,53세,상해없음
2015012100100252,2015년 1월 21일 14시,수요일,제주특별자치도 제주시 삼도일동,경상사고,0,0,1,0,차대차 - 측면직각충돌,안전운전불이행,건조,맑음,단일로 - 기타,승용,남,46세,상해없음,화물,남,32세,경상
2015012100100278,2015년 1월 21일 15시,수요일,제주특별자치도 서귀포시 서호동,경상사고,0,0,1,0,차대차 - 기타,차로위반,건조,맑음,단일로 - 기타,건설기계,남,48세,상해없음,승용,남,64세,경상
2015012100100279,2015년 1월 21일 15시,수요일,제주특별자치도 서귀포시 신효동,중상사고,0,1,1,0,차대차 - 추돌 - 진행중,안전운전불이행,기타,흐림,교차로 - 교차로부근,승용,여,67세,상해없음,승용,여,23세,중상
2015012100100280,2015년 1월 21일 15시,수요일,제주특별자치도 제주시 애월읍,경상사고,0,0,2,0,차대차 - 기타,신호위반,습기,비,교차로 - 교차로안,승합,남,31세,상해없음,화물,남,44세,경상
2015012100100429,2015년 1월 21일 19시,수요일,제주특별자치도 제주시 한림읍,경상사고,0,0,2,0,차대차 - 기타,안전운전불이행,건조,맑음,단일로 - 기타,화물,남,71세,경상,승용,남,66세,경상
2015012100100502,2015년 1월 21일 21시,수요일,제주특별자치도 서귀포시 서귀동,경상사고,0,0,1,0,차대사람 - 기타,보행자보호의무위반,건조,맑음,교차로 - 교차로부근,승용,남,44세,상해없음,보행자,남,35세,경상
2015012200100041,2015년 1월 22일 01시,목요일,제주특별자치도 제주시 이도이동,중상사고,0,1,0,0,차대사람 - 횡단중,안전운전불이행,건조,맑음,교차로 - 교차로부근,승용,남,59세,상해없음,보행자,남,57세,중상
2015012200100076,2015년 1월 22일 04시,목요일,제주특별자치도 제주시 조천읍,경상사고,0,0,1,0,차량단독 - 공작물충돌,안전운전불이행,건조,흐림,교차로 - 교차로부근,승용,남,24세,경상,,,,
2015012200100305,2015년 1월 22일 14시,목요일,제주특별자치도 서귀포시 서귀동,경상사고,0,0,1,0,차대사람 - 기타,안전운전불이행,건조,맑음,단일로 - 기타,승용,여,45세,상해없음,보행자,남,52세,경상
2015012200100330,2015년 1월 22일 15시,목요일,제주특별자치도 제주시 이도이동,경상사고,0,0,1,0,차대차 - 추돌 - 주정차중,안전운전불이행,기타,맑음,단일로 - 기타,승용,여,33세,상해없음,승용,남,59세,경상
2015012200100331,2015년 1월 22일 15시,목요일,제주특별자치도 제주시 노형동,중상사고,0,1,0,0,차대차 - 기타,안전운전불이행,건조,맑음,단일로 - 기타,승용,남,40세,상해없음,이륜,남,59세,중상
2015012200100417,2015년 1월 22일 18시,목요일,제주특별자치도 서귀포시 서귀동,부상신고사고,0,0,0,1,차대사람 - 기타,안전운전불이행,건조,맑음,기타 - 기타,승용,남,47세,상해없음,보행자,여,81세,부상신고
2015012200100418,2015년 1월 22일 18시,목요일,제주특별자치도 제주시 노형동,경상사고,0,0,1,0,차대차 - 기타,안전운전불이행,건조,맑음,교차로 - 교차로부근,승용,여,47세,상해없음,승용,남,34세,경상
2015012200100463,2015년 1월 22일 19시,목요일,제주특별자치도 제주시 이도이동,중상사고,0,1,0,0,차대사람 - 횡단중,신호위반,건조,맑음,단일로 - 횡단보도상,승용,여,21세,상해없음,보행자,여,33세,중상
2015012200100464,2015년 1월 22일 19시,목요일,제주특별자치도 제주시 오라일동,중상사고,0,1,1,0,차대차 - 추돌 - 진행중,신호위반,습기,흐림,교차로 - 교차로안,승용,남,43세,경상,이륜,남,28세,중상
2015012300100042,2015년 1월 23일 01시,금요일,제주특별자치도 서귀포시 법환동,경상사고,0,0,1,0,차량단독 - 전도전복,기타,기타,흐림,단일로 - 기타,승용,남,24세,경상,,,,
2015012300100160,2015년 1월 23일 08시,금요일,제주특별자치도 제주시 용담이동,경상사고,0,0,1,0,차대차 - 기타,안전거리미확보,건조,맑음,단일로 - 기타,승용,남,58세,상해없음,승용,여,26세,경상
2015012300100296,2015년 1월 23일 13시,금요일,제주특별자치도 서귀포시 표선면,중상사고,0,2,1,0,차대차 - 기타,신호위반,건조,맑음,교차로 - 교차로안,승용,남,37세,상해없음,승용,남,67세,중상
2015012300100330,2015년 1월 23일 14시,금요일,제주특별자치도 제주시 한경면,중상사고,0,1,0,0,차대사람 - 기타,보행자보호의무위반,건조,맑음,단일로 - 횡단보도상,승용,남,70세,상해없음,보행자,여,90세 이상,중상
2015012300100387,2015년 1월 23일 16시,금요일,제주특별자치도 제주시 용담이동,경상사고,0,0,1,0,차대차 - 기타,교차로운행방법위반,건조,맑음,교차로 - 교차로안,승용,남,59세,상해없음,승용,남,41세,상해없음
2015012300100388,2015년 1월 23일 16시,금요일,제주특별자치도 제주시 용담이동,경상사고,0,0,3,0,차대차 - 기타,직진우회전진행방해,건조,맑음,교차로 - 교차로안,승용,여,49세,경상,승용,남,55세,경상
2015012300100410,2015년 1월 23일 17시,금요일,제주특별자치도 서귀포시 성산읍,부상신고사고,0,0,0,1,차대차 - 기타,직진우회전진행방해,건조,맑음,교차로 - 교차로안,농기계,남,75세,부상신고,화물,여,66세,상해없음
2015012300100411,2015년 1월 23일 17시,금요일,제주특별자치도 서귀포시 성산읍,부상신고사고,0,0,0,4,차대차 - 기타,교차로운행방법위반,건조,맑음,교차로 - 교차로안,승용,여,24세,상해없음,승합,남,48세,부상신고
2015012300100460,2015년 1월 23일 18시,금요일,제주특별자치도 서귀포시 대정읍,경상사고,0,0,1,0,차대사람 - 기타,안전운전불이행,건조,맑음,단일로 - 기타,승용,남,61세,상해없음,보행자,남,43세,경상
2015012300100490,2015년 1월 23일 19시,금요일,제주특별자치도 서귀포시 대포동,중상사고,0,1,0,0,차대차 - 기타,안전운전불이행,건조,기타,교차로 - 교차로안,승합,남,21세,기타불명,승용,여,62세,중상
2015012300100491,2015년 1월 23일 19시,금요일,제주특별자치도 제주시 도두일동,경상사고,0,0,1,0,차대차 - 기타,중앙선침범,건조,맑음,단일로 - 기타,승용,남,43세,상해없음,승용,남,28세,경상
2015012400100020,2015년 1월 24일 00시,토요일,제주특별자치도 서귀포시 강정동,부상신고사고,0,0,0,1,차대차 - 기타,안전운전불이행,건조,맑음,단일로 - 기타,승용,여,37세,부상신고,승용,남,43세,기타불명
2015012400100121,2015년 1월 24일 07시,토요일,제주특별자치도 서귀포시 동홍동,중상사고,0,1,0,0,차대차 - 기타,신호위반,건조,맑음,단일로 - 횡단보도상,승용,남,46세,기타불명,자전거,남,74세,중상
2015012400100178,2015년 1월 24일 10시,토요일,제주특별자치도 제주시 한경면,중상사고,0,4,0,0,차대차 - 기타,신호위반,건조,맑음,교차로 - 교차로안,기타불명,기타불명,기타불명,기타불명,승합,남,33세,상해없음
2015012400100179,2015년 1월 24일 10시,토요일,제주특별자치도 제주시 애월읍,중상사고,0,1,2,1,차대차 - 기타,안전운전불이행,건조,맑음,단일로 - 기타,건설기계,남,34세,부상신고,승합,남,41세,경상
2015012400100234,2015년 1월 24일 12시,토요일,제주특별자치도 서귀포시 남원읍,중상사고,0,2,0,0,차대차 - 기타,안전운전불이행,건조,맑음,단일로 - 기타,화물,남,46세,상해없음,승합,남,72세,중상
2015012400100263,2015년 1월 24일 13시,토요일,제주특별자치도 서귀포시 성산읍,경상사고,0,0,1,1,차대차 - 기타,안전운전불이행,건조,맑음,단일로 - 기타,승용,남,36세,부상신고,승용,남,48세,경상
2015012400100305,2015년 1월 24일 15시,토요일,제주특별자치도 서귀포시 안덕면,중상사고,0,1,0,0,차대사람 - 기타,안전운전불이행,건조,맑음,기타 - 기타,승용,여,71세,상해없음,보행자,여,68세,중상
2015012400100306,2015년 1월 24일 15시,토요일,제주특별자치도 서귀포시 대정읍,경상사고,0,0,2,0,차대차 - 기타,안전운전불이행,건조,맑음,단일로 - 기타,화물,남,53세,상해없음,승용,여,47세,경상
2015012400100407,2015년 1월 24일 18시,토요일,제주특별자치도 제주시 이도이동,중상사고,0,1,0,0,차대사람 - 횡단중,안전운전불이행,건조,맑음,단일로 - 기타,화물,남,63세,상해없음,보행자,남,66세,중상
2015012400100454,2015년 1월 24일 19시,토요일,제주특별자치도 서귀포시 서귀동,부상신고사고,0,0,0,1,차대차 - 기타,중앙선침범,건조,맑음,교차로 - 교차로부근,이륜,남,59세,부상신고,승용,남,28세,상해없음
2015012400100487,2015년 1월 24일 20시,토요일,제주특별자치도 서귀포시 성산읍,경상사고,0,0,1,0,차대사람 - 횡단중,보행자보호의무위반,건조,맑음,단일로 - 횡단보도상,화물,남,64세,상해없음,보행자,여,54세,경상
2015012400100571,2015년 1월 24일 23시,토요일,제주특별자치도 서귀포시 강정동,중상사고,0,3,1,0,차대차 - 기타,안전운전불이행,건조,맑음,교차로 - 교차로부근,승용,남,51세,경상,승용,남,57세,중상
2015012500100143,2015년 1월 25일 11시,일요일,제주특별자치도 서귀포시 표선면,중상사고,0,1,0,0,차대차 - 측면직각충돌,안전운전불이행,건조,맑음,단일로 - 기타,승용,남,55세,상해없음,원동기,남,76세,중상
2015012500100161,2015년 1월 25일 12시,일요일,제주특별자치도 서귀포시 서귀동,부상신고사고,0,0,0,1,차대차 - 측면직각충돌,직진우회전진행방해,건조,흐림,교차로 - 교차로안,승합,남,62세,부상신고,승용,여,55세,상해없음
2015012500100175,2015년 1월 25일 13시,일요일,제주특별자치도 서귀포시 법환동,경상사고,0,0,2,0,차대차 - 측면직각충돌,직진우회전진행방해,건조,맑음,교차로 - 교차로안,승용,여,58세,경상,승용,남,39세,경상
2015012500100253,2015년 1월 25일 17시,일요일,제주특별자치도 제주시 노형동,경상사고,0,0,1,0,차대사람 - 기타,보행자보호의무위반,습기,비,단일로 - 횡단보도상,승용,남,46세,상해없음,보행자,남,15세,경상
2015012500100283,2015년 1월 25일 18시,일요일,제주특별자치도 제주시 이도이동,경상사고,0,0,1,0,차대사람 - 횡단중,신호위반,기타,비,단일로 - 횡단보도상,승용,남,31세,상해없음,보행자,남,25세,경상
2015012500100284,2015년 1월 25일 18시,일요일,제주특별자치도 제주시 일도이동,중상사고,0,1,0,0,차대사람 - 횡단중,보행자보호의무위반,습기,비,단일로 - 횡단보도상,승용,여,35세,상해없음,보행자,남,90세 이상,중상
2015012500100285,2015년 1월 25일 18시,일요일,제주특별자치도 서귀포시 남원읍,중상사고,0,1,0,1,차대차 - 측면직각충돌,신호위반,습기,비,교차로 - 교차로안,승용,여,52세,상해없음,승용,남,30세,상해없음
2015012500100325,2015년 1월 25일 19시,일요일,제주특별자치도 서귀포시 동홍동,중상사고,0,2,0,0,차대사람 - 기타,안전운전불이행,습기,비,교차로 - 교차로안,화물,남,67세,상해없음,보행자,여,17세,중상
2015012500100326,2015년 1월 25일 19시,일요일,제주특별자치도 서귀포시 동홍동,경상사고,0,0,2,0,차대사람 - 기타,보행자보호의무위반,습기,비,단일로 - 횡단보도상,승용,여,31세,상해없음,보행자,여,22세,경상
2015012500100371,2015년 1월 25일 20시,일요일,제주특별자치도 서귀포시 안덕면,경상사고,0,0,1,0,차대차 - 기타,안전운전불이행,건조,맑음,기타 - 기타,승용,남,53세,경상,건설기계,남,43세,상해없음
2015012500100372,2015년 1월 25일 20시,일요일,제주특별자치도 제주시 용담이동,경상사고,0,0,2,0,차대차 - 추돌 - 진행중,안전운전불이행,습기,비,단일로 - 기타,승용,남,51세,상해없음,화물,남,29세,경상
2015012500100440,2015년 1월 25일 22시,일요일,제주특별자치도 제주시 연동,중상사고,0,1,0,0,차대사람 - 횡단중,안전운전불이행,건조,맑음,단일로 - 기타,승용,남,47세,상해없음,보행자,남,50세,중상
2015012600100011,2015년 1월 26일 00시,월요일,제주특별자치도 제주시 봉개동,중상사고,0,1,0,0,차대사람 - 횡단중,안전운전불이행,습기,비,단일로 - 기타,승용,남,38세,상해없음,보행자,남,62세,중상
2015012600100073,2015년 1월 26일 06시,월요일,제주특별자치도 제주시 용담이동,경상사고,0,0,1,0,차대차 - 기타,안전운전불이행,습기,비,단일로 - 기타,승용,남,62세,상해없음,승용,남,40세,경상
2015012600100117,2015년 1월 26일 08시,월요일,제주특별자치도 제주시 애월읍,경상사고,0,0,1,0,차대차 - 기타,안전거리미확보,습기,안개,단일로 - 기타,승용,남,41세,상해없음,승용,남,52세,상해없음
2015012600100140,2015년 1월 26일 09시,월요일,제주특별자치도 제주시 내도동,경상사고,0,0,1,0,차대사람 - 기타,안전운전불이행,건조,맑음,단일로 - 기타,화물,남,42세,상해없음,보행자,여,41세,경상
2015012600100171,2015년 1월 26일 10시,월요일,제주특별자치도 제주시 용담일동,경상사고,0,0,1,1,차대차 - 추돌 - 주정차중,교차로운행방법위반,건조,맑음,교차로 - 교차로안,승용,남,59세,부상신고,승용,남,60세,경상
2015012600100203,2015년 1월 26일 11시,월요일,제주특별자치도 제주시 내도동,중상사고,0,1,0,0,차대차 - 기타,신호위반,건조,맑음,교차로 - 교차로안,승용,여,47세,상해없음,승용,남,28세,상해없음
2015012600100227,2015년 1월 26일 12시,월요일,제주특별자치도 제주시 건입동,중상사고,0,1,0,0,차량단독 - 기타,기타,습기,흐림,단일로 - 기타,승합,남,57세,상해없음,,,,
2015012600100228,2015년 1월 26일 12시,월요일,제주특별자치도 서귀포시 강정동,부상신고사고,0,0,0,1,차대사람 - 횡단중,안전운전불이행,건조,맑음,단일로 - 기타,승합,남,38세,상해없음,보행자,여,40세,부상신고
2015012600100254,2015년 1월 26일 13시,월요일,제주특별자치도 제주시 오라일동,경상사고,0,0,1,0,차대사람 - 보도통행중,안전운전불이행,건조,흐림,교차로 - 교차로부근,승용,남,58세,상해없음,보행자,남,9세,경상
2015012600100311,2015년 1월 26일 15시,월요일,제주특별자치도 제주시 연동,경상사고,0,0,2,0,차대차 - 기타,안전거리미확보,건조,흐림,단일로 - 기타,승용,여,39세,경상,승용,남,60세,상해없음
2015012600100312,2015년 1월 26일 15시,월요일,제주특별자치도 제주시 용담이동,경상사고,0,0,1,0,차대사람 - 기타,안전운전불이행,건조,맑음,단일로 - 기타,기타불명,기타불명,기타불명,기타불명,보행자,여,33세,경상
2015012600100367,2015년 1월 26일 17시,월요일,제주특별자치도 제주시 노형동,경상사고,0,0,2,0,차대차 - 측면직각충돌,안전거리미확보,건조,흐림,단일로 - 기타,화물,남,60세,상해없음,승용,여,52세,경상
2015012600100425,2015년 1월 26일 18시,월요일,제주특별자치도 제주시 건입동,중상사고,0,1,0,0,차대차 - 추돌 - 진행중,안전거리미확보,건조,맑음,단일로 - 횡단보도부근,승용,여,33세,상해없음,승용,남,21세,중상
2015012600100426,2015년 1월 26일 18시,월요일,제주특별자치도 제주시 도남동,중상사고,0,1,0,0,차대사람 - 횡단중,보행자보호의무위반,건조,맑음,단일로 - 횡단보도상,승용,남,28세,상해없음,보행자,여,21세,중상
2015012600100427,2015년 1월 26일 18시,월요일,제주특별자치도 서귀포시 상예동,경상사고,0,0,1,0,차대차 - 기타,안전운전불이행,건조,맑음,단일로 - 기타,화물,남,46세,상해없음,승용,여,52세,경상
2015012600100428,2015년 1월 26일 18시,월요일,제주특별자치도 제주시 애월읍,중상사고,0,1,3,0,차대차 - 기타,신호위반,건조,맑음,교차로 - 교차로안,승용,남,73세,중상,승용,남,40세,경상
2015012600100429,2015년 1월 26일 18시,월요일,제주특별자치도 제주시 노형동,중상사고,0,1,0,0,차대사람 - 기타,안전운전불이행,건조,맑음,단일로 - 기타,승용,남,54세,상해없음,보행자,여,29세,중상
2015012700100068,2015년 1월 27일 06시,화요일,제주특별자치도 제주시 연동,경상사고,0,0,1,0,차대사람 - 기타,안전운전불이행,건조,맑음,단일로 - 기타,승용,남,57세,상해없음,보행자,남,31세,경상
2015012700100196,2015년 1월 27일 12시,화요일,제주특별자치도 제주시 도두일동,경상사고,0,0,3,0,차대차 - 측면직각충돌,안전운전불이행,건조,맑음,교차로 - 교차로부근,승용,남,23세,상해없음,승용,여,40세,경상
2015012700100255,2015년 1월 27일 14시,화요일,제주특별자치도 제주시 도두일동,부상신고사고,0,0,0,1,차대사람 - 차도통행중,안전운전불이행,건조,맑음,단일로 - 기타,승용,남,61세,상해없음,보행자,남,82세,부상신고
2015012700100347,2015년 1월 27일 17시,화요일,제주특별자치도 제주시 용담이동,경상사고,0,0,1,4,차대차 - 측면직각충돌,안전운전불이행,건조,맑음,단일로 - 기타,승용,남,75세,상해없음,승합,남,58세,경상
2015012700100393,2015년 1월 27일 18시,화요일,제주특별자치도 서귀포시 대정읍,경상사고,0,0,1,0,차대차 - 기타,안전운전불이행,건조,맑음,교차로 - 교차로부근,화물,남,63세,상해없음,자전거,여,26세,경상
2015012700100394,2015년 1월 27일 18시,화요일,제주특별자치도 제주시 노형동,경상사고,0,0,1,1,차대차 - 측면직각충돌,직진우회전진행방해,건조,흐림,교차로 - 교차로안,승용,여,45세,부상신고,승용,남,38세,경상
2015012700100431,2015년 1월 27일 19시,화요일,제주특별자치도 제주시 일도이동,중상사고,0,1,0,1,차대사람 - 횡단중,보행자보호의무위반,건조,기타,교차로 - 교차로부근,기타불명,기타불명,기타불명,기타불명,보행자,남,52세,부상신고
2015012800100165,2015년 1월 28일 11시,수요일,제주특별자치도 제주시 아라일동,중상사고,0,1,1,0,차대차 - 측면직각충돌,직진우회전진행방해,건조,맑음,교차로 - 교차로안,승합,여,32세,상해없음,승용,여,43세,중상
2015012800100166,2015년 1월 28일 11시,수요일,제주특별자치도 제주시 이도이동,경상사고,0,0,1,0,차대차 - 기타,안전거리미확보,건조,맑음,교차로 - 교차로부근,승용,여,40세,상해없음,승용,여,33세,경상
2015012800100190,2015년 1월 28일 12시,수요일,제주특별자치도 제주시 이도이동,경상사고,0,0,1,0,차대차 - 추돌 - 진행중,중앙선침범,건조,맑음,단일로 - 기타,기타불명,기타불명,기타불명,기타불명,승합,남,40세,상해없음
2015012800100282,2015년 1월 28일 16시,수요일,제주특별자치도 서귀포시 강정동,경상사고,0,0,1,1,차대차 - 측면직각충돌,안전운전불이행,건조,맑음,단일로 - 기타,화물,남,45세,부상신고,승용,남,44세,경상
2015012800100314,2015년 1월 28일 17시,수요일,제주특별자치도 서귀포시 서홍동,경상사고,0,0,1,0,차대차 - 기타,안전거리미확보,건조,맑음,교차로 - 교차로부근,건설기계,남,46세,상해없음,승용,남,26세,경상
2015012800100350,2015년 1월 28일 18시,수요일,제주특별자치도 서귀포시 대포동,사망사고,1,2,0,0,차대차 - 기타,직진우회전진행방해,건조,맑음,교차로 - 교차로안,승합,남,55세,상해없음,농기계,남,78세,중상
2015012800100351,2015년 1월 28일 18시,수요일,제주특별자치도 서귀포시 보목동,부상신고사고,0,0,0,1,차대사람 - 기타,안전운전불이행,건조,맑음,단일로 - 기타,승용,여,42세,기타불명,보행자,여,63세,부상신고
2015012800100352,2015년 1월 28일 18시,수요일,제주특별자치도 제주시 연동,경상사고,0,0,3,0,차대차 - 측면직각충돌,신호위반,건조,맑음,교차로 - 교차로안,승용,남,56세,상해없음,승용,남,45세,경상
2015012800100353,2015년 1월 28일 18시,수요일,제주특별자치도 제주시 오라삼동,경상사고,0,0,1,0,차대차 - 기타,중앙선침범,건조,맑음,단일로 - 기타,기타불명,기타불명,기타불명,기타불명,원동기,남,24세,경상
2015012800100474,2015년 1월 28일 23시,수요일,제주특별자치도 서귀포시 중문동,부상신고사고,0,0,0,2,차대사람 - 기타,안전운전불이행,건조,맑음,단일로 - 기타,원동기,남,17세,부상신고,보행자,남,33세,부상신고
2015012800100475,2015년 1월 28일 23시,수요일,제주특별자치도 제주시 연동,경상사고,0,0,1,0,차대차 - 기타,안전운전불이행,건조,맑음,단일로 - 기타,승용,남,47세,상해없음,승용,남,37세,경상
2015012900100056,2015년 1월 29일 05시,목요일,제주특별자치도 제주시 연동,중상사고,0,1,0,0,차대사람 - 기타,안전운전불이행,습기,비,단일로 - 기타,승용,남,29세,상해없음,보행자,여,61세,중상
2015012900100076,2015년 1월 29일 06시,목요일,제주특별자치도 제주시 애월읍,중상사고,0,1,0,0,차대사람 - 기타,안전운전불이행,건조,맑음,교차로 - 교차로안,승용,여,60세,상해없음,보행자,여,80세,중상
2015012900100094,2015년 1월 29일 07시,목요일,제주특별자치도 제주시 일도일동,경상사고,0,0,3,0,차대차 - 추돌 - 진행중,안전운전불이행,습기,비,교차로 - 교차로안,승용,남,63세,상해없음,승용,남,23세,경상
2015012900100157,2015년 1월 29일 10시,목요일,제주특별자치도 제주시 일도이동,경상사고,0,0,1,0,차대차 - 추돌 - 진행중,안전운전불이행,습기,비,단일로 - 기타,승용,남,26세,상해없음,승용,여,41세,경상
2015012900100178,2015년 1월 29일 11시,목요일,제주특별자치도 제주시 조천읍,사망사고,1,0,0,0,차량단독 - 공작물충돌,안전운전불이행,기타,비,단일로 - 기타,이륜,여,55세,사망,,,,
2015012900100179,2015년 1월 29일 11시,목요일,제주특별자치도 서귀포시 남원읍,부상신고사고,0,0,0,1,차대차 - 기타,안전운전불이행,습기,비,교차로 - 교차로안,화물,남,46세,상해없음,이륜,남,17세,부상신고
2015012900100198,2015년 1월 29일 12시,목요일,제주특별자치도 제주시 이호이동,경상사고,0,0,1,0,차대사람 - 기타,안전운전불이행,습기,비,단일로 - 기타,기타불명,기타불명,기타불명,기타불명,보행자,여,82세,경상
2015012900100199,2015년 1월 29일 12시,목요일,제주특별자치도 제주시 용담이동,중상사고,0,1,0,0,차대차 - 기타,안전운전불이행,건조,맑음,단일로 - 기타,승용,여,70세,상해없음,승용,여,29세,중상
2015012900100260,2015년 1월 29일 14시,목요일,제주특별자치도 제주시 애월읍,부상신고사고,0,0,0,1,차대차 - 기타,신호위반,건조,맑음,단일로 - 횡단보도상,승용,남,29세,상해없음,자전거,남,11세,부상신고
2015012900100261,2015년 1월 29일 14시,목요일,제주특별자치도 제주시 애월읍,경상사고,0,0,1,0,차대차 - 기타,안전운전불이행,습기,비,교차로 - 교차로안,승용,남,71세,상해없음,승용,남,36세,상해없음
2015012900100298,2015년 1월 29일 15시,목요일,제주특별자치도 서귀포시 서홍동,경상사고,0,0,1,0,차대사람 - 횡단중,안전운전불이행,건조,맑음,단일로 - 횡단보도상,승용,남,59세,상해없음,보행자,남,9세,경상
2015012900100299,2015년 1월 29일 15시,목요일,제주특별자치도 서귀포시 신효동,경상사고,0,0,1,0,차대차 - 기타,안전거리미확보,습기,비,교차로 - 교차로안,승용,남,35세,상해없음,승용,여,22세,경상
2015012900100322,2015년 1월 29일 16시,목요일,제주특별자치도 제주시 이도이동,경상사고,0,0,1,0,차대사람 - 횡단중,보행자보호의무위반,습기,비,단일로 - 기타,승용,남,76세,상해없음,보행자,여,31세,경상
2015012900100323,2015년 1월 29일 16시,목요일,제주특별자치도 제주시 아라일동,경상사고,0,0,2,0,차대차 - 추돌 - 진행중,신호위반,습기,비,교차로 - 교차로안,승합,남,47세,경상,승용,여,49세,경상
2015012900100361,2015년 1월 29일 17시,목요일,제주특별자치도 제주시 조천읍,사망사고,1,0,0,0,차량단독 - 공작물충돌,안전운전불이행,기타,비,단일로 - 기타,승용,여,40세,사망,,,,
2015012900100400,2015년 1월 29일 18시,목요일,제주특별자치도 제주시 건입동,사망사고,1,0,0,0,차대사람 - 기타,보행자보호의무위반,기타,비,단일로 - 횡단보도상,승용,여,52세,상해없음,보행자,남,44세,사망
2015012900100401,2015년 1월 29일 18시,목요일,제주특별자치도 제주시 도남동,경상사고,0,0,1,0,차대사람 - 횡단중,안전운전불이행,습기,비,교차로 - 교차로부근,승용,남,37세,상해없음,보행자,남,77세,경상
2015012900100402,2015년 1월 29일 18시,목요일,제주특별자치도 제주시 이도일동,경상사고,0,0,1,0,차대사람 - 횡단중,안전운전불이행,건조,맑음,교차로 - 교차로부근,승용,여,40세,기타불명,보행자,남,54세,경상