사고번호,사고일시,요일,시군구,사고내용,사망자수,중상자수,경상자수,부상신고자수,사고유형,법규위반,노면상태,기상상태,도로형태,가해운전자 차종,가해운전자 성별,가해운전자 연령,가해운전자 상해정도,피해운전자 차종,피해운전자 성별,피해운전자 연령,피해운전자 상해정도
2015012900100443,2015년 1월 29일 19시,목요일,제주특별자치도 제주시 아라일동,경상사고,0,0,1,0,차대사람 - 횡단중,신호위반,습기,비,교차로 - 교차로안,승용,남,52세,상해없음,보행자,여,21세,경상
2015012900100444,2015년 1월 29일 19시,목요일,제주특별자치도 서귀포시 서홍동,중상사고,0,1,0,0,차대사람 - 기타,안전운전불이행,건조,기타,단일로 - 기타,승용,남,28세,상해없음,보행자,여,63세,중상
2015012900100505,2015년 1월 29일 21시,목요일,제주특별자치도 제주시 외도일동,경상사고,0,0,1,0,차량단독 - 공작물충돌,안전운전불이행,습기,비,단일로 - 기타,화물,남,55세,상해없음,,,,
2015013000100014,2015년 1월 30일 00시,금요일,제주특별자치도 제주시 일도일동,경상사고,0,0,1,0,차대차 - 추돌 - 진행중,안전운전불이행,습기,비,단일로 - 횡단보도부근,승용,남,39세,상해없음,승용,여,32세,경상
2015013000100083,2015년 1월 30일 05시,금요일,제주특별자치도 제주시 연동,경상사고,0,0,1,0,차대차 - 측면직각충돌,직진우회전진행방해,건조,맑음,교차로 - 교차로안,승용,남,44세,상해없음,승용,남,49세,경상
2015013000100096,2015년 1월 30일 06시,금요일,제주특별자치도 서귀포시 안덕면,중상사고,0,1,0,0,차대차 - 기타,안전운전불이행,결빙,눈,단일로 - 기타,화물,남,46세,상해없음,화물,남,37세,중상
2015013000100176,2015년 1월 30일 09시,금요일,제주특별자치도 서귀포시 동홍동,부상신고사고,0,0,0,1,차대차 - 기타,직진우회전진행방해,건조,맑음,교차로 - 교차로안,원동기,남,69세,부상신고,승합,남,28세,상해없음
2015013000100207,2015년 1월 30일 10시,금요일,제주특별자치도 서귀포시 성산읍,중상사고,0,2,2,0,차대차 - 추돌 - 주정차중,안전운전불이행,건조,맑음,교차로 - 교차로부근,승합,남,61세,상해없음,승합,남,54세,경상
2015013000100326,2015년 1월 30일 15시,금요일,제주특별자치도 제주시 영평동,경상사고,0,0,3,0,차대차 - 추돌 - 진행중,안전운전불이행,건조,흐림,단일로 - 기타,화물,남,62세,경상,화물,남,64세,경상
2015013000100362,2015년 1월 30일 16시,금요일,제주특별자치도 제주시 조천읍,경상사고,0,0,1,0,차대차 - 추돌 - 진행중,안전거리미확보,기타,눈,단일로 - 기타,승용,남,34세,상해없음,승용,여,38세,경상
2015013000100397,2015년 1월 30일 17시,금요일,제주특별자치도 제주시 건입동,중상사고,0,1,0,0,차대사람 - 횡단중,보행자보호의무위반,건조,맑음,단일로 - 횡단보도상,화물,남,62세,상해없음,보행자,여,72세,중상
2015013000100398,2015년 1월 30일 17시,금요일,제주특별자치도 제주시 연동,경상사고,0,0,2,0,차대사람 - 기타,안전운전불이행,건조,맑음,교차로 - 교차로안,승용,여,28세,상해없음,보행자,여,33세,경상
2015013000100432,2015년 1월 30일 18시,금요일,제주특별자치도 제주시 조천읍,경상사고,0,0,1,0,차대차 - 추돌 - 진행중,안전거리미확보,건조,흐림,단일로 - 기타,화물,남,46세,상해없음,승합,남,33세,경상
2015013000100480,2015년 1월 30일 19시,금요일,제주특별자치도 서귀포시 강정동,중상사고,0,2,1,0,차대차 - 측면직각충돌,신호위반,기타,맑음,교차로 - 교차로안,승용,여,39세,중상,승용,남,74세,경상
2015013000100481,2015년 1월 30일 19시,금요일,제주특별자치도 제주시 오라삼동,경상사고,0,0,1,0,차대차 - 추돌 - 주정차중,안전거리미확보,건조,흐림,단일로 - 기타,승용,남,29세,상해없음,화물,남,53세,경상
2015013000100482,2015년 1월 30일 19시,금요일,제주특별자치도 제주시 연동,경상사고,0,0,1,0,차량단독 - 공작물충돌,안전운전불이행,습기,흐림,단일로 - 기타,화물,남,52세,경상,,,,
2015013100100034,2015년 1월 31일 01시,토요일,제주특별자치도 제주시 이도이동,부상신고사고,0,0,0,1,차대차 - 측면직각충돌,교차로운행방법위반,습기,눈,교차로 - 교차로안,승용,남,42세,상해없음,승용,남,61세,부상신고
2015013100100089,2015년 1월 31일 06시,토요일,제주특별자치도 제주시 조천읍,경상사고,0,0,1,0,차대차 - 기타,신호위반,건조,맑음,교차로 - 교차로안,화물,남,38세,상해없음,승용,남,44세,경상
2015013100100102,2015년 1월 31일 07시,토요일,제주특별자치도 제주시 용담이동,중상사고,0,1,2,0,차대차 - 측면직각충돌,신호위반,건조,흐림,교차로 - 교차로안,승용,남,66세,경상,승용,남,46세,중상
2015013100100143,2015년 1월 31일 09시,토요일,제주특별자치도 제주시 오라이동,중상사고,0,1,0,0,차대차 - 기타,신호위반,건조,흐림,교차로 - 교차로안,승용,여,52세,상해없음,승용,남,48세,중상
2015013100100192,2015년 1월 31일 11시,토요일,제주특별자치도 제주시 이도이동,경상사고,0,0,1,0,차대차 - 추돌 - 진행중,안전운전불이행,건조,흐림,교차로 - 교차로부근,승용,여,46세,상해없음,승용,남,33세,상해없음
2015013100100220,2015년 1월 31일 12시,토요일,제주특별자치도 제주시 용담삼동,경상사고,0,0,1,0,차대차 - 기타,안전운전불이행,건조,흐림,교차로 - 교차로부근,승용,남,37세,상해없음,승용,여,57세,상해없음
2015013100100255,2015년 1월 31일 13시,토요일,제주특별자치도 서귀포시 안덕면,경상사고,0,0,1,1,차대차 - 기타,직진우회전진행방해,건조,맑음,교차로 - 교차로안,승용,남,67세,부상신고,화물,남,56세,경상
2015013100100256,2015년 1월 31일 13시,토요일,제주특별자치도 제주시 연동,부상신고사고,0,0,0,1,차대사람 - 기타,안전운전불이행,건조,흐림,단일로 - 기타,기타불명,기타불명,기타불명,기타불명,보행자,여,32세,부상신고
2015013100100291,2015년 1월 31일 14시,토요일,제주특별자치도 제주시 조천읍,경상사고,0,0,3,0,차대차 - 추돌 - 진행중,안전거리미확보,건조,맑음,단일로 - 기타,승용,여,74세,경상,화물,남,62세,경상
2015013100100319,2015년 1월 31일 15시,토요일,제주특별자치도 서귀포시 남원읍,중상사고,0,1,1,2,차대차 - 기타,안전거리미확보,건조,맑음,교차로 - 교차로부근,승용,남,46세,경상,승용,여,19세,중상
2015013100100351,2015년 1월 31일 16시,토요일,제주특별자치도 서귀포시 남원읍,중상사고,0,1,0,0,차대차 - 기타,안전운전불이행,건조,맑음,단일로 - 기타,승용,남,29세,상해없음,화물,남,39세,상해없음
2015013100100480,2015년 1월 31일 20시,토요일,제주특별자치도 제주시 연동,경상사고,0,0,1,0,차대차 - 기타,안전운전불이행,건조,맑음,단일로 - 기타,승용,여,34세,상해없음,승용,남,56세,경상
2015013100100536,2015년 1월 31일 22시,토요일,제주특별자치도 제주시 외도일동,경상사고,0,0,2,0,차대차 - 추돌 - 진행중,안전운전불이행,건조,맑음,교차로 - 교차로안,승용,남,45세,상해없음,화물,남,48세,경상
2015020100100056,2015년 2월 1일 03시,일요일,제주특별자치도 제주시 아라일동,경상사고,0,0,1,0,차대사람 - 기타,안전운전불이행,건조,흐림,단일로 - 기타,기타불명,기타불명,기타불명,기타불명,보행자,남,30세,경상
2015020100100057,2015년 2월 1일 03시,일요일,제주특별자치도 제주시 조천읍,경상사고,0,0,1,0,차량단독 - 공작물충돌,안전운전불이행,건조,맑음,단일로 - 기타,승용,남,40세,경상,,,,
2015020100100105,2015년 2월 1일 08시,일요일,제주특별자치도 제주시 영평동,중상사고,0,1,0,0,차량단독 - 공작물충돌,안전운전불이행,건조,맑음,교차로 - 교차로안,승용,남,61세,중상,,,,
2015020100100168,2015년 2월 1일 11시,일요일,제주특별자치도 제주시 외도이동,경상사고,0,0,1,0,차대차 - 기타,교차로운행방법위반,건조,맑음,교차로 - 교차로안,승용,남,72세,상해없음,승용,여,41세,경상
2015020100100206,2015년 2월 1일 13시,일요일,제주특별자치도 제주시 봉개동,경상사고,0,0,1,0,차대차 - 추돌 - 진행중,안전운전불이행,건조,맑음,교차로 - 교차로안,승합,여,80세,경상,건설기계,남,33세,상해없음
2015020100100207,2015년 2월 1일 13시,일요일,제주특별자치도 서귀포시 안덕면,중상사고,0,1,1,1,차대차 - 기타,직진우회전진행방해,건조,맑음,교차로 - 교차로안,승용,남,30세,부상신고,승용,남,53세,경상
2015020200100029,2015년 2월 2일 04시,월요일,제주특별자치도 제주시 도남동,경상사고,0,0,1,0,차대차 - 추돌 - 진행중,안전운전불이행,건조,맑음,교차로 - 교차로안,승용,여,66세,상해없음,자전거,남,23세,경상
2015020200100094,2015년 2월 2일 08시,월요일,제주특별자치도 서귀포시 남원읍,부상신고사고,0,0,0,1,차대차 - 측면직각충돌,직진우회전진행방해,건조,흐림,교차로 - 교차로안,승용,남,46세,부상신고,화물,남,68세,상해없음
2015020200100208,2015년 2월 2일 13시,월요일,제주특별자치도 제주시 이도이동,중상사고,0,1,1,0,차대차 - 추돌 - 진행중,안전거리미확보,기타,맑음,단일로 - 기타,승합,남,58세,상해없음,승용,남,55세,경상
2015020200100234,2015년 2월 2일 14시,월요일,제주특별자치도 제주시 일도이동,경상사고,0,0,1,0,차대차 - 추돌 - 진행중,직진우회전진행방해,건조,맑음,교차로 - 교차로안,화물,남,41세,상해없음,이륜,남,63세,경상
2015020200100235,2015년 2월 2일 14시,월요일,제주특별자치도 제주시 노형동,경상사고,0,0,1,0,차대차 - 측면직각충돌,신호위반,건조,맑음,교차로 - 교차로안,승합,남,34세,상해없음,승용,남,62세,경상
2015020200100358,2015년 2월 2일 18시,월요일,제주특별자치도 제주시 연동,경상사고,0,0,1,0,차대사람 - 기타,안전운전불이행,건조,맑음,교차로 - 교차로안,승용,남,51세,상해없음,보행자,남,54세,경상
2015020200100359,2015년 2월 2일 18시,월요일,제주특별자치도 제주시 한림읍,중상사고,0,1,0,0,차대사람 - 기타,안전운전불이행,건조,맑음,단일로 - 기타,승용,남,55세,상해없음,보행자,여,82세,중상
2015020200100360,2015년 2월 2일 18시,월요일,제주특별자치도 제주시 삼도일동,부상신고사고,0,0,0,1,차대차 - 측면직각충돌,안전거리미확보,건조,맑음,단일로 - 기타,화물,남,59세,상해없음,승용,남,45세,상해없음
2015020300100083,2015년 2월 3일 06시,화요일,제주특별자치도 제주시 애월읍,경상사고,0,0,2,0,차량단독 - 공작물충돌,안전운전불이행,건조,흐림,단일로 - 기타,승용,여,39세,경상,,,,
2015020300100151,2015년 2월 3일 08시,화요일,제주특별자치도 제주시 봉개동,경상사고,0,0,1,0,차대차 - 추돌 - 진행중,신호위반,건조,맑음,교차로 - 교차로안,승용,남,78세,상해없음,승용,여,28세,경상
2015020300100152,2015년 2월 3일 08시,화요일,제주특별자치도 제주시 아라일동,경상사고,0,0,1,0,차대사람 - 횡단중,안전운전불이행,건조,맑음,단일로 - 기타,승용,여,43세,상해없음,보행자,여,45세,경상
2015020300100153,2015년 2월 3일 08시,화요일,제주특별자치도 서귀포시 남원읍,경상사고,0,0,2,1,차대차 - 추돌 - 주정차중,안전운전불이행,건조,맑음,단일로 - 기타,승용,남,63세,부상신고,화물,남,44세,기타불명
2015020300100154,2015년 2월 3일 08시,화요일,제주특별자치도 서귀포시 안덕면,경상사고,0,0,1,0,차대차 - 정면충돌,안전운전불이행,건조,맑음,교차로 - 교차로안,승용,여,44세,상해없음,승용,여,37세,경상
2015020300100340,2015년 2월 3일 15시,화요일,제주특별자치도 제주시 구좌읍,경상사고,0,0,2,0,차대차 - 추돌 - 진행중,직진우회전진행방해,건조,맑음,교차로 - 교차로안,승용,여,21세,상해없음,승용,여,59세,경상
2015020300100341,2015년 2월 3일 15시,화요일,제주특별자치도 제주시 이도이동,경상사고,0,0,1,0,차대차 - 추돌 - 진행중,안전운전불이행,건조,맑음,교차로 - 교차로부근,승용,남,27세,상해없음,이륜,남,36세,경상
2015020300100342,2015년 2월 3일 15시,화요일,제주특별자치도 서귀포시 하원동,중상사고,0,1,0,0,차대차 - 측면직각충돌,안전거리미확보,건조,맑음,단일로 - 기타,이륜,여,74세,중상,승용,남,80세,상해없음
2015020300100494,2015년 2월 3일 20시,화요일,제주특별자치도 제주시 연동,경상사고,0,0,1,0,차대사람 - 보도통행중,안전운전불이행,건조,맑음,단일로 - 기타,승용,남,30세,상해없음,보행자,남,62세,경상
2015020300100495,2015년 2월 3일 20시,화요일,제주특별자치도 제주시 연동,경상사고,0,0,1,0,차대차 - 추돌 - 진행중,불법유턴,건조,맑음,교차로 - 교차로부근,승용,남,45세,상해없음,승용,여,45세,경상
2015020300100545,2015년 2월 3일 22시,화요일,제주특별자치도 서귀포시 성산읍,경상사고,0,0,1,0,차대사람 - 기타,신호위반,건조,맑음,교차로 - 교차로부근,승용,여,57세,상해없음,보행자,여,52세,경상
2015020400100030,2015년 2월 4일 02시,수요일,제주특별자치도 제주시 화북일동,경상사고,0,0,1,0,차대사람 - 기타,안전운전불이행,습기,흐림,단일로 - 기타,승용,남,18세,상해없음,보행자,남,33세,경상
2015020400100031,2015년 2월 4일 02시,수요일,제주특별자치도 제주시 삼도이동,경상사고,0,0,1,0,차대차 - 측면직각충돌,신호위반,건조,맑음,교차로 - 교차로안,승용,남,53세,상해없음,화물,여,52세,상해없음
2015020400100055,2015년 2월 4일 05시,수요일,제주특별자치도 서귀포시 남원읍,중상사고,0,1,0,0,차대사람 - 횡단중,안전운전불이행,건조,맑음,교차로 - 교차로안,승용,남,34세,상해없음,보행자,여,76세,중상
2015020400100076,2015년 2월 4일 06시,수요일,제주특별자치도 제주시 구좌읍,중상사고,0,1,0,0,차대사람 - 횡단중,안전운전불이행,건조,맑음,단일로 - 기타,승용,여,23세,상해없음,보행자,여,72세,중상
2015020400100103,2015년 2월 4일 07시,수요일,제주특별자치도 제주시 오라이동,경상사고,0,0,1,0,차대차 - 측면직각충돌,신호위반,기타,맑음,교차로 - 교차로안,승용,남,64세,상해없음,승합,남,38세,경상
2015020400100104,2015년 2월 4일 07시,수요일,제주특별자치도 제주시 노형동,경상사고,0,0,1,0,차대차 - 기타,차로위반,건조,맑음,단일로 - 기타,화물,남,36세,상해없음,승용,남,53세,경상
2015020400100248,2015년 2월 4일 12시,수요일,제주특별자치도 제주시 삼도일동,경상사고,0,0,1,0,차대사람 - 차도통행중,안전운전불이행,건조,맑음,단일로 - 기타,승용,남,73세,상해없음,보행자,여,25세,경상
2015020400100249,2015년 2월 4일 12시,수요일,제주특별자치도 제주시 연동,경상사고,0,0,1,0,차대사람 - 횡단중,보행자보호의무위반,건조,맑음,교차로 - 교차로안,승용,여,32세,상해없음,보행자,여,8세,경상
2015020400100334,2015년 2월 4일 15시,수요일,제주특별자치도 제주시 화북이동,경상사고,0,0,1,0,차대차 - 추돌 - 진행중,신호위반,건조,맑음,교차로 - 교차로부근,화물,남,42세,상해없음,승용,남,38세,경상
2015020400100366,2015년 2월 4일 16시,수요일,제주특별자치도 서귀포시 회수동,중상사고,0,2,0,0,차대차 - 추돌 - 진행중,안전거리미확보,건조,맑음,교차로 - 교차로안,승용,남,34세,상해없음,승용,남,28세,중상
2015020400100434,2015년 2월 4일 18시,수요일,제주특별자치도 제주시 노형동,경상사고,0,0,1,0,차대차 - 기타,신호위반,건조,맑음,교차로 - 교차로안,승용,여,53세,상해없음,원동기,남,18세,경상
2015020500100029,2015년 2월 5일 01시,목요일,제주특별자치도 제주시 노형동,경상사고,0,0,2,0,차대차 - 측면직각충돌,교차로운행방법위반,건조,맑음,교차로 - 교차로안,승용,남,31세,경상,승용,여,27세,경상
2015020500100133,2015년 2월 5일 08시,목요일,제주특별자치도 서귀포시 성산읍,중상사고,0,1,0,0,차대차 - 기타,안전운전불이행,결빙,눈,교차로 - 교차로안,화물,남,37세,상해없음,승용,여,40세,중상
2015020500100163,2015년 2월 5일 09시,목요일,제주특별자치도 제주시 아라일동,중상사고,0,1,0,0,차대차 - 추돌 - 진행중,중앙선침범,결빙,눈,단일로 - 기타,승용,남,52세,상해없음,화물,남,40세,중상
2015020500100190,2015년 2월 5일 10시,목요일,제주특별자치도 제주시 구좌읍,중상사고,0,2,7,0,차량단독 - 전도전복,안전운전불이행,적설,눈,단일로 - 기타,승합,남,45세,상해없음,,,,
2015020500100253,2015년 2월 5일 13시,목요일,제주특별자치도 제주시 한경면,경상사고,0,0,1,0,차대차 - 기타,직진우회전진행방해,건조,흐림,교차로 - 교차로안,화물,남,62세,상해없음,화물,남,50세,경상
2015020500100418,2015년 2월 5일 19시,목요일,제주특별자치도 제주시 조천읍,경상사고,0,0,1,0,차대차 - 추돌 - 진행중,직진우회전진행방해,건조,맑음,교차로 - 교차로안,기타불명,기타불명,기타불명,기타불명,화물,여,65세,경상
2015020500100516,2015년 2월 5일 22시,목요일,제주특별자치도 제주시 노형동,경상사고,0,0,1,1,차대차 - 기타,안전운전불이행,건조,맑음,교차로 - 교차로안,승용,남,21세,상해없음,승용,남,23세,경상
2015020600100028,2015년 2월 6일 01시,금요일,제주특별자치도 제주시 연동,경상사고,0,0,1,0,차대차 - 기타,안전운전불이행,건조,흐림,단일로 - 기타,승용,남,27세,경상,승용,남,39세,기타불명
2015020600100074,2015년 2월 6일 06시,금요일,제주특별자치도 제주시 도남동,중상사고,0,1,0,0,차대사람 - 횡단중,안전운전불이행,건조,맑음,단일로 - 횡단보도상,승용,남,43세,상해없음,보행자,남,50세,중상
2015020600100168,2015년 2월 6일 09시,금요일,제주특별자치도 제주시 용담일동,경상사고,0,0,1,0,차대차 - 기타,안전운전불이행,건조,맑음,단일로 - 기타,승용,여,51세,경상,승용,여,28세,상해없음
2015020600100328,2015년 2월 6일 15시,금요일,제주특별자치도 제주시 외도이동,중상사고,0,1,1,0,차대차 - 기타,안전거리미확보,건조,맑음,교차로 - 교차로안,화물,남,27세,상해없음,승용,여,41세,중상
2015020600100392,2015년 2월 6일 17시,금요일,제주특별자치도 서귀포시 대정읍,경상사고,0,0,4,0,차대차 - 기타,안전운전불이행,건조,맑음,교차로 - 교차로부근,승용,남,38세,상해없음,승용,남,42세,경상
2015020600100486,2015년 2월 6일 19시,금요일,제주특별자치도 서귀포시 성산읍,중상사고,0,2,0,0,차대차 - 정면충돌,중앙선침범,건조,맑음,단일로 - 기타,화물,여,48세,상해없음,이륜,남,17세,중상
2015020600100581,2015년 2월 6일 22시,금요일,제주특별자치도 서귀포시 서귀동,부상신고사고,0,0,0,1,차대차 - 기타,안전운전불이행,건조,맑음,단일로 - 기타,원동기,남,22세,부상신고,승용,여,46세,상해없음
2015020700100016,2015년 2월 7일 00시,토요일,제주특별자치도 서귀포시 표선면,부상신고사고,0,0,0,1,차량단독 - 기타,안전운전불이행,건조,맑음,단일로 - 기타,승용,남,54세,부상신고,,,,
2015020700100017,2015년 2월 7일 00시,토요일,제주특별자치도 제주시 연동,부상신고사고,0,0,0,1,차대사람 - 차도통행중,안전운전불이행,습기,눈,단일로 - 기타,승용,여,34세,상해없음,보행자,여,17세,부상신고
2015020700100140,2015년 2월 7일 09시,토요일,제주특별자치도 제주시 이도이동,부상신고사고,0,0,0,1,차대사람 - 기타,안전운전불이행,건조,흐림,단일로 - 기타,승합,남,43세,상해없음,보행자,여,19세,부상신고
2015020700100202,2015년 2월 7일 11시,토요일,제주특별자치도 제주시 애월읍,경상사고,0,0,2,0,차대차 - 측면직각충돌,안전거리미확보,건조,맑음,단일로 - 기타,승용,남,34세,상해없음,승합,여,43세,경상
2015020700100279,2015년 2월 7일 14시,토요일,제주특별자치도 제주시 이도이동,중상사고,0,1,0,0,차대차 - 기타,안전거리미확보,건조,맑음,교차로 - 교차로부근,승용,남,58세,상해없음,이륜,남,24세,중상
2015020700100280,2015년 2월 7일 14시,토요일,제주특별자치도 제주시 한림읍,중상사고,0,2,0,0,차대차 - 기타,신호위반,건조,맑음,교차로 - 교차로안,화물,남,63세,상해없음,화물,남,58세,중상
2015020700100329,2015년 2월 7일 16시,토요일,제주특별자치도 제주시 노형동,중상사고,0,1,0,0,차대차 - 기타,중앙선침범,건조,맑음,단일로 - 기타,승용,남,25세,상해없음,원동기,남,45세,중상
2015020700100354,2015년 2월 7일 17시,토요일,제주특별자치도 서귀포시 중문동,경상사고,0,0,1,0,차대차 - 추돌 - 주정차중,안전거리미확보,건조,흐림,교차로 - 교차로안,화물,남,59세,상해없음,승용,남,44세,상해없음
2015020700100385,2015년 2월 7일 18시,토요일,제주특별자치도 제주시 애월읍,중상사고,0,1,2,0,차대차 - 기타,안전운전불이행,건조,맑음,단일로 - 기타,승용,여,29세,상해없음,승용,남,55세,중상
2015020800100164,2015년 2월 8일 11시,일요일,제주특별자치도 제주시 용담삼동,경상사고,0,0,1,0,차대차 - 기타,안전운전불이행,건조,맑음,단일로 - 기타,화물,남,39세,상해없음,승용,남,42세,경상
2015020800100185,2015년 2월 8일 12시,일요일,제주특별자치도 제주시 일도일동,중상사고,0,1,0,0,차대사람 - 기타,안전운전불이행,건조,맑음,단일로 - 기타,승용,남,71세,상해없음,보행자,여,28세,중상
2015020800100208,2015년 2월 8일 13시,일요일,제주특별자치도 제주시 연동,중상사고,0,1,0,0,차대사람 - 횡단중,안전운전불이행,건조,맑음,단일로 - 기타,화물,남,37세,상해없음,보행자,남,34세,중상
2015020800100264,2015년 2월 8일 15시,일요일,제주특별자치도 서귀포시 표선면,중상사고,0,1,0,0,차량단독 - 전도전복,안전운전불이행,습기,흐림,단일로 - 기타,승용,남,51세,상해없음,,,,
2015020800100286,2015년 2월 8일 16시,일요일,제주특별자치도 서귀포시 안덕면,중상사고,0,1,0,0,차대차 - 기타,신호위반,건조,맑음,교차로 - 교차로안,화물,남,52세,상해없음,승용,남,27세,중상
2015020800100379,2015년 2월 8일 19시,일요일,제주특별자치도 제주시 화북일동,중상사고,0,1,0,0,차량단독 - 공작물충돌,안전운전불이행,건조,맑음,단일로 - 기타,승용,남,51세,중상,,,,
2015020800100409,2015년 2월 8일 20시,일요일,제주특별자치도 제주시 애월읍,경상사고,0,0,1,0,차대차 - 기타,안전거리미확보,결빙,눈,단일로 - 기타,승합,남,55세,기타불명,승용,남,35세,경상
2015020900100076,2015년 2월 9일 07시,월요일,제주특별자치도 제주시 아라일동,경상사고,0,0,2,0,차대차 - 추돌 - 진행중,안전운전불이행,적설,눈,교차로 - 교차로부근,승합,남,48세,상해없음,승합,남,53세,상해없음
2015020900100115,2015년 2월 9일 08시,월요일,제주특별자치도 제주시 이도이동,경상사고,0,0,1,0,차대차 - 추돌 - 진행중,안전운전불이행,기타,눈,단일로 - 기타,승용,남,58세,상해없음,승용,남,38세,경상
2015020900100116,2015년 2월 9일 08시,월요일,제주특별자치도 제주시 아라일동,경상사고,0,0,4,0,차대차 - 추돌 - 진행중,안전운전불이행,결빙,눈,단일로 - 기타,화물,남,50세,경상,승합,남,39세,경상
2015020900100117,2015년 2월 9일 08시,월요일,제주특별자치도 제주시 노형동,중상사고,0,1,0,0,차대차 - 기타,안전운전불이행,결빙,눈,단일로 - 기타,승용,남,59세,상해없음,화물,기타불명,기타불명,기타불명
2015020900100118,2015년 2월 9일 08시,월요일,제주특별자치도 제주시 한림읍,경상사고,0,0,1,1,차대차 - 정면충돌,중앙선침범,결빙,눈,단일로 - 기타,승용,남,62세,부상신고,승용,남,48세,경상
2015020900100148,2015년 2월 9일 09시,월요일,제주특별자치도 제주시 연동,경상사고,0,0,1,0,차대차 - 측면직각충돌,안전운전불이행,결빙,눈,교차로 - 교차로안,승용,남,41세,상해없음,승용,남,40세,경상
2015020900100149,2015년 2월 9일 09시,월요일,제주특별자치도 제주시 애월읍,경상사고,0,0,1,0,차대차 - 추돌 - 주정차중,안전운전불이행,적설,눈,교차로 - 교차로부근,승용,여,40세,상해없음,승용,여,28세,경상
2015020900100174,2015년 2월 9일 10시,월요일,제주특별자치도 제주시 한림읍,경상사고,0,0,1,1,차대차 - 기타,안전운전불이행,적설,눈,단일로 - 기타,승용,남,61세,경상,승용,남,24세,상해없음
2015020900100221,2015년 2월 9일 12시,월요일,제주특별자치도 제주시 삼도일동,경상사고,0,0,1,0,차대사람 - 횡단중,안전운전불이행,건조,맑음,기타 - 기타,승용,남,45세,상해없음,보행자,남,35세,경상
2015020900100222,2015년 2월 9일 12시,월요일,제주특별자치도 서귀포시 동홍동,경상사고,0,0,1,0,차대차 - 기타,안전운전불이행,건조,맑음,교차로 - 교차로부근,승용,남,56세,기타불명,승용,남,46세,경상
2015020900100252,2015년 2월 9일 13시,월요일,제주특별자치도 서귀포시 성산읍,중상사고,0,1,0,0,차대차 - 기타,안전운전불이행,건조,맑음,단일로 - 기타,승용,남,23세,상해없음,이륜,남,78세,중상
2015020900100284,2015년 2월 9일 14시,월요일,제주특별자치도 제주시 애월읍,중상사고,0,1,1,0,차대차 - 측면직각충돌,신호위반,건조,맑음,교차로 - 교차로안,승용,여,69세,중상,승용,남,37세,경상
2015020900100371,2015년 2월 9일 16시,월요일,제주특별자치도 제주시 조천읍,경상사고,0,0,1,0,차대차 - 추돌 - 진행중,중앙선침범,건조,맑음,교차로 - 교차로안,승용,남,54세,상해없음,승용,여,45세,경상
2015020900100372,2015년 2월 9일 16시,월요일,제주특별자치도 제주시 용담삼동,경상사고,0,0,2,0,차대차 - 추돌 - 진행중,안전운전불이행,건조,맑음,단일로 - 기타,승용,남,57세,상해없음,이륜,여,21세,경상
2015020900100427,2015년 2월 9일 17시,월요일,제주특별자치도 제주시 이도이동,중상사고,0,1,0,0,차대차 - 추돌 - 진행중,교차로운행방법위반,건조,맑음,교차로 - 교차로안,승용,여,46세,기타불명,화물,여,53세,중상
2015020900100487,2015년 2월 9일 18시,월요일,제주특별자치도 서귀포시 토평동,사망사고,1,1,0,0,차대사람 - 횡단중,보행자보호의무위반,건조,맑음,단일로 - 횡단보도상,화물,남,75세,상해없음,보행자,남,71세,중상
2015021000100202,2015년 2월 10일 11시,화요일,제주특별자치도 제주시 용담삼동,중상사고,0,1,0,2,차대차 - 기타,안전운전불이행,건조,맑음,교차로 - 교차로부근,승용,남,41세,부상신고,승용,남,58세,부상신고
2015021000100277,2015년 2월 10일 14시,화요일,제주특별자치도 서귀포시 성산읍,경상사고,0,0,3,0,차대차 - 기타,직진우회전진행방해,건조,맑음,교차로 - 교차로부근,승용,여,53세,경상,승용,남,50세,상해없음
2015021000100332,2015년 2월 10일 16시,화요일,제주특별자치도 제주시 우도면,경상사고,0,0,1,0,차대차 - 기타,안전운전불이행,기타,맑음,단일로 - 기타,승용,여,31세,상해없음,원동기,남,23세,경상
2015021000100333,2015년 2월 10일 16시,화요일,제주특별자치도 서귀포시 중문동,경상사고,0,0,3,0,차대차 - 기타,중앙선침범,건조,맑음,단일로 - 기타,승용,남,22세,상해없음,승용,남,40세,상해없음
2015021000100360,2015년 2월 10일 17시,화요일,제주특별자치도 제주시 일도이동,경상사고,0,0,1,0,차대사람 - 기타,안전운전불이행,건조,맑음,단일로 - 기타,승용,남,31세,상해없음,보행자,남,38세,경상
2015021000100438,2015년 2월 10일 19시,화요일,제주특별자치도 제주시 이도이동,경상사고,0,0,1,0,차대사람 - 기타,신호위반,습기,흐림,교차로 - 교차로부근,승용,여,42세,상해없음,보행자,여,33세,경상
2015021000100502,2015년 2월 10일 21시,화요일,제주특별자치도 제주시 애월읍,사망사고,1,0,0,0,차대사람 - 기타,안전운전불이행,건조,맑음,단일로 - 기타,승용,여,35세,상해없음,보행자,남,46세,사망
2015021000100544,2015년 2월 10일 22시,화요일,제주특별자치도 제주시 도남동,경상사고,0,0,2,0,차대사람 - 기타,안전운전불이행,건조,맑음,단일로 - 기타,승용,남,61세,상해없음,보행자,남,42세,경상
2015021000100545,2015년 2월 10일 22시,화요일,제주특별자치도 제주시 일도이동,중상사고,0,1,0,0,차대사람 - 기타,보행자보호의무위반,건조,기타,교차로 - 교차로안,승용,남,48세,상해없음,보행자,여,48세,중상