사고번호,사고일시,요일,시군구,사고내용,사망자수,중상자수,경상자수,부상신고자수,사고유형,법규위반,노면상태,기상상태,도로형태,가해운전자 차종,가해운전자 성별,가해운전자 연령,가해운전자 상해정도,피해운전자 차종,피해운전자 성별,피해운전자 연령,피해운전자 상해정도
2015021000100546,2015년 2월 10일 22시,화요일,제주특별자치도 서귀포시 남원읍,중상사고,0,1,0,0,차대사람 - 횡단중,보행자보호의무위반,건조,맑음,단일로 - 횡단보도상,승용,여,58세,상해없음,보행자,여,51세,중상
2015021100100146,2015년 2월 11일 08시,수요일,제주특별자치도 제주시 애월읍,경상사고,0,0,1,0,차대차 - 측면직각충돌,교차로운행방법위반,건조,맑음,교차로 - 교차로안,화물,남,31세,경상,승합,남,47세,상해없음
2015021100100171,2015년 2월 11일 09시,수요일,제주특별자치도 제주시 조천읍,중상사고,0,1,0,0,차대차 - 추돌 - 진행중,안전거리미확보,건조,맑음,교차로 - 교차로부근,건설기계,남,53세,상해없음,화물,남,53세,중상
2015021100100172,2015년 2월 11일 09시,수요일,제주특별자치도 제주시 오라일동,경상사고,0,0,3,0,차대차 - 추돌 - 진행중,직진우회전진행방해,건조,맑음,교차로 - 교차로안,승용,여,47세,경상,승용,여,40세,경상
2015021100100236,2015년 2월 11일 11시,수요일,제주특별자치도 제주시 이도일동,경상사고,0,0,1,0,차대사람 - 횡단중,보행자보호의무위반,건조,맑음,교차로 - 교차로안,승용,남,37세,상해없음,보행자,남,32세,경상
2015021100100264,2015년 2월 11일 12시,수요일,제주특별자치도 제주시 한림읍,경상사고,0,0,2,0,차대차 - 측면직각충돌,안전운전불이행,건조,맑음,단일로 - 교량,승용,여,29세,상해없음,승용,남,23세,경상
2015021100100291,2015년 2월 11일 13시,수요일,제주특별자치도 서귀포시 표선면,중상사고,0,1,0,0,차량단독 - 기타,안전운전불이행,건조,맑음,단일로 - 기타,화물,여,57세,상해없음,,,,
2015021100100319,2015년 2월 11일 14시,수요일,제주특별자치도 서귀포시 서귀동,중상사고,0,1,0,0,차대사람 - 기타,안전운전불이행,건조,맑음,단일로 - 기타,승용,여,42세,상해없음,보행자,여,54세,중상
2015021100100404,2015년 2월 11일 17시,수요일,제주특별자치도 제주시 조천읍,경상사고,0,0,1,0,차대차 - 측면직각충돌,안전운전불이행,건조,맑음,교차로 - 교차로안,승용,남,62세,상해없음,승용,여,49세,경상
2015021100100445,2015년 2월 11일 18시,수요일,제주특별자치도 제주시 일도이동,경상사고,0,0,2,0,차대차 - 기타,교차로운행방법위반,기타,맑음,교차로 - 교차로안,화물,남,66세,상해없음,승합,남,52세,경상
2015021100100488,2015년 2월 11일 19시,수요일,제주특별자치도 서귀포시 동홍동,경상사고,0,0,1,1,차대차 - 기타,교차로운행방법위반,건조,맑음,교차로 - 교차로안,승용,여,44세,부상신고,승용,남,30세,경상
2015021200100069,2015년 2월 12일 06시,목요일,제주특별자치도 제주시 화북일동,경상사고,0,0,1,0,차대차 - 추돌 - 진행중,안전운전불이행,건조,맑음,단일로 - 횡단보도부근,승합,남,49세,상해없음,승용,남,56세,경상
2015021200100085,2015년 2월 12일 07시,목요일,제주특별자치도 서귀포시 토평동,중상사고,0,2,0,0,차대차 - 측면직각충돌,안전운전불이행,건조,맑음,단일로 - 기타,화물,남,63세,상해없음,승용,여,55세,중상
2015021200100151,2015년 2월 12일 09시,목요일,제주특별자치도 제주시 노형동,경상사고,0,0,1,0,차대차 - 추돌 - 진행중,안전운전불이행,건조,맑음,단일로 - 기타,승용,남,48세,상해없음,승용,남,35세,상해없음
2015021200100188,2015년 2월 12일 10시,목요일,제주특별자치도 서귀포시 도순동,중상사고,0,1,0,0,차대차 - 추돌 - 진행중,안전거리미확보,건조,맑음,교차로 - 교차로부근,건설기계,남,51세,상해없음,승용,여,52세,중상
2015021200100252,2015년 2월 12일 12시,목요일,제주특별자치도 제주시 조천읍,경상사고,0,0,2,0,차대차 - 추돌 - 진행중,교차로운행방법위반,건조,맑음,교차로 - 교차로안,승용,여,44세,상해없음,원동기,남,19세,경상
2015021200100279,2015년 2월 12일 13시,목요일,제주특별자치도 제주시 애월읍,중상사고,0,2,4,0,차대차 - 기타,중앙선침범,건조,맑음,교차로 - 교차로부근,승용,남,19세,경상,승용,여,52세,경상
2015021200100347,2015년 2월 12일 15시,목요일,제주특별자치도 제주시 구좌읍,부상신고사고,0,0,0,1,차량단독 - 공작물충돌,안전운전불이행,건조,맑음,단일로 - 기타,승용,여,32세,부상신고,,,,
2015021200100348,2015년 2월 12일 15시,목요일,제주특별자치도 서귀포시 대정읍,중상사고,0,2,0,0,차대차 - 추돌 - 진행중,안전운전불이행,건조,맑음,단일로 - 기타,이륜,남,21세,상해없음,이륜,남,20세,중상
2015021200100390,2015년 2월 12일 16시,목요일,제주특별자치도 제주시 우도면,경상사고,0,0,1,0,차량단독 - 공작물충돌,안전운전불이행,건조,맑음,교차로 - 교차로부근,원동기,여,21세,경상,,,,
2015021200100413,2015년 2월 12일 17시,목요일,제주특별자치도 제주시 삼도일동,경상사고,0,0,1,0,차대차 - 추돌 - 진행중,안전운전불이행,건조,흐림,단일로 - 기타,승용,남,52세,상해없음,승용,여,53세,경상
2015021200100453,2015년 2월 12일 18시,목요일,제주특별자치도 제주시 도두일동,중상사고,0,1,0,0,차대사람 - 기타,안전운전불이행,건조,맑음,단일로 - 기타,기타불명,기타불명,기타불명,기타불명,보행자,여,79세,중상
2015021200100603,2015년 2월 12일 23시,목요일,제주특별자치도 제주시 이도이동,경상사고,0,0,1,0,차대차 - 추돌 - 진행중,안전운전불이행,건조,맑음,단일로 - 기타,승용,남,53세,상해없음,승용,남,39세,경상
2015021300100023,2015년 2월 13일 01시,금요일,제주특별자치도 제주시 애월읍,중상사고,0,1,1,0,차대차 - 기타,안전운전불이행,건조,맑음,단일로 - 기타,승용,남,36세,중상,승용,남,58세,상해없음
2015021300100174,2015년 2월 13일 09시,금요일,제주특별자치도 제주시 노형동,경상사고,0,0,1,0,차대사람 - 차도통행중,교차로운행방법위반,건조,맑음,교차로 - 교차로안,승용,여,46세,상해없음,보행자,여,45세,경상
2015021300100209,2015년 2월 13일 10시,금요일,제주특별자치도 제주시 일도일동,경상사고,0,0,1,0,차대사람 - 기타,보행자보호의무위반,건조,맑음,단일로 - 횡단보도상,승용,남,66세,상해없음,보행자,여,58세,경상
2015021300100349,2015년 2월 13일 14시,금요일,제주특별자치도 서귀포시 도순동,경상사고,0,0,1,0,차대차 - 추돌 - 주정차중,안전거리미확보,건조,맑음,교차로 - 교차로부근,승용,여,58세,상해없음,승합,남,36세,상해없음
2015021300100350,2015년 2월 13일 14시,금요일,제주특별자치도 서귀포시 표선면,경상사고,0,0,1,0,차대차 - 기타,신호위반,건조,맑음,교차로 - 교차로안,승용,남,27세,상해없음,승합,남,56세,경상
2015021300100379,2015년 2월 13일 15시,금요일,제주특별자치도 제주시 도남동,경상사고,0,0,1,0,차대차 - 기타,안전운전불이행,건조,맑음,교차로 - 교차로부근,화물,남,57세,상해없음,승용,남,32세,경상
2015021300100408,2015년 2월 13일 16시,금요일,제주특별자치도 제주시 삼도일동,중상사고,0,1,0,0,차대사람 - 기타,안전운전불이행,건조,맑음,단일로 - 기타,승용,여,50세,상해없음,보행자,여,66세,중상
2015021300100409,2015년 2월 13일 16시,금요일,제주특별자치도 제주시 화북일동,경상사고,0,0,2,0,차대차 - 추돌 - 진행중,안전운전불이행,건조,기타,교차로 - 교차로안,화물,남,49세,경상,화물,남,24세,경상
2015021300100410,2015년 2월 13일 16시,금요일,제주특별자치도 서귀포시 대정읍,중상사고,0,1,0,1,차대차 - 측면직각충돌,신호위반,건조,맑음,교차로 - 교차로안,화물,남,37세,부상신고,화물,남,50세,중상
2015021300100534,2015년 2월 13일 19시,금요일,제주특별자치도 제주시 애월읍,중상사고,0,1,0,0,차대차 - 측면직각충돌,안전거리미확보,건조,맑음,단일로 - 기타,화물,남,47세,상해없음,승용,남,31세,중상
2015021300100578,2015년 2월 13일 20시,금요일,제주특별자치도 제주시 노형동,중상사고,0,1,0,0,차대차 - 측면직각충돌,안전운전불이행,건조,맑음,단일로 - 기타,승용,남,36세,상해없음,원동기,남,19세,중상
2015021300100579,2015년 2월 13일 20시,금요일,제주특별자치도 제주시 노형동,경상사고,0,0,1,0,차대차 - 추돌 - 주정차중,안전운전불이행,건조,맑음,단일로 - 기타,승용,남,26세,상해없음,승용,남,55세,경상
2015021300100606,2015년 2월 13일 21시,금요일,제주특별자치도 제주시 노형동,중상사고,0,1,0,0,차대사람 - 횡단중,보행자보호의무위반,건조,맑음,교차로 - 교차로안,승용,남,61세,상해없음,보행자,여,16세,중상
2015021300100640,2015년 2월 13일 22시,금요일,제주특별자치도 제주시 이호일동,중상사고,0,1,0,0,차대사람 - 기타,안전운전불이행,건조,흐림,단일로 - 기타,승용,여,55세,상해없음,보행자,남,40세,중상
2015021400100114,2015년 2월 14일 05시,토요일,제주특별자치도 제주시 한림읍,중상사고,0,1,1,0,차대차 - 측면직각충돌,신호위반,건조,맑음,교차로 - 교차로안,승용,여,32세,상해없음,승용,남,50세,중상
2015021400100191,2015년 2월 14일 09시,토요일,제주특별자치도 제주시 조천읍,경상사고,0,0,1,0,차량단독 - 기타,안전운전불이행,건조,맑음,단일로 - 기타,이륜,남,44세,경상,,,,
2015021400100192,2015년 2월 14일 09시,토요일,제주특별자치도 서귀포시 토평동,중상사고,0,1,4,1,차대차 - 기타,교차로운행방법위반,건조,맑음,교차로 - 교차로부근,승용,여,41세,기타불명,승용,남,43세,경상
2015021400100244,2015년 2월 14일 11시,토요일,제주특별자치도 제주시 한림읍,중상사고,0,1,0,0,차대사람 - 횡단중,안전운전불이행,건조,맑음,교차로 - 교차로부근,화물,남,23세,상해없음,보행자,남,7세,중상
2015021400100273,2015년 2월 14일 12시,토요일,제주특별자치도 제주시 도남동,경상사고,0,0,2,0,차대차 - 기타,안전운전불이행,건조,맑음,단일로 - 기타,승용,여,28세,상해없음,농기계,남,77세,경상
2015021400100312,2015년 2월 14일 13시,토요일,제주특별자치도 제주시 오라삼동,부상신고사고,0,0,0,1,차대차 - 추돌 - 주정차중,안전운전불이행,건조,맑음,단일로 - 기타,승용,남,44세,상해없음,승용,남,44세,부상신고
2015021400100313,2015년 2월 14일 13시,토요일,제주특별자치도 제주시 도두일동,경상사고,0,0,1,0,차대차 - 추돌 - 진행중,교차로운행방법위반,건조,맑음,교차로 - 교차로안,화물,남,31세,상해없음,승용,여,45세,경상
2015021400100365,2015년 2월 14일 15시,토요일,제주특별자치도 제주시 봉개동,경상사고,0,0,3,0,차대차 - 추돌 - 주정차중,안전운전불이행,건조,맑음,단일로 - 기타,화물,남,27세,상해없음,승용,남,71세,경상
2015021400100396,2015년 2월 14일 16시,토요일,제주특별자치도 서귀포시 하효동,경상사고,0,0,1,0,차대차 - 기타,신호위반,건조,맑음,교차로 - 교차로안,승용,남,66세,상해없음,이륜,남,73세,경상
2015021400100397,2015년 2월 14일 16시,토요일,제주특별자치도 제주시 노형동,경상사고,0,0,1,0,차대차 - 측면직각충돌,안전운전불이행,건조,맑음,단일로 - 기타,자전거,남,17세,경상,승용,남,27세,상해없음
2015021500100012,2015년 2월 15일 00시,일요일,제주특별자치도 서귀포시 동홍동,중상사고,0,1,0,0,차대사람 - 기타,중앙선침범,건조,맑음,단일로 - 기타,승용,여,45세,상해없음,보행자,여,54세,중상
2015021500100027,2015년 2월 15일 01시,일요일,제주특별자치도 제주시 화북이동,중상사고,0,1,1,0,차대차 - 기타,중앙선침범,건조,맑음,단일로 - 기타,화물,남,23세,상해없음,화물,남,37세,중상
2015021500100071,2015년 2월 15일 04시,일요일,제주특별자치도 제주시 도련일동,중상사고,0,1,0,0,차량단독 - 공작물충돌,안전운전불이행,건조,맑음,단일로 - 기타,화물,남,31세,중상,,,,
2015021500100113,2015년 2월 15일 07시,일요일,제주특별자치도 제주시 오라일동,경상사고,0,0,1,0,차대차 - 측면직각충돌,신호위반,건조,맑음,교차로 - 교차로안,승용,남,50세,상해없음,승용,남,30세,경상
2015021500100144,2015년 2월 15일 09시,일요일,제주특별자치도 제주시 연동,중상사고,0,2,0,0,차대차 - 기타,안전운전불이행,건조,맑음,교차로 - 교차로안,승용,남,31세,중상,승용,남,34세,중상
2015021500100235,2015년 2월 15일 14시,일요일,제주특별자치도 제주시 일도이동,중상사고,0,1,0,0,차대사람 - 기타,안전운전불이행,습기,비,교차로 - 교차로안,승용,여,50세,상해없음,보행자,여,67세,중상
2015021500100345,2015년 2월 15일 18시,일요일,제주특별자치도 서귀포시 남원읍,중상사고,0,2,0,0,차량단독 - 기타,안전운전불이행,습기,비,단일로 - 기타,화물,남,53세,중상,,,,
2015021500100377,2015년 2월 15일 19시,일요일,제주특별자치도 제주시 용담일동,경상사고,0,0,1,0,차대차 - 기타,안전운전불이행,습기,비,교차로 - 교차로안,원동기,남,21세,경상,승용,여,50세,상해없음
2015021500100406,2015년 2월 15일 20시,일요일,제주특별자치도 제주시 용담일동,중상사고,0,1,0,0,차대사람 - 횡단중,안전운전불이행,습기,비,교차로 - 교차로부근,승합,남,65세,상해없음,보행자,남,44세,중상
2015021500100437,2015년 2월 15일 21시,일요일,제주특별자치도 제주시 용담일동,경상사고,0,0,1,0,차대사람 - 횡단중,안전운전불이행,습기,비,단일로 - 기타,원동기,남,22세,상해없음,보행자,남,42세,경상
2015021600100031,2015년 2월 16일 01시,월요일,제주특별자치도 서귀포시 서귀동,중상사고,0,1,0,0,차대사람 - 횡단중,안전운전불이행,습기,비,단일로 - 기타,화물,남,35세,상해없음,보행자,여,56세,중상
2015021600100032,2015년 2월 16일 01시,월요일,제주특별자치도 제주시 연동,경상사고,0,0,1,0,차대차 - 기타,신호위반,습기,비,교차로 - 교차로안,승용,남,22세,상해없음,승용,남,45세,상해없음
2015021600100096,2015년 2월 16일 06시,월요일,제주특별자치도 서귀포시 안덕면,중상사고,0,2,0,0,차량단독 - 기타,기타,건조,맑음,단일로 - 교량,화물,여,71세,상해없음,,,,
2015021600100121,2015년 2월 16일 07시,월요일,제주특별자치도 제주시 조천읍,경상사고,0,0,1,0,차대차 - 추돌 - 진행중,안전운전불이행,습기,비,단일로 - 기타,승용,남,30세,상해없음,승용,여,39세,경상
2015021600100253,2015년 2월 16일 11시,월요일,제주특별자치도 서귀포시 남원읍,중상사고,0,1,0,0,차량단독 - 기타,안전운전불이행,건조,맑음,교차로 - 교차로부근,승합,남,56세,상해없음,,,,
2015021600100254,2015년 2월 16일 11시,월요일,제주특별자치도 제주시 애월읍,경상사고,0,0,1,1,차대차 - 기타,안전운전불이행,건조,맑음,단일로 - 기타,승용,남,29세,상해없음,승용,남,35세,경상
2015021600100308,2015년 2월 16일 13시,월요일,제주특별자치도 서귀포시 도순동,경상사고,0,0,1,0,차대차 - 기타,안전운전불이행,건조,맑음,단일로 - 기타,이륜,남,42세,경상,승용,남,31세,상해없음
2015021600100399,2015년 2월 16일 16시,월요일,제주특별자치도 서귀포시 동홍동,중상사고,0,1,0,0,차대차 - 기타,중앙선침범,건조,맑음,단일로 - 기타,화물,남,53세,상해없음,원동기,여,69세,중상
2015021600100434,2015년 2월 16일 17시,월요일,제주특별자치도 서귀포시 서귀동,경상사고,0,0,2,0,차대차 - 기타,안전운전불이행,건조,맑음,단일로 - 기타,승용,남,40세,상해없음,승용,남,38세,경상
2015021600100488,2015년 2월 16일 18시,월요일,제주특별자치도 제주시 노형동,경상사고,0,0,1,0,차대차 - 기타,안전운전불이행,건조,맑음,단일로 - 기타,승용,남,40세,상해없음,승용,남,38세,경상
2015021600100585,2015년 2월 16일 20시,월요일,제주특별자치도 서귀포시 성산읍,중상사고,0,2,0,0,차대차 - 추돌 - 진행중,직진우회전진행방해,건조,맑음,교차로 - 교차로안,승용,남,46세,상해없음,승용,여,51세,중상
2015021600100586,2015년 2월 16일 20시,월요일,제주특별자치도 제주시 용담이동,중상사고,0,1,2,0,차대차 - 측면직각충돌,안전거리미확보,건조,맑음,단일로 - 기타,승용,남,48세,상해없음,승용,남,42세,중상
2015021600100587,2015년 2월 16일 20시,월요일,제주특별자치도 제주시 연동,경상사고,0,0,1,0,차대차 - 측면직각충돌,교차로운행방법위반,건조,맑음,교차로 - 교차로안,승용,남,61세,상해없음,승용,남,37세,경상
2015021600100626,2015년 2월 16일 21시,월요일,제주특별자치도 제주시 일도이동,경상사고,0,0,1,0,차대사람 - 기타,안전운전불이행,건조,흐림,단일로 - 기타,승용,여,39세,상해없음,보행자,남,57세,경상
2015021600100661,2015년 2월 16일 22시,월요일,제주특별자치도 제주시 용담이동,중상사고,0,1,0,0,차대사람 - 횡단중,안전운전불이행,건조,맑음,단일로 - 횡단보도상,승용,남,32세,상해없음,보행자,남,29세,중상
2015021700100058,2015년 2월 17일 02시,화요일,제주특별자치도 서귀포시 서귀동,경상사고,0,0,2,0,차대사람 - 기타,보행자보호의무위반,건조,맑음,교차로 - 교차로부근,승용,남,24세,상해없음,보행자,남,44세,경상
2015021700100090,2015년 2월 17일 05시,화요일,제주특별자치도 제주시 이도이동,중상사고,0,1,0,0,차대사람 - 기타,안전운전불이행,기타,맑음,단일로 - 횡단보도상,승용,남,53세,상해없음,보행자,남,33세,중상
2015021700100179,2015년 2월 17일 09시,화요일,제주특별자치도 제주시 이도이동,경상사고,0,0,1,0,차대차 - 추돌 - 진행중,안전운전불이행,건조,맑음,교차로 - 교차로부근,승용,남,23세,상해없음,승용,여,49세,경상
2015021700100217,2015년 2월 17일 10시,화요일,제주특별자치도 제주시 도평동,중상사고,0,3,2,0,차대차 - 기타,안전운전불이행,건조,맑음,단일로 - 기타,승용,남,68세,상해없음,승용,남,53세,경상
2015021700100292,2015년 2월 17일 12시,화요일,제주특별자치도 서귀포시 동홍동,경상사고,0,0,1,0,차대차 - 측면직각충돌,안전운전불이행,건조,맑음,교차로 - 교차로부근,승용,여,72세,상해없음,이륜,남,77세,경상
2015021700100293,2015년 2월 17일 12시,화요일,제주특별자치도 제주시 노형동,경상사고,0,0,3,0,차대차 - 추돌 - 진행중,안전거리미확보,건조,맑음,단일로 - 기타,승용,남,48세,상해없음,승용,여,42세,경상
2015021700100363,2015년 2월 17일 14시,화요일,제주특별자치도 제주시 삼도이동,경상사고,0,0,1,0,차대차 - 추돌 - 진행중,안전거리미확보,건조,맑음,교차로 - 교차로부근,승용,남,58세,상해없음,승용,남,65세,경상
2015021700100364,2015년 2월 17일 14시,화요일,제주특별자치도 제주시 오라일동,경상사고,0,0,1,0,차대차 - 추돌 - 진행중,안전운전불이행,건조,맑음,교차로 - 교차로부근,화물,남,22세,경상,승용,남,56세,상해없음
2015021700100403,2015년 2월 17일 15시,화요일,제주특별자치도 서귀포시 성산읍,경상사고,0,0,2,0,차대차 - 측면직각충돌,안전거리미확보,건조,맑음,교차로 - 교차로안,승용,남,25세,상해없음,승용,남,41세,경상
2015021700100434,2015년 2월 17일 16시,화요일,제주특별자치도 서귀포시 강정동,경상사고,0,0,2,0,차대차 - 추돌 - 주정차중,안전거리미확보,건조,맑음,단일로 - 기타,승용,남,64세,상해없음,승용,남,58세,경상
2015021700100462,2015년 2월 17일 17시,화요일,제주특별자치도 제주시 도평동,사망사고,2,4,7,0,차대차 - 기타,과속,건조,맑음,교차로 - 교차로안,승합,여,38세,경상,승용,남,32세,중상
2015021700100622,2015년 2월 17일 21시,화요일,제주특별자치도 제주시 일도이동,경상사고,0,0,1,0,차대차 - 추돌 - 진행중,안전운전불이행,기타,맑음,교차로 - 교차로안,승용,여,48세,상해없음,원동기,남,34세,경상
2015021700100672,2015년 2월 17일 23시,화요일,제주특별자치도 제주시 연동,경상사고,0,0,1,0,차대사람 - 길가장자리구역통행중,안전운전불이행,건조,맑음,단일로 - 기타,승용,여,34세,상해없음,보행자,여,34세,경상
2015021800100048,2015년 2월 18일 02시,수요일,제주특별자치도 제주시 한경면,중상사고,0,1,0,0,차대차 - 기타,안전운전불이행,건조,흐림,단일로 - 기타,승용,남,23세,중상,승용,남,36세,상해없음
2015021800100080,2015년 2월 18일 05시,수요일,제주특별자치도 제주시 일도이동,중상사고,0,1,0,0,차대사람 - 기타,안전운전불이행,건조,맑음,단일로 - 기타,승용,남,46세,상해없음,보행자,남,27세,중상
2015021800100090,2015년 2월 18일 06시,수요일,제주특별자치도 제주시 내도동,경상사고,0,0,1,0,차대차 - 기타,안전운전불이행,건조,맑음,단일로 - 기타,승합,남,25세,기타불명,화물,남,37세,경상
2015021800100224,2015년 2월 18일 14시,수요일,제주특별자치도 서귀포시 서귀동,중상사고,0,1,0,0,차대차 - 기타,안전운전불이행,건조,맑음,교차로 - 교차로안,승용,남,32세,상해없음,원동기,남,42세,중상
2015021800100387,2015년 2월 18일 23시,수요일,제주특별자치도 제주시 화북이동,중상사고,0,1,0,0,차대차 - 추돌 - 주정차중,안전운전불이행,건조,맑음,교차로 - 교차로부근,승용,여,45세,상해없음,승용,여,25세,중상
2015021900100018,2015년 2월 19일 00시,목요일,제주특별자치도 제주시 화북이동,경상사고,0,0,1,0,차대차 - 추돌 - 주정차중,안전운전불이행,건조,맑음,교차로 - 교차로부근,승용,남,32세,상해없음,승용,남,30세,경상
2015021900100116,2015년 2월 19일 11시,목요일,제주특별자치도 서귀포시 남원읍,중상사고,0,1,0,6,차대차 - 기타,안전운전불이행,건조,맑음,단일로 - 기타,승용,남,40세,부상신고,승합,남,32세,부상신고
2015021900100133,2015년 2월 19일 12시,목요일,제주특별자치도 제주시 아라일동,경상사고,0,0,3,0,차대차 - 추돌 - 진행중,안전거리미확보,건조,맑음,단일로 - 기타,승용,여,57세,상해없음,승용,남,42세,경상
2015021900100181,2015년 2월 19일 14시,목요일,제주특별자치도 제주시 조천읍,경상사고,0,0,1,0,차대차 - 추돌 - 진행중,교차로운행방법위반,기타,맑음,교차로 - 교차로안,승용,남,42세,경상,승용,남,65세,상해없음
2015021900100182,2015년 2월 19일 14시,목요일,제주특별자치도 제주시 한림읍,경상사고,0,0,2,0,차대차 - 기타,안전거리미확보,건조,맑음,교차로 - 교차로부근,화물,남,18세,상해없음,승용,여,26세,상해없음
2015021900100205,2015년 2월 19일 15시,목요일,제주특별자치도 제주시 한경면,경상사고,0,0,1,3,차대차 - 정면충돌,중앙선침범,건조,맑음,단일로 - 기타,승용,남,52세,부상신고,승용,남,35세,경상
2015021900100206,2015년 2월 19일 15시,목요일,제주특별자치도 제주시 도평동,부상신고사고,0,0,0,1,차대차 - 추돌 - 주정차중,안전운전불이행,건조,맑음,교차로 - 교차로부근,승용,여,55세,상해없음,승용,여,35세,상해없음
2015021900100229,2015년 2월 19일 16시,목요일,제주특별자치도 서귀포시 남원읍,경상사고,0,0,1,0,차대차 - 추돌 - 주정차중,안전운전불이행,건조,맑음,기타 - 기타,승용,여,50세,상해없음,화물,남,74세,상해없음
2015021900100242,2015년 2월 19일 17시,목요일,제주특별자치도 제주시 삼양일동,경상사고,0,0,2,0,차대차 - 기타,교차로운행방법위반,건조,맑음,교차로 - 교차로안,승용,여,44세,상해없음,승용,여,25세,경상
2015021900100243,2015년 2월 19일 17시,목요일,제주특별자치도 서귀포시 안덕면,중상사고,0,1,3,0,차대차 - 측면직각충돌,직진우회전진행방해,건조,맑음,교차로 - 교차로안,승용,남,50세,상해없음,승용,남,60세,경상
2015022000100087,2015년 2월 20일 10시,금요일,제주특별자치도 서귀포시 대정읍,경상사고,0,0,1,0,차대사람 - 횡단중,안전운전불이행,건조,맑음,단일로 - 횡단보도부근,승용,남,47세,상해없음,보행자,남,11세,경상
2015022000100088,2015년 2월 20일 10시,금요일,제주특별자치도 제주시 한경면,중상사고,0,1,0,0,차대차 - 측면직각충돌,교차로운행방법위반,건조,맑음,교차로 - 교차로안,승합,여,52세,중상,승용,남,45세,상해없음
2015022000100102,2015년 2월 20일 11시,금요일,제주특별자치도 제주시 연동,경상사고,0,0,5,0,차대차 - 기타,안전운전불이행,건조,맑음,단일로 - 기타,승용,남,60세,상해없음,승용,남,38세,경상
2015022000100138,2015년 2월 20일 13시,금요일,제주특별자치도 제주시 이도이동,중상사고,0,1,1,0,차대차 - 기타,교차로운행방법위반,건조,맑음,교차로 - 교차로안,승용,남,38세,상해없음,승용,여,49세,경상
2015022000100162,2015년 2월 20일 14시,금요일,제주특별자치도 제주시 우도면,중상사고,0,2,0,0,차대사람 - 기타,안전운전불이행,건조,맑음,단일로 - 기타,이륜,남,32세,상해없음,보행자,여,43세,중상
2015022000100233,2015년 2월 20일 17시,금요일,제주특별자치도 제주시 용담이동,경상사고,0,0,1,0,차대차 - 측면직각충돌,안전운전불이행,건조,맑음,단일로 - 기타,승용,여,27세,상해없음,승용,여,43세,경상
2015022000100258,2015년 2월 20일 18시,금요일,제주특별자치도 서귀포시 남원읍,사망사고,1,0,0,0,차대사람 - 횡단중,안전운전불이행,건조,맑음,교차로 - 교차로안,승용,여,53세,상해없음,보행자,여,86세,사망
2015022000100279,2015년 2월 20일 19시,금요일,제주특별자치도 제주시 외도일동,중상사고,0,1,0,0,차대사람 - 기타,보행자보호의무위반,건조,맑음,단일로 - 횡단보도상,승용,여,43세,상해없음,보행자,남,35세,중상
2015022000100312,2015년 2월 20일 21시,금요일,제주특별자치도 제주시 이도일동,중상사고,0,1,0,0,차대사람 - 기타,안전운전불이행,건조,흐림,기타 - 기타,승용,남,58세,상해없음,보행자,남,67세,중상
2015022000100333,2015년 2월 20일 22시,금요일,제주특별자치도 서귀포시 강정동,경상사고,0,0,6,0,차대차 - 추돌 - 주정차중,안전운전불이행,건조,맑음,단일로 - 기타,승용,남,25세,상해없음,승용,남,41세,경상
2015022100100015,2015년 2월 21일 00시,토요일,제주특별자치도 제주시 이도이동,중상사고,0,1,0,0,차대사람 - 횡단중,안전운전불이행,건조,맑음,교차로 - 교차로부근,승용,남,43세,상해없음,보행자,남,36세,중상
2015022100100072,2015년 2월 21일 06시,토요일,제주특별자치도 제주시 일도일동,경상사고,0,0,4,0,차대차 - 추돌 - 진행중,안전운전불이행,습기,비,단일로 - 횡단보도부근,승용,남,35세,상해없음,승용,남,44세,경상
2015022100100073,2015년 2월 21일 06시,토요일,제주특별자치도 제주시 용담일동,경상사고,0,0,1,0,차대사람 - 횡단중,안전운전불이행,건조,맑음,단일로 - 기타,승용,남,28세,상해없음,보행자,남,55세,경상
2015022100100083,2015년 2월 21일 07시,토요일,제주특별자치도 제주시 이도이동,경상사고,0,0,2,0,차대차 - 추돌 - 진행중,교차로운행방법위반,건조,맑음,교차로 - 교차로안,승용,남,59세,상해없음,승용,남,22세,경상
2015022100100099,2015년 2월 21일 09시,토요일,제주특별자치도 제주시 화북이동,중상사고,0,1,0,0,차량단독 - 기타,안전운전불이행,습기,흐림,단일로 - 기타,승합,남,69세,상해없음,,,,
2015022100100228,2015년 2월 21일 15시,토요일,제주특별자치도 서귀포시 상예동,사망사고,1,5,0,1,차대차 - 정면충돌,중앙선침범,습기,비,단일로 - 기타,승용,남,22세,중상,승용,남,45세,사망
2015022100100338,2015년 2월 21일 19시,토요일,제주특별자치도 제주시 아라일동,사망사고,1,0,0,0,차대사람 - 횡단중,안전운전불이행,습기,비,단일로 - 기타,승용,남,62세,상해없음,보행자,여,65세,사망
2015022100100474,2015년 2월 21일 23시,토요일,제주특별자치도 제주시 노형동,경상사고,0,0,1,0,차대사람 - 보도통행중,안전운전불이행,건조,맑음,단일로 - 기타,승용,남,23세,상해없음,보행자,남,31세,경상