사고번호,사고일시,요일,시군구,사고내용,사망자수,중상자수,경상자수,부상신고자수,사고유형,법규위반,노면상태,기상상태,도로형태,가해운전자 차종,가해운전자 성별,가해운전자 연령,가해운전자 상해정도,피해운전자 차종,피해운전자 성별,피해운전자 연령,피해운전자 상해정도
2015022200100061,2015년 2월 22일 02시,일요일,제주특별자치도 제주시 연동,경상사고,0,0,1,0,차대차 - 측면직각충돌,안전거리미확보,건조,맑음,단일로 - 기타,승용,남,42세,상해없음,승합,여,36세,상해없음
2015022200100090,2015년 2월 22일 05시,일요일,제주특별자치도 제주시 용담이동,중상사고,0,1,0,0,차대차 - 추돌 - 주정차중,안전운전불이행,건조,맑음,단일로 - 기타,승용,여,31세,중상,승용,남,44세,기타불명
2015022200100120,2015년 2월 22일 08시,일요일,제주특별자치도 제주시 조천읍,부상신고사고,0,0,0,1,차대차 - 기타,안전운전불이행,습기,안개,교차로 - 교차로안,승용,남,57세,부상신고,승합,남,44세,상해없음
2015022200100174,2015년 2월 22일 12시,일요일,제주특별자치도 제주시 우도면,경상사고,0,0,2,0,차량단독 - 공작물충돌,안전운전불이행,건조,맑음,단일로 - 기타,이륜,여,19세,상해없음,,,,
2015022200100175,2015년 2월 22일 12시,일요일,제주특별자치도 제주시 한경면,중상사고,0,1,0,0,차대차 - 기타,직진우회전진행방해,건조,맑음,교차로 - 교차로안,화물,남,42세,상해없음,이륜,여,71세,중상
2015022200100191,2015년 2월 22일 13시,일요일,제주특별자치도 제주시 용담이동,경상사고,0,0,2,0,차대차 - 기타,안전거리미확보,건조,흐림,단일로 - 기타,승용,여,57세,상해없음,승용,여,42세,경상
2015022200100208,2015년 2월 22일 14시,일요일,제주특별자치도 제주시 우도면,경상사고,0,0,1,0,차대차 - 추돌 - 진행중,안전운전불이행,건조,맑음,단일로 - 기타,승합,여,48세,상해없음,자전거,남,31세,경상
2015022200100250,2015년 2월 22일 16시,일요일,제주특별자치도 제주시 애월읍,경상사고,0,0,1,0,차량단독 - 공작물충돌,안전운전불이행,건조,맑음,단일로 - 기타,원동기,여,19세,상해없음,,,,
2015022200100376,2015년 2월 22일 22시,일요일,제주특별자치도 제주시 삼도이동,경상사고,0,0,1,0,차대사람 - 기타,안전운전불이행,건조,맑음,단일로 - 기타,승용,남,62세,상해없음,보행자,남,44세,경상
2015022300100022,2015년 2월 23일 01시,월요일,제주특별자치도 제주시 연동,경상사고,0,0,3,0,차대차 - 추돌 - 진행중,안전거리미확보,건조,맑음,단일로 - 기타,승용,남,60세,상해없음,승용,남,50세,경상
2015022300100180,2015년 2월 23일 12시,월요일,제주특별자치도 서귀포시 남원읍,부상신고사고,0,0,0,1,차량단독 - 기타,안전운전불이행,건조,맑음,교차로 - 교차로안,이륜,남,44세,부상신고,,,,
2015022300100217,2015년 2월 23일 13시,월요일,제주특별자치도 서귀포시 남원읍,경상사고,0,0,2,0,차대차 - 추돌 - 주정차중,안전운전불이행,건조,맑음,단일로 - 기타,승용,남,54세,상해없음,승용,남,28세,경상
2015022300100218,2015년 2월 23일 13시,월요일,제주특별자치도 제주시 노형동,경상사고,0,0,1,0,차대차 - 추돌 - 진행중,직진우회전진행방해,건조,맑음,교차로 - 교차로안,승용,여,26세,상해없음,승용,남,45세,경상
2015022300100246,2015년 2월 23일 14시,월요일,제주특별자치도 제주시 한림읍,중상사고,0,1,0,0,차량단독 - 기타,안전운전불이행,건조,맑음,교차로 - 교차로부근,원동기,남,21세,중상,,,,
2015022300100268,2015년 2월 23일 15시,월요일,제주특별자치도 서귀포시 토평동,경상사고,0,0,1,0,차대차 - 기타,중앙선침범,건조,맑음,단일로 - 기타,화물,남,54세,기타불명,승용,여,35세,경상
2015022300100297,2015년 2월 23일 16시,월요일,제주특별자치도 서귀포시 안덕면,경상사고,0,0,5,0,차대차 - 기타,안전거리미확보,건조,맑음,단일로 - 기타,승용,남,54세,상해없음,승합,여,35세,경상
2015022300100298,2015년 2월 23일 16시,월요일,제주특별자치도 서귀포시 상효동,부상신고사고,0,0,0,1,차량단독 - 기타,안전운전불이행,건조,맑음,단일로 - 기타,이륜,남,60세,부상신고,,,,
2015022300100320,2015년 2월 23일 17시,월요일,제주특별자치도 제주시 용담일동,경상사고,0,0,1,0,차대차 - 측면직각충돌,중앙선침범,건조,맑음,단일로 - 기타,원동기,남,76세,경상,승용,남,44세,상해없음
2015022300100321,2015년 2월 23일 17시,월요일,제주특별자치도 제주시 노형동,부상신고사고,0,0,0,1,차대사람 - 길가장자리구역통행중,안전운전불이행,건조,맑음,단일로 - 기타,기타불명,기타불명,기타불명,기타불명,보행자,남,48세,부상신고
2015022300100361,2015년 2월 23일 18시,월요일,제주특별자치도 제주시 오라일동,경상사고,0,0,1,0,차대차 - 추돌 - 진행중,안전운전불이행,건조,맑음,단일로 - 기타,승용,남,23세,상해없음,승용,남,55세,경상
2015022300100362,2015년 2월 23일 18시,월요일,제주특별자치도 제주시 도두이동,경상사고,0,0,5,0,차대차 - 추돌 - 진행중,안전운전불이행,건조,맑음,단일로 - 기타,승합,남,25세,경상,승용,남,48세,경상
2015022300100363,2015년 2월 23일 18시,월요일,제주특별자치도 제주시 연동,경상사고,0,0,1,1,차대차 - 측면직각충돌,교차로운행방법위반,건조,맑음,교차로 - 교차로안,승용,남,50세,상해없음,승용,여,40세,경상
2015022300100399,2015년 2월 23일 19시,월요일,제주특별자치도 제주시 노형동,경상사고,0,0,2,0,차대사람 - 기타,안전운전불이행,건조,맑음,단일로 - 기타,승용,여,61세,상해없음,보행자,남,17세,경상
2015022300100454,2015년 2월 23일 21시,월요일,제주특별자치도 제주시 삼도일동,중상사고,0,1,1,0,차대사람 - 기타,안전운전불이행,건조,기타,단일로 - 기타,승용,남,24세,상해없음,보행자,남,41세,경상
2015022400100049,2015년 2월 24일 05시,화요일,제주특별자치도 제주시 연동,사망사고,1,1,0,0,차대사람 - 횡단중,과속,건조,맑음,단일로 - 횡단보도상,승용,남,49세,상해없음,보행자,남,20세,사망
2015022400100068,2015년 2월 24일 06시,화요일,제주특별자치도 서귀포시 서귀동,중상사고,0,1,0,0,차대사람 - 기타,보행자보호의무위반,건조,맑음,단일로 - 횡단보도상,승용,여,47세,상해없음,보행자,여,73세,중상
2015022400100098,2015년 2월 24일 08시,화요일,제주특별자치도 서귀포시 신효동,경상사고,0,0,1,0,차대차 - 기타,안전운전불이행,건조,맑음,단일로 - 기타,화물,남,21세,상해없음,승용,남,31세,경상
2015022400100158,2015년 2월 24일 11시,화요일,제주특별자치도 제주시 도남동,경상사고,0,0,1,0,차대사람 - 횡단중,안전운전불이행,건조,맑음,단일로 - 기타,승용,남,39세,상해없음,보행자,남,54세,경상
2015022400100159,2015년 2월 24일 11시,화요일,제주특별자치도 서귀포시 상효동,중상사고,0,1,0,0,차대차 - 측면직각충돌,신호위반,건조,맑음,교차로 - 교차로안,화물,남,65세,상해없음,승용,남,69세,상해없음
2015022400100160,2015년 2월 24일 11시,화요일,제주특별자치도 서귀포시 안덕면,경상사고,0,0,3,0,차대차 - 추돌 - 주정차중,안전거리미확보,건조,맑음,교차로 - 교차로부근,화물,남,51세,상해없음,승용,남,58세,경상
2015022400100181,2015년 2월 24일 12시,화요일,제주특별자치도 제주시 조천읍,중상사고,0,7,5,0,차대차 - 측면직각충돌,교차로운행방법위반,건조,맑음,교차로 - 교차로안,승용,남,22세,중상,승용,남,34세,중상
2015022400100182,2015년 2월 24일 12시,화요일,제주특별자치도 서귀포시 남원읍,경상사고,0,0,2,0,차대차 - 기타,기타,건조,맑음,단일로 - 기타,화물,남,60세,상해없음,승용,여,23세,경상
2015022400100313,2015년 2월 24일 16시,화요일,제주특별자치도 서귀포시 남원읍,경상사고,0,0,3,0,차대차 - 추돌 - 주정차중,안전운전불이행,건조,맑음,단일로 - 기타,승용,남,30세,기타불명,승용,남,42세,경상
2015022400100314,2015년 2월 24일 16시,화요일,제주특별자치도 제주시 용담이동,경상사고,0,0,1,1,차대차 - 기타,교차로운행방법위반,건조,맑음,교차로 - 교차로안,승용,남,75세,부상신고,승용,여,26세,상해없음
2015022400100339,2015년 2월 24일 17시,화요일,제주특별자치도 서귀포시 성산읍,경상사고,0,0,1,0,차대차 - 기타,안전운전불이행,건조,맑음,단일로 - 기타,화물,남,53세,상해없음,승용,여,26세,경상
2015022400100377,2015년 2월 24일 18시,화요일,제주특별자치도 제주시 이도일동,경상사고,0,0,1,0,차대차 - 측면직각충돌,안전운전불이행,건조,기타,교차로 - 교차로안,승용,여,48세,상해없음,자전거,여,59세,경상
2015022400100531,2015년 2월 24일 23시,화요일,제주특별자치도 제주시 연동,경상사고,0,0,2,0,차대차 - 추돌 - 주정차중,안전운전불이행,건조,맑음,교차로 - 교차로부근,승용,남,33세,상해없음,승용,남,27세,경상
2015022500100082,2015년 2월 25일 07시,수요일,제주특별자치도 제주시 용담이동,경상사고,0,0,1,0,차대차 - 기타,신호위반,건조,맑음,교차로 - 교차로안,승용,남,75세,경상,승용,남,39세,상해없음
2015022500100238,2015년 2월 25일 13시,수요일,제주특별자치도 제주시 우도면,중상사고,0,1,0,1,차대사람 - 횡단중,안전운전불이행,건조,맑음,단일로 - 기타,이륜,남,22세,부상신고,보행자,여,70세,중상
2015022500100239,2015년 2월 25일 13시,수요일,제주특별자치도 제주시 조천읍,경상사고,0,0,1,0,차대차 - 추돌 - 진행중,안전거리미확보,기타,맑음,단일로 - 기타,화물,남,49세,상해없음,승용,남,41세,상해없음
2015022500100240,2015년 2월 25일 13시,수요일,제주특별자치도 제주시 한림읍,부상신고사고,0,0,0,1,차대차 - 기타,교차로운행방법위반,건조,맑음,교차로 - 교차로부근,승용,남,27세,상해없음,원동기,여,19세,부상신고
2015022500100241,2015년 2월 25일 13시,수요일,제주특별자치도 제주시 애월읍,경상사고,0,0,1,0,차대차 - 기타,안전운전불이행,건조,흐림,교차로 - 교차로부근,승용,남,69세,상해없음,자전거,남,11세,경상
2015022500100326,2015년 2월 25일 16시,수요일,제주특별자치도 제주시 노형동,경상사고,0,0,1,0,차대차 - 기타,안전운전불이행,건조,맑음,교차로 - 교차로안,승용,여,57세,상해없음,승용,남,35세,경상
2015022500100400,2015년 2월 25일 18시,수요일,제주특별자치도 제주시 삼도일동,경상사고,0,0,3,0,차대사람 - 횡단중,보행자보호의무위반,건조,맑음,교차로 - 교차로부근,승용,남,47세,상해없음,보행자,남,73세,경상
2015022500100487,2015년 2월 25일 21시,수요일,제주특별자치도 제주시 도련일동,경상사고,0,0,1,0,차대차 - 측면직각충돌,안전운전불이행,건조,기타,단일로 - 기타,승용,여,40세,상해없음,원동기,남,22세,경상
2015022600100038,2015년 2월 26일 01시,목요일,제주특별자치도 제주시 이도이동,경상사고,0,0,1,0,차대사람 - 횡단중,보행자보호의무위반,건조,맑음,단일로 - 횡단보도상,기타불명,기타불명,기타불명,기타불명,보행자,남,43세,경상
2015022600100068,2015년 2월 26일 04시,목요일,제주특별자치도 제주시 노형동,경상사고,0,0,1,1,차대차 - 기타,신호위반,건조,맑음,교차로 - 교차로안,승용,여,58세,부상신고,화물,남,42세,경상
2015022600100129,2015년 2월 26일 08시,목요일,제주특별자치도 서귀포시 동홍동,중상사고,0,1,0,0,차대차 - 기타,안전운전불이행,건조,맑음,단일로 - 기타,화물,남,29세,상해없음,원동기,여,67세,중상
2015022600100216,2015년 2월 26일 12시,목요일,제주특별자치도 제주시 삼도이동,경상사고,0,0,1,0,차대사람 - 횡단중,보행자보호의무위반,건조,맑음,단일로 - 횡단보도상,승용,남,23세,상해없음,보행자,남,68세,경상
2015022600100217,2015년 2월 26일 12시,목요일,제주특별자치도 서귀포시 하효동,부상신고사고,0,0,0,1,차대차 - 기타,안전거리미확보,건조,맑음,단일로 - 기타,원동기,여,63세,부상신고,화물,여,71세,상해없음
2015022600100281,2015년 2월 26일 14시,목요일,제주특별자치도 서귀포시 안덕면,경상사고,0,0,2,0,차대차 - 기타,안전운전불이행,건조,맑음,교차로 - 교차로안,승용,남,33세,상해없음,승용,남,28세,상해없음
2015022600100447,2015년 2월 26일 19시,목요일,제주특별자치도 제주시 도두이동,경상사고,0,0,1,0,차대차 - 정면충돌,중앙선침범,건조,맑음,단일로 - 기타,이륜,남,19세,경상,승합,남,46세,상해없음
2015022600100503,2015년 2월 26일 21시,목요일,제주특별자치도 제주시 연동,경상사고,0,0,1,0,차대차 - 측면직각충돌,직진우회전진행방해,건조,맑음,교차로 - 교차로안,승용,남,53세,상해없음,이륜,남,41세,경상
2015022700100015,2015년 2월 27일 00시,금요일,제주특별자치도 서귀포시 동홍동,경상사고,0,0,4,0,차대차 - 기타,신호위반,건조,맑음,교차로 - 교차로안,승용,남,36세,상해없음,승용,남,33세,경상
2015022700100016,2015년 2월 27일 00시,금요일,제주특별자치도 제주시 노형동,중상사고,0,1,0,0,차량단독 - 기타,안전운전불이행,건조,맑음,단일로 - 기타,승용,여,45세,상해없음,,,,
2015022700100076,2015년 2월 27일 05시,금요일,제주특별자치도 서귀포시 서홍동,경상사고,0,0,1,0,차대차 - 기타,안전거리미확보,건조,맑음,교차로 - 교차로부근,승용,여,38세,상해없음,승용,여,53세,경상
2015022700100086,2015년 2월 27일 06시,금요일,제주특별자치도 제주시 아라일동,경상사고,0,0,3,0,차대차 - 기타,안전운전불이행,건조,맑음,교차로 - 교차로부근,화물,남,70세,상해없음,승용,여,29세,경상
2015022700100087,2015년 2월 27일 06시,금요일,제주특별자치도 제주시 화북이동,중상사고,0,2,1,0,차대차 - 추돌 - 진행중,안전운전불이행,습기,흐림,교차로 - 교차로부근,승용,남,22세,경상,승용,여,53세,중상
2015022700100124,2015년 2월 27일 08시,금요일,제주특별자치도 제주시 연동,중상사고,0,1,0,0,차대차 - 기타,직진우회전진행방해,건조,맑음,교차로 - 교차로안,원동기,남,19세,중상,승용,여,38세,상해없음
2015022700100141,2015년 2월 27일 09시,금요일,제주특별자치도 서귀포시 성산읍,중상사고,0,1,0,0,차대사람 - 기타,안전운전불이행,건조,맑음,단일로 - 기타,화물,남,57세,상해없음,보행자,여,86세,중상
2015022700100167,2015년 2월 27일 10시,금요일,제주특별자치도 제주시 조천읍,경상사고,0,0,4,0,차대차 - 기타,안전운전불이행,건조,맑음,교차로 - 교차로부근,승용,여,27세,상해없음,승용,남,26세,경상
2015022700100194,2015년 2월 27일 11시,금요일,제주특별자치도 제주시 한경면,중상사고,0,1,0,0,차대차 - 기타,안전운전불이행,건조,흐림,단일로 - 기타,건설기계,남,49세,상해없음,승용,남,62세,상해없음
2015022700100222,2015년 2월 27일 12시,금요일,제주특별자치도 제주시 구좌읍,중상사고,0,1,1,0,차대차 - 추돌 - 진행중,교차로운행방법위반,건조,맑음,교차로 - 교차로안,승용,남,61세,경상,화물,남,29세,중상
2015022700100224,2015년 2월 27일 12시,금요일,제주특별자치도 제주시 한림읍,경상사고,0,0,2,0,차대차 - 기타,안전운전불이행,건조,맑음,단일로 - 기타,원동기,남,20세,경상,승용,남,47세,상해없음
2015022700100249,2015년 2월 27일 13시,금요일,제주특별자치도 제주시 일도이동,사망사고,1,0,0,0,차대차 - 추돌 - 진행중,안전운전불이행,건조,맑음,단일로 - 기타,원동기,남,73세,사망,화물,남,54세,상해없음
2015022700100250,2015년 2월 27일 13시,금요일,제주특별자치도 서귀포시 대정읍,중상사고,0,1,0,0,차량단독 - 전도전복,안전운전불이행,건조,맑음,단일로 - 기타,승용,여,32세,상해없음,,,,
2015022700100506,2015년 2월 27일 20시,금요일,제주특별자치도 서귀포시 상효동,부상신고사고,0,0,0,1,차대차 - 측면직각충돌,안전운전불이행,건조,맑음,교차로 - 교차로안,승용,여,53세,부상신고,승합,남,62세,상해없음
2015022800100020,2015년 2월 28일 00시,토요일,제주특별자치도 제주시 용담일동,경상사고,0,0,2,0,차대차 - 추돌 - 주정차중,안전운전불이행,건조,맑음,교차로 - 교차로부근,승용,남,30세,상해없음,승용,남,29세,경상
2015022800100043,2015년 2월 28일 01시,토요일,제주특별자치도 제주시 이도이동,경상사고,0,0,1,0,차대사람 - 기타,안전운전불이행,건조,맑음,단일로 - 기타,승용,남,22세,상해없음,보행자,남,37세,경상
2015022800100044,2015년 2월 28일 01시,토요일,제주특별자치도 제주시 연동,경상사고,0,0,1,0,차대사람 - 기타,안전운전불이행,건조,흐림,단일로 - 기타,원동기,남,35세,상해없음,보행자,남,50세,경상
2015022800100129,2015년 2월 28일 08시,토요일,제주특별자치도 서귀포시 성산읍,부상신고사고,0,0,0,1,차대차 - 기타,안전거리미확보,건조,맑음,단일로 - 기타,이륜,남,76세,부상신고,승용,남,40세,상해없음
2015022800100230,2015년 2월 28일 12시,토요일,제주특별자치도 제주시 봉개동,중상사고,0,1,0,0,차대차 - 기타,안전거리미확보,습기,비,교차로 - 교차로부근,화물,여,36세,상해없음,건설기계,남,30세,중상
2015022800100338,2015년 2월 28일 16시,토요일,제주특별자치도 제주시 한림읍,경상사고,0,0,1,0,차대차 - 기타,안전운전불이행,건조,맑음,단일로 - 기타,승용,남,22세,상해없음,승용,여,42세,경상
2015022800100450,2015년 2월 28일 19시,토요일,제주특별자치도 제주시 이도이동,경상사고,0,0,1,0,차대차 - 기타,안전운전불이행,습기,비,교차로 - 교차로부근,승용,여,39세,상해없음,원동기,남,25세,경상
2015022800100451,2015년 2월 28일 19시,토요일,제주특별자치도 제주시 건입동,중상사고,0,1,0,0,차대사람 - 기타,안전운전불이행,기타,비,단일로 - 기타,승용,남,57세,상해없음,보행자,여,57세,중상
2015022800100479,2015년 2월 28일 20시,토요일,제주특별자치도 제주시 노형동,경상사고,0,0,1,0,차대사람 - 횡단중,안전운전불이행,습기,비,단일로 - 횡단보도상,승용,여,41세,상해없음,보행자,여,46세,경상
2015022800100513,2015년 2월 28일 21시,토요일,제주특별자치도 제주시 삼양이동,중상사고,0,1,2,0,차대차 - 기타,직진우회전진행방해,습기,비,교차로 - 교차로안,화물,남,64세,경상,승용,남,55세,경상
2015022800100514,2015년 2월 28일 21시,토요일,제주특별자치도 서귀포시 남원읍,중상사고,0,2,4,2,차대차 - 추돌 - 주정차중,안전운전불이행,습기,비,단일로 - 기타,화물,남,56세,상해없음,승용,여,62세,부상신고
2015022800100549,2015년 2월 28일 22시,토요일,제주특별자치도 제주시 건입동,중상사고,0,1,0,0,차대차 - 기타,교차로운행방법위반,습기,비,교차로 - 교차로안,승용,남,54세,상해없음,승용,여,36세,중상
2015022800100589,2015년 2월 28일 23시,토요일,제주특별자치도 제주시 노형동,중상사고,0,1,0,0,차대사람 - 횡단중,보행자보호의무위반,습기,비,단일로 - 기타,승용,남,24세,상해없음,보행자,남,53세,중상
2015030100100017,2015년 3월 1일 00시,일요일,제주특별자치도 제주시 삼양이동,중상사고,0,1,1,0,차대사람 - 기타,안전운전불이행,습기,비,단일로 - 횡단보도부근,화물,남,28세,상해없음,보행자,남,36세,중상
2015030100100018,2015년 3월 1일 00시,일요일,제주특별자치도 제주시 도두이동,경상사고,0,0,1,0,차량단독 - 공작물충돌,안전운전불이행,습기,비,교차로 - 교차로안,승용,남,42세,경상,,,,
2015030100100165,2015년 3월 1일 10시,일요일,제주특별자치도 제주시 이도이동,경상사고,0,0,1,0,차대차 - 측면직각충돌,신호위반,건조,맑음,교차로 - 교차로안,화물,여,67세,경상,승합,남,37세,상해없음
2015030100100186,2015년 3월 1일 12시,일요일,제주특별자치도 제주시 노형동,경상사고,0,0,2,0,차대차 - 측면직각충돌,안전운전불이행,건조,맑음,교차로 - 교차로안,승용,남,37세,상해없음,화물,남,39세,상해없음
2015030100100213,2015년 3월 1일 13시,일요일,제주특별자치도 제주시 구좌읍,중상사고,0,1,7,0,차대차 - 측면직각충돌,신호위반,건조,맑음,교차로 - 교차로안,승합,남,57세,상해없음,승용,남,30세,경상
2015030100100214,2015년 3월 1일 13시,일요일,제주특별자치도 제주시 용담일동,경상사고,0,0,2,0,차대차 - 추돌 - 진행중,직진우회전진행방해,건조,흐림,교차로 - 교차로안,승용,남,56세,경상,승용,남,58세,경상
2015030100100286,2015년 3월 1일 16시,일요일,제주특별자치도 제주시 일도일동,경상사고,0,0,1,0,차대사람 - 횡단중,안전운전불이행,건조,맑음,단일로 - 기타,승용,여,30세,상해없음,보행자,여,12세,경상
2015030100100316,2015년 3월 1일 17시,일요일,제주특별자치도 제주시 한림읍,사망사고,1,1,0,0,차량단독 - 공작물충돌,안전운전불이행,건조,맑음,단일로 - 기타,승용,남,62세,사망,,,,
2015030100100429,2015년 3월 1일 22시,일요일,제주특별자치도 제주시 용담이동,중상사고,0,1,0,0,차대사람 - 횡단중,안전운전불이행,건조,맑음,단일로 - 기타,승용,남,44세,상해없음,보행자,남,78세,중상
2015030200100073,2015년 3월 2일 07시,월요일,제주특별자치도 제주시 삼도일동,경상사고,0,0,1,0,차대사람 - 횡단중,안전운전불이행,건조,맑음,단일로 - 기타,승용,남,24세,상해없음,보행자,남,7세,경상
2015030200100123,2015년 3월 2일 08시,월요일,제주특별자치도 제주시 삼도일동,경상사고,0,0,1,0,차대사람 - 기타,안전운전불이행,건조,흐림,단일로 - 기타,승용,남,51세,상해없음,보행자,여,71세,경상
2015030200100124,2015년 3월 2일 08시,월요일,제주특별자치도 제주시 조천읍,경상사고,0,0,1,0,차대차 - 추돌 - 진행중,중앙선침범,건조,맑음,단일로 - 기타,승용,남,20세,상해없음,승용,여,38세,경상
2015030200100225,2015년 3월 2일 11시,월요일,제주특별자치도 제주시 애월읍,중상사고,0,2,1,0,차대차 - 측면직각충돌,직진우회전진행방해,건조,맑음,교차로 - 교차로안,화물,남,50세,중상,건설기계,남,43세,경상
2015030200100297,2015년 3월 2일 13시,월요일,제주특별자치도 제주시 오라이동,중상사고,0,2,1,0,차대차 - 추돌 - 진행중,과속,건조,맑음,교차로 - 교차로안,화물,남,40세,경상,승합,남,59세,상해없음
2015030200100337,2015년 3월 2일 14시,월요일,제주특별자치도 제주시 화북일동,중상사고,0,1,0,0,차대차 - 추돌 - 진행중,신호위반,건조,맑음,교차로 - 교차로안,이륜,남,57세,중상,승용,남,43세,상해없음
2015030200100369,2015년 3월 2일 15시,월요일,제주특별자치도 제주시 일도이동,경상사고,0,0,1,0,차대사람 - 기타,기타,건조,맑음,기타 - 기타,이륜,여,57세,상해없음,보행자,여,15세,경상
2015030200100453,2015년 3월 2일 18시,월요일,제주특별자치도 서귀포시 성산읍,중상사고,0,1,0,0,차대사람 - 횡단중,안전운전불이행,건조,맑음,단일로 - 횡단보도부근,승용,여,45세,상해없음,보행자,여,79세,중상
2015030200100454,2015년 3월 2일 18시,월요일,제주특별자치도 서귀포시 성산읍,경상사고,0,0,1,0,차대차 - 측면직각충돌,신호위반,건조,맑음,교차로 - 교차로안,승용,여,41세,상해없음,승용,남,61세,경상
2015030200100525,2015년 3월 2일 20시,월요일,제주특별자치도 제주시 구좌읍,중상사고,0,1,0,0,차대사람 - 횡단중,보행자보호의무위반,건조,기타,단일로 - 횡단보도상,화물,남,59세,상해없음,보행자,남,64세,중상
2015030200100526,2015년 3월 2일 20시,월요일,제주특별자치도 제주시 연동,부상신고사고,0,0,0,1,차대사람 - 기타,안전운전불이행,건조,맑음,교차로 - 교차로부근,기타불명,기타불명,기타불명,기타불명,보행자,남,25세,부상신고
2015030200100576,2015년 3월 2일 22시,월요일,제주특별자치도 서귀포시 남원읍,경상사고,0,0,2,1,차대차 - 정면충돌,중앙선침범,건조,기타,단일로 - 기타,승용,남,37세,경상,승합,남,54세,상해없음
2015030300100059,2015년 3월 3일 06시,화요일,제주특별자치도 제주시 애월읍,중상사고,0,1,0,0,차대차 - 기타,교차로운행방법위반,건조,맑음,교차로 - 교차로안,승합,남,49세,상해없음,원동기,남,46세,중상
2015030300100081,2015년 3월 3일 07시,화요일,제주특별자치도 서귀포시 표선면,부상신고사고,0,0,0,1,차대차 - 기타,안전운전불이행,건조,흐림,기타 - 기타,승용,남,35세,부상신고,승용,남,51세,상해없음
2015030300100238,2015년 3월 3일 13시,화요일,제주특별자치도 제주시 한경면,경상사고,0,0,1,0,차량단독 - 공작물충돌,안전운전불이행,습기,흐림,교차로 - 교차로안,승용,남,31세,경상,,,,
2015030300100323,2015년 3월 3일 16시,화요일,제주특별자치도 제주시 화북이동,경상사고,0,0,1,0,차대차 - 정면충돌,안전운전불이행,건조,흐림,단일로 - 기타,화물,남,22세,상해없음,승용,남,61세,경상
2015030300100324,2015년 3월 3일 16시,화요일,제주특별자치도 제주시 용담이동,경상사고,0,0,1,1,차대차 - 측면직각충돌,안전운전불이행,건조,맑음,단일로 - 기타,승용,남,25세,부상신고,승용,남,40세,경상
2015030300100362,2015년 3월 3일 17시,화요일,제주특별자치도 제주시 용담일동,중상사고,0,1,0,0,차대사람 - 횡단중,안전운전불이행,건조,맑음,단일로 - 기타,승용,남,55세,상해없음,보행자,여,57세,중상
2015030300100408,2015년 3월 3일 18시,화요일,제주특별자치도 제주시 일도이동,경상사고,0,0,4,0,차대차 - 추돌 - 진행중,직진우회전진행방해,건조,맑음,교차로 - 교차로안,화물,남,49세,경상,승용,여,33세,경상
2015030300100409,2015년 3월 3일 18시,화요일,제주특별자치도 서귀포시 대정읍,경상사고,0,0,1,0,차대사람 - 횡단중,안전운전불이행,건조,맑음,교차로 - 교차로안,승용,남,37세,상해없음,보행자,여,73세,경상
2015030400100013,2015년 3월 4일 00시,수요일,제주특별자치도 제주시 일도이동,사망사고,1,0,0,0,차대사람 - 횡단중,보행자보호의무위반,건조,기타,단일로 - 횡단보도상,승용,남,58세,상해없음,보행자,남,54세,사망
2015030400100265,2015년 3월 4일 13시,수요일,제주특별자치도 제주시 구좌읍,중상사고,0,1,2,0,차대차 - 추돌 - 진행중,중앙선침범,건조,맑음,단일로 - 기타,승용,남,24세,경상,건설기계,남,54세,중상
2015030400100290,2015년 3월 4일 14시,수요일,제주특별자치도 서귀포시 도순동,중상사고,0,1,0,0,차대차 - 기타,안전운전불이행,건조,맑음,단일로 - 기타,승용,남,32세,상해없음,원동기,남,53세,중상
2015030400100291,2015년 3월 4일 14시,수요일,제주특별자치도 서귀포시 성산읍,중상사고,0,1,0,1,차대차 - 기타,중앙선침범,건조,흐림,단일로 - 기타,화물,남,82세,부상신고,승용,남,34세,중상
2015030400100292,2015년 3월 4일 14시,수요일,제주특별자치도 서귀포시 성산읍,부상신고사고,0,0,0,1,차대차 - 기타,안전거리미확보,건조,맑음,교차로 - 교차로부근,원동기,여,25세,부상신고,승용,여,26세,상해없음
2015030400100356,2015년 3월 4일 16시,수요일,제주특별자치도 제주시 건입동,경상사고,0,0,1,0,차대차 - 기타,교차로운행방법위반,건조,맑음,교차로 - 교차로안,승용,여,49세,상해없음,승용,남,76세,경상
2015030400100357,2015년 3월 4일 16시,수요일,제주특별자치도 서귀포시 서홍동,경상사고,0,0,1,0,차대차 - 기타,안전운전불이행,건조,맑음,단일로 - 기타,승용,남,59세,상해없음,화물,남,34세,경상
2015030400100387,2015년 3월 4일 17시,수요일,제주특별자치도 제주시 한경면,중상사고,0,1,0,0,차대차 - 기타,안전운전불이행,건조,맑음,단일로 - 기타,승용,남,71세,상해없음,화물,남,57세,상해없음
2015030400100429,2015년 3월 4일 18시,수요일,제주특별자치도 서귀포시 상예동,부상신고사고,0,0,0,2,차량단독 - 기타,안전운전불이행,건조,흐림,단일로 - 기타,승용,남,54세,부상신고,,,,
2015030400100430,2015년 3월 4일 18시,수요일,제주특별자치도 제주시 연동,중상사고,0,1,0,0,차대사람 - 기타,보행자보호의무위반,건조,흐림,교차로 - 교차로부근,승용,남,64세,상해없음,보행자,여,48세,중상
2015030400100465,2015년 3월 4일 19시,수요일,제주특별자치도 제주시 삼도일동,중상사고,0,1,0,0,차대사람 - 횡단중,안전운전불이행,건조,흐림,교차로 - 교차로부근,승용,남,32세,상해없음,보행자,여,80세,중상