사고번호,사고일시,요일,시군구,사고내용,사망자수,중상자수,경상자수,부상신고자수,사고유형,법규위반,노면상태,기상상태,도로형태,가해운전자 차종,가해운전자 성별,가해운전자 연령,가해운전자 상해정도,피해운전자 차종,피해운전자 성별,피해운전자 연령,피해운전자 상해정도
2015030400100466,2015년 3월 4일 19시,수요일,제주특별자치도 제주시 도두이동,중상사고,0,1,0,0,차대차 - 기타,안전운전불이행,건조,흐림,교차로 - 교차로안,승용,여,24세,상해없음,승용,여,58세,중상
2015030400100550,2015년 3월 4일 21시,수요일,제주특별자치도 서귀포시 표선면,중상사고,0,1,1,0,차대차 - 측면직각충돌,직진우회전진행방해,건조,맑음,교차로 - 교차로안,승용,여,55세,상해없음,승용,남,40세,중상
2015030400100603,2015년 3월 4일 23시,수요일,제주특별자치도 제주시 삼도이동,중상사고,0,1,0,0,차대사람 - 기타,안전운전불이행,건조,맑음,단일로 - 기타,승용,남,49세,상해없음,보행자,남,44세,중상
2015030500100133,2015년 3월 5일 08시,목요일,제주특별자치도 제주시 용담이동,경상사고,0,0,2,0,차대차 - 측면직각충돌,안전운전불이행,건조,맑음,교차로 - 교차로안,승용,남,36세,상해없음,승용,여,43세,경상
2015030500100188,2015년 3월 5일 10시,목요일,제주특별자치도 제주시 구좌읍,중상사고,0,1,0,0,차대사람 - 횡단중,보행자보호의무위반,건조,맑음,단일로 - 횡단보도상,승용,여,43세,상해없음,보행자,남,84세,중상
2015030500100207,2015년 3월 5일 11시,목요일,제주특별자치도 서귀포시 하원동,중상사고,0,1,0,0,차대차 - 기타,안전운전불이행,건조,맑음,단일로 - 기타,화물,남,43세,상해없음,이륜,남,23세,중상
2015030500100269,2015년 3월 5일 13시,목요일,제주특별자치도 제주시 삼도일동,중상사고,0,1,0,0,차대사람 - 횡단중,안전운전불이행,건조,맑음,단일로 - 기타,승용,여,45세,상해없음,보행자,남,82세,중상
2015030500100303,2015년 3월 5일 14시,목요일,제주특별자치도 제주시 노형동,부상신고사고,0,0,0,1,차대차 - 추돌 - 주정차중,안전운전불이행,건조,맑음,단일로 - 기타,이륜,남,29세,부상신고,승용,남,36세,상해없음
2015030500100350,2015년 3월 5일 15시,목요일,제주특별자치도 제주시 한림읍,중상사고,0,1,0,3,차대차 - 추돌 - 진행중,신호위반,건조,맑음,교차로 - 교차로안,승용,남,35세,부상신고,승용,남,69세,부상신고
2015030500100383,2015년 3월 5일 16시,목요일,제주특별자치도 서귀포시 하원동,경상사고,0,0,2,0,차대차 - 기타,안전거리미확보,건조,맑음,단일로 - 기타,승합,여,36세,상해없음,승용,여,52세,경상
2015030600100012,2015년 3월 6일 00시,금요일,제주특별자치도 제주시 연동,경상사고,0,0,1,0,차대차 - 측면직각충돌,교차로운행방법위반,건조,맑음,교차로 - 교차로안,승용,남,55세,상해없음,승용,남,37세,상해없음
2015030600100131,2015년 3월 6일 08시,금요일,제주특별자치도 제주시 삼양일동,경상사고,0,0,1,0,차대차 - 추돌 - 진행중,중앙선침범,기타,비,단일로 - 기타,승합,여,48세,상해없음,승용,남,58세,상해없음
2015030600100168,2015년 3월 6일 09시,금요일,제주특별자치도 제주시 봉개동,중상사고,0,4,3,0,차대차 - 추돌 - 진행중,중앙선침범,기타,비,단일로 - 기타,승용,남,37세,중상,화물,남,55세,경상
2015030600100235,2015년 3월 6일 12시,금요일,제주특별자치도 제주시 삼도일동,경상사고,0,0,1,0,차대차 - 기타,안전운전불이행,건조,맑음,단일로 - 기타,승합,여,41세,상해없음,화물,남,44세,경상
2015030600100332,2015년 3월 6일 15시,금요일,제주특별자치도 제주시 이도일동,경상사고,0,0,1,0,차대사람 - 횡단중,보행자보호의무위반,습기,비,단일로 - 횡단보도상,기타불명,기타불명,기타불명,기타불명,보행자,남,26세,경상
2015030600100333,2015년 3월 6일 15시,금요일,제주특별자치도 서귀포시 신효동,중상사고,0,1,1,0,차대차 - 추돌 - 주정차중,안전운전불이행,건조,맑음,교차로 - 교차로부근,승합,남,54세,상해없음,승용,남,33세,중상
2015030600100413,2015년 3월 6일 17시,금요일,제주특별자치도 제주시 조천읍,중상사고,0,1,1,0,차대차 - 추돌 - 진행중,안전운전불이행,건조,맑음,단일로 - 기타,승용,남,41세,상해없음,승용,남,35세,중상
2015030600100457,2015년 3월 6일 18시,금요일,제주특별자치도 서귀포시 안덕면,경상사고,0,0,2,0,차대차 - 기타,직진우회전진행방해,건조,맑음,교차로 - 교차로안,승용,남,32세,기타불명,화물,남,55세,경상
2015030600100559,2015년 3월 6일 21시,금요일,제주특별자치도 제주시 봉개동,경상사고,0,0,1,0,차대차 - 기타,신호위반,기타,맑음,교차로 - 교차로안,승용,남,53세,상해없음,승용,남,50세,경상
2015030600100560,2015년 3월 6일 21시,금요일,제주특별자치도 제주시 이도이동,중상사고,0,1,0,0,차대사람 - 기타,신호위반,건조,맑음,단일로 - 횡단보도상,원동기,남,32세,상해없음,보행자,남,20세,중상
2015030700100069,2015년 3월 7일 02시,토요일,제주특별자치도 제주시 이도이동,경상사고,0,0,1,0,차대차 - 추돌 - 진행중,안전운전불이행,건조,맑음,교차로 - 교차로부근,승용,여,30세,상해없음,승용,남,50세,경상
2015030700100244,2015년 3월 7일 11시,토요일,제주특별자치도 제주시 오라이동,경상사고,0,0,1,0,차대차 - 측면직각충돌,안전운전불이행,건조,맑음,단일로 - 기타,화물,남,41세,상해없음,승용,여,37세,경상
2015030700100273,2015년 3월 7일 12시,토요일,제주특별자치도 제주시 조천읍,경상사고,0,0,1,0,차대차 - 기타,안전운전불이행,건조,맑음,단일로 - 기타,화물,남,50세,경상,승용,남,33세,상해없음
2015030700100352,2015년 3월 7일 15시,토요일,제주특별자치도 제주시 일도이동,경상사고,0,0,1,0,차대사람 - 횡단중,안전운전불이행,건조,맑음,단일로 - 기타,승용,남,60세,상해없음,보행자,남,16세,경상
2015030700100411,2015년 3월 7일 17시,토요일,제주특별자치도 제주시 한림읍,중상사고,0,1,0,0,차대차 - 추돌 - 주정차중,교차로운행방법위반,건조,맑음,교차로 - 교차로안,승용,남,34세,상해없음,원동기,남,69세,중상
2015030700100451,2015년 3월 7일 18시,토요일,제주특별자치도 서귀포시 회수동,경상사고,0,0,1,0,차대차 - 기타,안전운전불이행,건조,맑음,교차로 - 교차로부근,승용,남,64세,상해없음,승용,남,51세,경상
2015030700100521,2015년 3월 7일 20시,토요일,제주특별자치도 제주시 노형동,경상사고,0,0,2,0,차대차 - 기타,안전운전불이행,건조,맑음,교차로 - 교차로부근,승용,남,37세,상해없음,승용,여,31세,경상
2015030700100546,2015년 3월 7일 21시,토요일,제주특별자치도 제주시 일도일동,경상사고,0,0,4,0,차대차 - 추돌 - 진행중,안전운전불이행,건조,맑음,교차로 - 교차로부근,승용,남,20세,경상,승용,남,33세,경상
2015030700100598,2015년 3월 7일 23시,토요일,제주특별자치도 제주시 삼양이동,경상사고,0,0,1,0,차대차 - 측면직각충돌,안전거리미확보,건조,흐림,단일로 - 기타,승용,남,73세,상해없음,원동기,남,19세,경상
2015030800100079,2015년 3월 8일 05시,일요일,제주특별자치도 제주시 구좌읍,경상사고,0,0,1,0,차대차 - 기타,기타,건조,맑음,단일로 - 기타,기타불명,기타불명,기타불명,기타불명,원동기,남,48세,경상
2015030800100193,2015년 3월 8일 12시,일요일,제주특별자치도 서귀포시 하효동,중상사고,0,1,0,0,차대사람 - 횡단중,안전운전불이행,건조,맑음,단일로 - 기타,승용,여,33세,상해없음,보행자,여,59세,중상
2015030800100247,2015년 3월 8일 14시,일요일,제주특별자치도 서귀포시 안덕면,경상사고,0,0,2,0,차대차 - 추돌 - 진행중,안전거리미확보,건조,맑음,교차로 - 교차로안,승용,여,59세,상해없음,승용,남,34세,경상
2015030800100415,2015년 3월 8일 20시,일요일,제주특별자치도 제주시 노형동,중상사고,0,1,0,0,차대사람 - 횡단중,안전운전불이행,건조,맑음,단일로 - 횡단보도상,승용,남,54세,상해없음,보행자,여,19세,중상
2015030800100473,2015년 3월 8일 23시,일요일,제주특별자치도 제주시 오라이동,경상사고,0,0,1,0,차대사람 - 기타,안전운전불이행,건조,맑음,단일로 - 기타,승용,남,48세,상해없음,보행자,남,21세,경상
2015030900100102,2015년 3월 9일 08시,월요일,제주특별자치도 제주시 이도일동,경상사고,0,0,1,0,차대차 - 추돌 - 진행중,안전운전불이행,건조,맑음,단일로 - 기타,승합,남,57세,상해없음,승용,남,75세,상해없음
2015030900100134,2015년 3월 9일 09시,월요일,제주특별자치도 제주시 연동,경상사고,0,0,2,0,차대차 - 기타,직진우회전진행방해,건조,흐림,교차로 - 교차로안,승용,남,26세,기타불명,승용,남,34세,상해없음
2015030900100302,2015년 3월 9일 15시,월요일,제주특별자치도 제주시 일도일동,경상사고,0,0,1,0,차대사람 - 횡단중,안전운전불이행,건조,맑음,단일로 - 기타,승용,여,54세,상해없음,보행자,남,38세,경상
2015030900100354,2015년 3월 9일 17시,월요일,제주특별자치도 제주시 연동,경상사고,0,0,1,0,차대차 - 기타,안전운전불이행,건조,맑음,교차로 - 교차로안,승용,남,42세,상해없음,원동기,남,26세,경상
2015030900100451,2015년 3월 9일 20시,월요일,제주특별자치도 제주시 건입동,경상사고,0,0,2,0,차대차 - 기타,안전운전불이행,습기,흐림,교차로 - 교차로부근,승용,남,43세,상해없음,승용,여,53세,경상
2015030900100477,2015년 3월 9일 21시,월요일,제주특별자치도 서귀포시 법환동,경상사고,0,0,1,1,차대차 - 기타,안전거리미확보,건조,맑음,교차로 - 교차로부근,승용,남,56세,부상신고,특수,남,44세,경상
2015030900100504,2015년 3월 9일 22시,월요일,제주특별자치도 제주시 화북일동,중상사고,0,1,7,1,차대차 - 추돌 - 주정차중,안전운전불이행,건조,흐림,교차로 - 교차로부근,승용,남,44세,상해없음,승용,여,31세,중상
2015031000100072,2015년 3월 10일 07시,화요일,제주특별자치도 제주시 연동,부상신고사고,0,0,0,1,차대차 - 추돌 - 진행중,직진우회전진행방해,건조,맑음,교차로 - 교차로안,승용,남,44세,부상신고,승합,여,52세,상해없음
2015031000100116,2015년 3월 10일 08시,화요일,제주특별자치도 제주시 이도이동,경상사고,0,0,1,0,차대차 - 추돌 - 진행중,안전운전불이행,건조,맑음,교차로 - 교차로부근,화물,남,45세,경상,화물,남,40세,기타불명
2015031000100144,2015년 3월 10일 09시,화요일,제주특별자치도 제주시 연동,경상사고,0,0,1,0,차대차 - 기타,안전운전불이행,건조,맑음,단일로 - 기타,승용,남,59세,상해없음,승용,남,29세,경상
2015031000100169,2015년 3월 10일 10시,화요일,제주특별자치도 제주시 한림읍,중상사고,0,1,0,0,차대차 - 추돌 - 진행중,신호위반,건조,맑음,교차로 - 교차로안,화물,남,35세,상해없음,이륜,남,72세,중상
2015031000100170,2015년 3월 10일 10시,화요일,제주특별자치도 제주시 노형동,경상사고,0,0,1,0,차대차 - 추돌 - 진행중,직진우회전진행방해,건조,맑음,교차로 - 교차로안,승용,남,63세,상해없음,이륜,남,47세,경상
2015031000100219,2015년 3월 10일 12시,화요일,제주특별자치도 제주시 조천읍,경상사고,0,0,1,0,차대차 - 추돌 - 진행중,안전거리미확보,건조,맑음,단일로 - 기타,건설기계,남,52세,상해없음,승용,남,49세,경상
2015031000100272,2015년 3월 10일 14시,화요일,제주특별자치도 서귀포시 남원읍,중상사고,0,1,0,0,차대차 - 정면충돌,중앙선침범,기타,눈,단일로 - 기타,승용,남,24세,상해없음,화물,남,59세,중상
2015031000100335,2015년 3월 10일 16시,화요일,제주특별자치도 제주시 일도이동,경상사고,0,0,2,0,차대차 - 기타,안전거리미확보,기타,맑음,단일로 - 기타,승용,여,34세,상해없음,승용,여,47세,경상
2015031000100336,2015년 3월 10일 16시,화요일,제주특별자치도 제주시 연동,경상사고,0,0,2,0,차대차 - 기타,교차로운행방법위반,건조,맑음,교차로 - 교차로안,승용,여,48세,경상,승합,남,43세,상해없음
2015031000100367,2015년 3월 10일 17시,화요일,제주특별자치도 서귀포시 성산읍,중상사고,0,1,0,0,차대차 - 기타,직진우회전진행방해,건조,맑음,교차로 - 교차로안,승용,여,39세,상해없음,화물,남,69세,상해없음
2015031000100368,2015년 3월 10일 17시,화요일,제주특별자치도 제주시 조천읍,경상사고,0,0,1,0,차대차 - 기타,중앙선침범,습기,비,단일로 - 기타,승용,남,57세,상해없음,화물,여,47세,경상
2015031000100406,2015년 3월 10일 18시,화요일,제주특별자치도 제주시 연동,경상사고,0,0,1,0,차대사람 - 횡단중,보행자보호의무위반,건조,흐림,단일로 - 기타,승용,남,64세,상해없음,보행자,남,56세,경상
2015031000100436,2015년 3월 10일 19시,화요일,제주특별자치도 제주시 이도이동,경상사고,0,0,1,0,차대사람 - 횡단중,안전운전불이행,건조,맑음,단일로 - 기타,승합,남,55세,상해없음,보행자,남,13세,경상
2015031000100511,2015년 3월 10일 22시,화요일,제주특별자치도 제주시 삼도일동,중상사고,0,1,0,0,차대차 - 추돌 - 진행중,교차로운행방법위반,습기,흐림,교차로 - 교차로안,이륜,남,22세,중상,승용,남,61세,상해없음
2015031100100024,2015년 3월 11일 01시,수요일,제주특별자치도 제주시 삼도이동,경상사고,0,0,1,0,차대차 - 측면직각충돌,직진우회전진행방해,건조,맑음,교차로 - 교차로안,승용,남,44세,상해없음,이륜,남,19세,경상
2015031100100052,2015년 3월 11일 04시,수요일,제주특별자치도 서귀포시 색달동,부상신고사고,0,0,0,1,차량단독 - 기타,안전운전불이행,건조,맑음,교차로 - 교차로부근,승용,남,29세,부상신고,,,,
2015031100100334,2015년 3월 11일 16시,수요일,제주특별자치도 제주시 도남동,경상사고,0,0,1,0,차대차 - 추돌 - 진행중,안전운전불이행,건조,맑음,교차로 - 교차로부근,승용,남,25세,상해없음,승용,여,48세,경상
2015031100100335,2015년 3월 11일 16시,수요일,제주특별자치도 제주시 이도이동,중상사고,0,2,0,0,차대차 - 추돌 - 진행중,안전거리미확보,건조,맑음,단일로 - 기타,승용,여,33세,상해없음,승용,남,27세,중상
2015031100100442,2015년 3월 11일 19시,수요일,제주특별자치도 제주시 아라일동,경상사고,0,0,6,0,차대차 - 추돌 - 진행중,안전거리미확보,기타,맑음,단일로 - 기타,승용,여,23세,상해없음,승용,남,22세,경상
2015031100100472,2015년 3월 11일 20시,수요일,제주특별자치도 서귀포시 서귀동,중상사고,0,1,1,0,차대차 - 기타,교차로운행방법위반,건조,맑음,교차로 - 교차로안,화물,남,37세,기타불명,승용,여,52세,중상
2015031100100473,2015년 3월 11일 20시,수요일,제주특별자치도 제주시 연동,경상사고,0,0,1,0,차대차 - 기타,안전거리미확보,건조,흐림,단일로 - 기타,승용,남,23세,상해없음,승용,남,79세,경상
2015031200100065,2015년 3월 12일 05시,목요일,제주특별자치도 제주시 도남동,중상사고,0,1,0,0,차대사람 - 횡단중,보행자보호의무위반,건조,흐림,교차로 - 교차로안,승용,남,52세,상해없음,보행자,여,67세,중상
2015031200100085,2015년 3월 12일 06시,목요일,제주특별자치도 제주시 구좌읍,중상사고,0,1,0,0,차대사람 - 기타,안전운전불이행,건조,맑음,단일로 - 기타,승용,남,23세,상해없음,보행자,남,18세,중상
2015031200100108,2015년 3월 12일 07시,목요일,제주특별자치도 제주시 삼도이동,부상신고사고,0,0,0,1,차대차 - 추돌 - 진행중,안전운전불이행,기타,맑음,교차로 - 교차로안,승용,남,46세,부상신고,화물,남,41세,상해없음
2015031200100251,2015년 3월 12일 11시,목요일,제주특별자치도 제주시 조천읍,경상사고,0,0,1,0,차대차 - 추돌 - 진행중,교차로운행방법위반,건조,맑음,교차로 - 교차로안,승용,여,35세,상해없음,이륜,남,42세,경상
2015031200100329,2015년 3월 12일 14시,목요일,제주특별자치도 서귀포시 성산읍,부상신고사고,0,0,0,1,차대차 - 기타,안전운전불이행,건조,맑음,단일로 - 기타,이륜,남,73세,부상신고,승용,여,23세,상해없음
2015031200100354,2015년 3월 12일 15시,목요일,제주특별자치도 서귀포시 남원읍,중상사고,0,1,0,0,차대차 - 측면직각충돌,직진우회전진행방해,건조,맑음,교차로 - 교차로안,화물,남,47세,상해없음,화물,남,29세,중상
2015031200100355,2015년 3월 12일 15시,목요일,제주특별자치도 서귀포시 성산읍,경상사고,0,0,1,0,차대사람 - 기타,안전운전불이행,건조,맑음,단일로 - 기타,승용,남,30세,상해없음,보행자,여,60세,경상
2015031200100356,2015년 3월 12일 15시,목요일,제주특별자치도 제주시 도두일동,중상사고,0,1,1,1,차대차 - 기타,신호위반,건조,맑음,교차로 - 교차로안,승용,남,37세,부상신고,승용,여,53세,경상
2015031200100589,2015년 3월 12일 21시,목요일,제주특별자치도 제주시 노형동,중상사고,0,1,0,0,차대차 - 측면직각충돌,직진우회전진행방해,건조,맑음,교차로 - 교차로안,승용,여,46세,상해없음,승용,여,33세,중상
2015031300100037,2015년 3월 13일 02시,금요일,제주특별자치도 제주시 연동,경상사고,0,0,1,0,차대차 - 측면직각충돌,교차로운행방법위반,건조,맑음,교차로 - 교차로안,승용,남,54세,상해없음,승용,남,37세,경상
2015031300100056,2015년 3월 13일 04시,금요일,제주특별자치도 제주시 용담일동,경상사고,0,0,1,0,차대차 - 기타,신호위반,건조,기타,교차로 - 교차로안,승용,남,58세,상해없음,화물,남,45세,상해없음
2015031300100149,2015년 3월 13일 08시,금요일,제주특별자치도 제주시 조천읍,중상사고,0,1,1,0,차대차 - 측면직각충돌,교차로운행방법위반,건조,맑음,교차로 - 교차로안,화물,남,47세,중상,승용,남,59세,경상
2015031300100150,2015년 3월 13일 08시,금요일,제주특별자치도 제주시 조천읍,경상사고,0,0,1,0,차대차 - 추돌 - 진행중,안전거리미확보,건조,맑음,단일로 - 기타,건설기계,남,55세,상해없음,승용,여,42세,경상
2015031300100151,2015년 3월 13일 08시,금요일,제주특별자치도 서귀포시 대정읍,중상사고,0,1,1,0,차대차 - 기타,직진우회전진행방해,건조,맑음,교차로 - 교차로안,화물,남,37세,상해없음,농기계,남,78세,경상
2015031300100152,2015년 3월 13일 08시,금요일,제주특별자치도 서귀포시 서홍동,경상사고,0,0,1,0,차대사람 - 기타,안전운전불이행,건조,맑음,기타 - 기타,승용,남,55세,상해없음,보행자,남,46세,경상
2015031300100153,2015년 3월 13일 08시,금요일,제주특별자치도 제주시 한림읍,사망사고,1,0,0,0,차대사람 - 횡단중,과속,건조,맑음,단일로 - 기타,화물,남,36세,상해없음,보행자,여,79세,사망
2015031300100183,2015년 3월 13일 09시,금요일,제주특별자치도 서귀포시 하효동,경상사고,0,0,1,0,차대차 - 기타,교차로운행방법위반,건조,맑음,교차로 - 교차로안,승용,여,24세,상해없음,화물,남,53세,경상
2015031300100253,2015년 3월 13일 11시,금요일,제주특별자치도 제주시 한림읍,경상사고,0,0,1,0,차대차 - 기타,교차로운행방법위반,건조,맑음,교차로 - 교차로부근,승용,남,49세,상해없음,승용,남,44세,경상
2015031300100283,2015년 3월 13일 12시,금요일,제주특별자치도 제주시 연동,경상사고,0,0,1,0,차대사람 - 기타,안전운전불이행,건조,맑음,단일로 - 기타,승용,여,22세,기타불명,보행자,남,34세,경상
2015031300100340,2015년 3월 13일 14시,금요일,제주특별자치도 제주시 건입동,경상사고,0,0,1,0,차대차 - 추돌 - 진행중,안전운전불이행,건조,맑음,교차로 - 교차로부근,승용,남,58세,상해없음,승용,여,33세,경상
2015031300100379,2015년 3월 13일 15시,금요일,제주특별자치도 제주시 연동,경상사고,0,0,1,0,차대차 - 추돌 - 주정차중,안전거리미확보,건조,맑음,단일로 - 기타,화물,남,38세,기타불명,승용,남,30세,경상
2015031300100450,2015년 3월 13일 17시,금요일,제주특별자치도 서귀포시 서호동,부상신고사고,0,0,0,2,차대차 - 기타,직진우회전진행방해,건조,맑음,교차로 - 교차로안,승용,여,22세,상해없음,승용,남,36세,부상신고
2015031300100451,2015년 3월 13일 17시,금요일,제주특별자치도 제주시 애월읍,중상사고,0,2,0,0,차대차 - 측면직각충돌,교차로운행방법위반,건조,맑음,교차로 - 교차로안,승용,남,56세,상해없음,승용,남,30세,상해없음
2015031300100537,2015년 3월 13일 19시,금요일,제주특별자치도 제주시 화북이동,경상사고,0,0,1,0,차량단독 - 기타,안전운전불이행,건조,맑음,단일로 - 기타,자전거,남,7세,경상,,,,
2015031300100538,2015년 3월 13일 19시,금요일,제주특별자치도 제주시 연동,경상사고,0,0,1,0,차대차 - 기타,안전운전불이행,건조,맑음,단일로 - 횡단보도상,승용,여,52세,상해없음,자전거,남,25세,경상
2015031300100578,2015년 3월 13일 20시,금요일,제주특별자치도 제주시 이도일동,경상사고,0,0,1,0,차대사람 - 기타,안전운전불이행,건조,맑음,단일로 - 기타,승용,여,26세,상해없음,보행자,여,17세,상해없음
2015031300100659,2015년 3월 13일 22시,금요일,제주특별자치도 제주시 연동,중상사고,0,1,0,0,차대차 - 측면직각충돌,신호위반,건조,맑음,교차로 - 교차로안,이륜,남,16세,중상,승용,여,44세,상해없음
2015031300100692,2015년 3월 13일 23시,금요일,제주특별자치도 제주시 연동,중상사고,0,1,0,0,차대사람 - 기타,안전운전불이행,건조,맑음,교차로 - 교차로부근,승용,여,54세,상해없음,보행자,남,47세,중상
2015031400100164,2015년 3월 14일 08시,토요일,제주특별자치도 제주시 애월읍,경상사고,0,0,1,1,차대차 - 기타,신호위반,건조,맑음,교차로 - 교차로안,화물,남,74세,부상신고,승용,남,39세,경상
2015031400100192,2015년 3월 14일 09시,토요일,제주특별자치도 제주시 삼도이동,경상사고,0,0,2,0,차대차 - 추돌 - 주정차중,안전거리미확보,건조,맑음,단일로 - 기타,승용,남,57세,상해없음,승용,여,33세,경상
2015031400100193,2015년 3월 14일 09시,토요일,제주특별자치도 서귀포시 표선면,중상사고,0,1,0,0,차대차 - 측면직각충돌,안전운전불이행,건조,맑음,단일로 - 기타,건설기계,남,37세,상해없음,승용,여,31세,중상
2015031400100224,2015년 3월 14일 10시,토요일,제주특별자치도 제주시 해안동,중상사고,0,1,0,0,차량단독 - 공작물충돌,안전운전불이행,건조,맑음,단일로 - 기타,승용,남,23세,중상,,,,
2015031400100301,2015년 3월 14일 12시,토요일,제주특별자치도 제주시 노형동,중상사고,0,1,0,0,차대차 - 기타,안전운전불이행,건조,맑음,단일로 - 기타,원동기,남,82세,중상,승용,여,63세,상해없음
2015031400100335,2015년 3월 14일 13시,토요일,제주특별자치도 제주시 조천읍,중상사고,0,1,1,1,차대차 - 추돌 - 주정차중,안전거리미확보,건조,맑음,단일로 - 기타,승합,남,27세,상해없음,승합,남,54세,상해없음
2015031400100336,2015년 3월 14일 13시,토요일,제주특별자치도 서귀포시 남원읍,경상사고,0,0,1,0,차대사람 - 기타,안전운전불이행,건조,맑음,교차로 - 교차로안,화물,남,76세,상해없음,보행자,남,90세 이상,경상
2015031400100379,2015년 3월 14일 14시,토요일,제주특별자치도 제주시 삼도이동,경상사고,0,0,1,0,차대차 - 추돌 - 주정차중,안전운전불이행,건조,맑음,단일로 - 기타,승용,남,63세,상해없음,승용,남,32세,경상
2015031400100457,2015년 3월 14일 16시,토요일,제주특별자치도 제주시 삼도일동,경상사고,0,0,1,0,차대사람 - 기타,안전운전불이행,건조,맑음,단일로 - 기타,기타불명,기타불명,기타불명,기타불명,보행자,남,45세,경상
2015031400100566,2015년 3월 14일 19시,토요일,제주특별자치도 제주시 조천읍,경상사고,0,0,1,0,차대차 - 추돌 - 진행중,안전운전불이행,건조,기타,단일로 - 기타,화물,남,74세,상해없음,승용,여,56세,경상
2015031400100653,2015년 3월 14일 22시,토요일,제주특별자치도 제주시 이도이동,경상사고,0,0,1,0,차대사람 - 기타,안전운전불이행,건조,맑음,단일로 - 기타,승용,남,39세,상해없음,보행자,여,58세,경상
2015031400100654,2015년 3월 14일 22시,토요일,제주특별자치도 제주시 오라이동,중상사고,0,1,0,0,차대차 - 추돌 - 진행중,신호위반,기타,맑음,교차로 - 교차로안,승용,남,46세,상해없음,승용,여,37세,중상
2015031400100683,2015년 3월 14일 23시,토요일,제주특별자치도 제주시 연동,경상사고,0,0,2,0,차대차 - 추돌 - 주정차중,안전운전불이행,건조,맑음,교차로 - 교차로부근,승용,남,38세,상해없음,승용,남,31세,경상
2015031400100684,2015년 3월 14일 23시,토요일,제주특별자치도 제주시 연동,경상사고,0,0,2,0,차대차 - 기타,직진우회전진행방해,건조,맑음,교차로 - 교차로안,화물,남,41세,상해없음,승용,여,27세,경상
2015031500100015,2015년 3월 15일 00시,일요일,제주특별자치도 서귀포시 법환동,중상사고,0,1,0,0,차대사람 - 기타,안전운전불이행,건조,맑음,단일로 - 기타,승용,남,42세,상해없음,보행자,남,53세,중상
2015031500100175,2015년 3월 15일 10시,일요일,제주특별자치도 제주시 도남동,중상사고,0,1,0,0,차대차 - 기타,신호위반,건조,맑음,교차로 - 교차로안,승용,남,70세,상해없음,이륜,남,65세,중상
2015031500100193,2015년 3월 15일 11시,일요일,제주특별자치도 제주시 아라일동,경상사고,0,0,5,0,차대차 - 기타,안전운전불이행,건조,맑음,교차로 - 교차로부근,승용,남,58세,상해없음,화물,남,52세,경상
2015031500100194,2015년 3월 15일 11시,일요일,제주특별자치도 제주시 오라이동,경상사고,0,0,1,0,차대차 - 추돌 - 진행중,신호위반,건조,맑음,교차로 - 교차로안,화물,남,21세,상해없음,승용,여,41세,경상
2015031500100216,2015년 3월 15일 12시,일요일,제주특별자치도 제주시 오라일동,경상사고,0,0,1,0,차대차 - 추돌 - 진행중,안전운전불이행,건조,맑음,단일로 - 기타,승용,남,57세,상해없음,자전거,여,23세,경상
2015031500100217,2015년 3월 15일 12시,일요일,제주특별자치도 제주시 연동,중상사고,0,1,1,0,차대차 - 측면직각충돌,안전거리미확보,건조,맑음,단일로 - 기타,건설기계,남,47세,상해없음,승용,남,25세,경상
2015031500100218,2015년 3월 15일 12시,일요일,제주특별자치도 제주시 연동,경상사고,0,0,2,0,차대차 - 측면직각충돌,교차로운행방법위반,건조,맑음,교차로 - 교차로안,승용,여,47세,경상,승용,남,59세,경상
2015031500100280,2015년 3월 15일 14시,일요일,제주특별자치도 제주시 구좌읍,중상사고,0,1,0,0,차대차 - 기타,직진우회전진행방해,건조,맑음,교차로 - 교차로안,승용,남,34세,상해없음,이륜,여,60세,중상
2015031500100281,2015년 3월 15일 14시,일요일,제주특별자치도 제주시 애월읍,중상사고,0,3,0,0,차대차 - 기타,중앙선침범,건조,맑음,단일로 - 기타,승용,남,24세,상해없음,승용,남,49세,중상
2015031500100423,2015년 3월 15일 18시,일요일,제주특별자치도 서귀포시 대정읍,중상사고,0,1,0,0,차대차 - 기타,직진우회전진행방해,건조,맑음,교차로 - 교차로안,승용,남,67세,상해없음,자전거,남,14세,중상
2015031500100496,2015년 3월 15일 20시,일요일,제주특별자치도 제주시 이도이동,경상사고,0,0,1,0,차량단독 - 공작물충돌,안전거리미확보,건조,맑음,단일로 - 기타,승합,남,47세,상해없음,,,,
2015031500100525,2015년 3월 15일 21시,일요일,제주특별자치도 서귀포시 서귀동,경상사고,0,0,3,0,차대차 - 기타,교차로운행방법위반,건조,맑음,교차로 - 교차로안,승용,남,20세,상해없음,승용,여,24세,경상
2015031500100557,2015년 3월 15일 23시,일요일,제주특별자치도 제주시 노형동,경상사고,0,0,1,1,차대차 - 측면직각충돌,직진우회전진행방해,건조,맑음,교차로 - 교차로안,승용,여,44세,상해없음,승용,여,53세,경상
2015031600100033,2015년 3월 16일 02시,월요일,제주특별자치도 제주시 연동,사망사고,1,1,0,0,차량단독 - 공작물충돌,안전운전불이행,건조,맑음,교차로 - 교차로안,승용,남,22세,사망,,,,
2015031600100134,2015년 3월 16일 09시,월요일,제주특별자치도 제주시 도남동,중상사고,0,2,0,0,차대차 - 추돌 - 진행중,직진우회전진행방해,건조,맑음,교차로 - 교차로안,이륜,남,78세,중상,승용,여,56세,상해없음