사고번호,사고일시,요일,시군구,사고내용,사망자수,중상자수,경상자수,부상신고자수,사고유형,법규위반,노면상태,기상상태,도로형태,가해운전자 차종,가해운전자 성별,가해운전자 연령,가해운전자 상해정도,피해운전자 차종,피해운전자 성별,피해운전자 연령,피해운전자 상해정도
2015031600100168,2015년 3월 16일 10시,월요일,제주특별자치도 제주시 연동,경상사고,0,0,1,0,차대차 - 기타,안전운전불이행,건조,맑음,교차로 - 교차로안,화물,남,43세,기타불명,승용,여,29세,경상
2015031600100202,2015년 3월 16일 11시,월요일,제주특별자치도 제주시 조천읍,경상사고,0,0,1,0,차량단독 - 공작물충돌,안전운전불이행,건조,맑음,단일로 - 기타,승용,남,46세,경상,,,,
2015031600100203,2015년 3월 16일 11시,월요일,제주특별자치도 제주시 삼도이동,경상사고,0,0,2,0,차대차 - 추돌 - 진행중,교차로운행방법위반,건조,맑음,교차로 - 교차로안,화물,남,61세,경상,승용,여,30세,경상
2015031600100204,2015년 3월 16일 11시,월요일,제주특별자치도 제주시 애월읍,중상사고,0,1,0,0,차량단독 - 전도전복,안전운전불이행,건조,맑음,단일로 - 기타,화물,남,20세,중상,,,,
2015031600100323,2015년 3월 16일 15시,월요일,제주특별자치도 제주시 건입동,경상사고,0,0,2,0,차대차 - 추돌 - 진행중,안전거리미확보,건조,맑음,교차로 - 교차로안,승용,여,38세,상해없음,승용,남,28세,경상
2015031600100512,2015년 3월 16일 20시,월요일,제주특별자치도 서귀포시 표선면,경상사고,0,0,2,1,차대차 - 추돌 - 진행중,안전운전불이행,건조,맑음,교차로 - 교차로안,승용,남,32세,부상신고,승용,여,28세,경상
2015031600100546,2015년 3월 16일 21시,월요일,제주특별자치도 제주시 노형동,경상사고,0,0,1,0,차대차 - 기타,안전운전불이행,건조,맑음,단일로 - 기타,승용,남,56세,상해없음,이륜,남,21세,경상
2015031600100547,2015년 3월 16일 21시,월요일,제주특별자치도 제주시 연동,경상사고,0,0,2,1,차대차 - 측면직각충돌,교차로운행방법위반,건조,맑음,교차로 - 교차로안,승용,남,41세,상해없음,승용,여,26세,경상
2015031600100605,2015년 3월 16일 23시,월요일,제주특별자치도 제주시 내도동,중상사고,0,1,0,0,차대차 - 기타,안전운전불이행,건조,맑음,단일로 - 기타,승용,남,32세,기타불명,승용,여,47세,상해없음
2015031700100008,2015년 3월 17일 00시,화요일,제주특별자치도 제주시 도남동,중상사고,0,1,0,0,차대사람 - 기타,안전운전불이행,건조,맑음,단일로 - 기타,승용,남,29세,상해없음,보행자,남,43세,중상
2015031700100052,2015년 3월 17일 04시,화요일,제주특별자치도 제주시 오라일동,경상사고,0,0,1,0,차대차 - 추돌 - 진행중,안전운전불이행,건조,맑음,교차로 - 교차로안,승용,남,45세,상해없음,승용,여,39세,경상
2015031700100138,2015년 3월 17일 08시,화요일,제주특별자치도 제주시 건입동,경상사고,0,0,1,0,차대차 - 기타,안전운전불이행,건조,맑음,단일로 - 기타,건설기계,남,56세,상해없음,승용,여,23세,경상
2015031700100252,2015년 3월 17일 12시,화요일,제주특별자치도 서귀포시 성산읍,경상사고,0,0,1,0,차대차 - 기타,기타,건조,맑음,단일로 - 기타,화물,남,56세,상해없음,승용,남,42세,경상
2015031700100318,2015년 3월 17일 14시,화요일,제주특별자치도 제주시 애월읍,부상신고사고,0,0,0,1,차대차 - 기타,안전운전불이행,건조,맑음,단일로 - 기타,승용,여,22세,상해없음,승용,남,30세,부상신고
2015031700100378,2015년 3월 17일 16시,화요일,제주특별자치도 제주시 봉개동,중상사고,0,1,0,0,차량단독 - 공작물충돌,안전운전불이행,건조,맑음,단일로 - 기타,승용,남,57세,상해없음,,,,
2015031700100451,2015년 3월 17일 18시,화요일,제주특별자치도 제주시 한림읍,경상사고,0,0,1,0,차대차 - 기타,신호위반,건조,맑음,교차로 - 교차로안,승용,남,34세,상해없음,승용,여,31세,경상
2015031700100493,2015년 3월 17일 19시,화요일,제주특별자치도 제주시 일도이동,경상사고,0,0,1,0,차대차 - 기타,중앙선침범,건조,맑음,교차로 - 교차로부근,승용,남,56세,상해없음,승용,여,46세,경상
2015031800100025,2015년 3월 18일 01시,수요일,제주특별자치도 제주시 용담일동,중상사고,0,2,2,0,차대차 - 추돌 - 진행중,신호위반,건조,맑음,교차로 - 교차로안,승용,남,56세,상해없음,승용,남,58세,경상
2015031800100062,2015년 3월 18일 05시,수요일,제주특별자치도 제주시 도남동,경상사고,0,0,1,0,차대차 - 측면직각충돌,안전운전불이행,습기,비,단일로 - 기타,승용,여,61세,상해없음,승용,여,28세,경상
2015031800100192,2015년 3월 18일 10시,수요일,제주특별자치도 서귀포시 중문동,중상사고,0,1,0,0,차대사람 - 기타,중앙선침범,습기,흐림,교차로 - 교차로부근,이륜,여,77세,상해없음,보행자,여,83세,중상
2015031800100241,2015년 3월 18일 12시,수요일,제주특별자치도 제주시 도련일동,중상사고,0,2,3,0,차대차 - 추돌 - 진행중,교차로운행방법위반,건조,맑음,교차로 - 교차로안,승용,남,57세,경상,승용,여,49세,경상
2015031800100242,2015년 3월 18일 12시,수요일,제주특별자치도 서귀포시 서홍동,경상사고,0,0,1,0,차대차 - 기타,신호위반,습기,비,단일로 - 기타,승합,남,49세,상해없음,승용,남,63세,경상
2015031800100272,2015년 3월 18일 13시,수요일,제주특별자치도 제주시 용담이동,중상사고,0,1,3,0,차대차 - 측면직각충돌,교차로운행방법위반,건조,맑음,교차로 - 교차로안,승용,남,22세,상해없음,승합,남,43세,경상
2015031800100273,2015년 3월 18일 13시,수요일,제주특별자치도 제주시 연동,경상사고,0,0,2,0,차대차 - 기타,신호위반,건조,맑음,교차로 - 교차로부근,승용,남,52세,상해없음,승용,남,47세,경상
2015031800100340,2015년 3월 18일 15시,수요일,제주특별자치도 제주시 삼양이동,경상사고,0,0,1,0,차대차 - 기타,교차로운행방법위반,건조,맑음,교차로 - 교차로안,화물,남,47세,상해없음,승용,여,52세,경상
2015031800100427,2015년 3월 18일 17시,수요일,제주특별자치도 제주시 일도이동,경상사고,0,0,1,0,차대사람 - 기타,안전운전불이행,건조,맑음,단일로 - 기타,화물,남,54세,상해없음,보행자,남,8세,경상
2015031800100428,2015년 3월 18일 17시,수요일,제주특별자치도 제주시 애월읍,중상사고,0,2,0,0,차대차 - 측면직각충돌,신호위반,건조,맑음,교차로 - 교차로안,승용,여,20세,상해없음,승용,남,49세,중상
2015031800100470,2015년 3월 18일 18시,수요일,제주특별자치도 제주시 삼양일동,중상사고,0,1,0,0,차대차 - 기타,안전운전불이행,건조,맑음,교차로 - 교차로안,승용,남,38세,상해없음,화물,남,27세,중상
2015031800100471,2015년 3월 18일 18시,수요일,제주특별자치도 제주시 애월읍,경상사고,0,0,1,0,차대차 - 추돌 - 진행중,안전거리미확보,습기,흐림,단일로 - 기타,승용,남,59세,상해없음,승용,남,58세,상해없음
2015031800100532,2015년 3월 18일 19시,수요일,제주특별자치도 제주시 삼도일동,경상사고,0,0,1,0,차대차 - 추돌 - 진행중,안전운전불이행,건조,맑음,교차로 - 교차로안,승합,여,57세,상해없음,승용,남,68세,경상
2015031800100578,2015년 3월 18일 20시,수요일,제주특별자치도 서귀포시 성산읍,중상사고,0,1,5,1,차량단독 - 기타,안전운전불이행,습기,비,단일로 - 기타,승합,남,57세,상해없음,,,,
2015031800100579,2015년 3월 18일 20시,수요일,제주특별자치도 제주시 연동,경상사고,0,0,1,0,차량단독 - 기타,안전운전불이행,습기,비,단일로 - 기타,승용,남,54세,상해없음,,,,
2015031800100627,2015년 3월 18일 21시,수요일,제주특별자치도 제주시 한림읍,중상사고,0,1,0,0,차대차 - 추돌 - 주정차중,안전운전불이행,습기,흐림,단일로 - 기타,화물,남,49세,중상,화물,남,53세,기타불명
2015031900100102,2015년 3월 19일 07시,목요일,제주특별자치도 제주시 구좌읍,경상사고,0,0,3,0,차대차 - 추돌 - 진행중,안전운전불이행,습기,비,교차로 - 교차로안,승용,여,42세,경상,승용,남,59세,경상
2015031900100148,2015년 3월 19일 08시,목요일,제주특별자치도 제주시 일도이동,경상사고,0,0,1,0,차대사람 - 횡단중,안전운전불이행,습기,비,교차로 - 교차로안,승용,남,40세,상해없음,보행자,남,9세,경상
2015031900100149,2015년 3월 19일 08시,목요일,제주특별자치도 제주시 노형동,경상사고,0,0,1,0,차대차 - 기타,안전거리미확보,습기,비,단일로 - 기타,화물,남,36세,상해없음,승용,여,55세,경상
2015031900100150,2015년 3월 19일 08시,목요일,제주특별자치도 제주시 노형동,경상사고,0,0,1,0,차대차 - 추돌 - 진행중,안전거리미확보,습기,비,교차로 - 교차로부근,승용,남,56세,상해없음,화물,남,54세,상해없음
2015031900100215,2015년 3월 19일 10시,목요일,제주특별자치도 제주시 조천읍,경상사고,0,0,1,0,차대차 - 추돌 - 진행중,교차로운행방법위반,기타,맑음,교차로 - 교차로안,이륜,여,79세,경상,승용,남,54세,상해없음
2015031900100351,2015년 3월 19일 14시,목요일,제주특별자치도 제주시 용담일동,중상사고,0,1,0,0,차대차 - 추돌 - 진행중,안전운전불이행,건조,맑음,교차로 - 교차로안,화물,남,58세,상해없음,원동기,남,16세,중상
2015031900100352,2015년 3월 19일 14시,목요일,제주특별자치도 서귀포시 동홍동,중상사고,0,1,0,0,차대차 - 측면직각충돌,교차로운행방법위반,건조,맑음,교차로 - 교차로부근,승용,여,58세,상해없음,원동기,여,61세,중상
2015031900100414,2015년 3월 19일 16시,목요일,제주특별자치도 제주시 일도이동,중상사고,0,1,0,0,차대차 - 추돌 - 진행중,안전운전불이행,건조,맑음,교차로 - 교차로안,승용,남,34세,상해없음,원동기,남,18세,중상
2015031900100415,2015년 3월 19일 16시,목요일,제주특별자치도 서귀포시 서귀동,경상사고,0,0,1,0,차대사람 - 보도통행중,안전운전불이행,건조,맑음,교차로 - 교차로안,승용,여,40세,상해없음,보행자,여,10세,경상
2015031900100454,2015년 3월 19일 17시,목요일,제주특별자치도 제주시 연동,경상사고,0,0,1,0,차대차 - 기타,안전거리미확보,건조,맑음,교차로 - 교차로안,화물,남,49세,상해없음,승용,여,45세,경상
2015032000100060,2015년 3월 20일 04시,금요일,제주특별자치도 제주시 이도이동,경상사고,0,0,1,0,차대사람 - 기타,안전운전불이행,건조,맑음,교차로 - 교차로부근,승용,남,25세,상해없음,보행자,남,20세,경상
2015032000100110,2015년 3월 20일 07시,금요일,제주특별자치도 제주시 노형동,경상사고,0,0,1,0,차대사람 - 기타,보행자보호의무위반,습기,비,단일로 - 기타,승용,남,52세,상해없음,보행자,여,16세,경상
2015032000100151,2015년 3월 20일 08시,금요일,제주특별자치도 제주시 오라일동,중상사고,0,1,0,0,차대사람 - 횡단중,안전운전불이행,건조,흐림,단일로 - 기타,승용,여,49세,상해없음,보행자,여,38세,중상
2015032000100174,2015년 3월 20일 09시,금요일,제주특별자치도 제주시 월평동,중상사고,0,1,0,0,차대차 - 추돌 - 진행중,안전운전불이행,기타,맑음,단일로 - 기타,승합,남,59세,상해없음,농기계,남,70세,상해없음
2015032000100207,2015년 3월 20일 10시,금요일,제주특별자치도 제주시 연동,경상사고,0,0,1,0,차대차 - 측면직각충돌,안전거리미확보,건조,맑음,교차로 - 교차로부근,승용,여,33세,상해없음,승합,남,57세,상해없음
2015032000100236,2015년 3월 20일 11시,금요일,제주특별자치도 제주시 우도면,중상사고,0,1,0,0,차량단독 - 공작물충돌,안전운전불이행,건조,맑음,단일로 - 기타,이륜,남,24세,상해없음,,,,
2015032000100237,2015년 3월 20일 11시,금요일,제주특별자치도 제주시 한림읍,경상사고,0,0,2,0,차대차 - 추돌 - 진행중,안전거리미확보,건조,흐림,교차로 - 교차로안,승용,남,33세,상해없음,승용,여,42세,경상
2015032000100259,2015년 3월 20일 12시,금요일,제주특별자치도 제주시 구좌읍,경상사고,0,0,1,0,차량단독 - 전도전복,안전운전불이행,건조,맑음,단일로 - 기타,원동기,여,22세,경상,,,,
2015032000100294,2015년 3월 20일 13시,금요일,제주특별자치도 제주시 건입동,경상사고,0,0,1,0,차대차 - 추돌 - 진행중,중앙선침범,건조,맑음,단일로 - 기타,승용,남,51세,상해없음,이륜,남,25세,경상
2015032000100295,2015년 3월 20일 13시,금요일,제주특별자치도 서귀포시 동홍동,경상사고,0,0,4,0,차대차 - 기타,교차로운행방법위반,건조,맑음,교차로 - 교차로안,승용,남,62세,경상,화물,남,54세,상해없음
2015032000100296,2015년 3월 20일 13시,금요일,제주특별자치도 제주시 애월읍,경상사고,0,0,1,0,차대차 - 측면직각충돌,신호위반,건조,맑음,교차로 - 교차로안,승용,남,38세,상해없음,승용,여,53세,경상
2015032000100326,2015년 3월 20일 14시,금요일,제주특별자치도 서귀포시 서홍동,경상사고,0,0,1,0,차대차 - 기타,안전거리미확보,건조,맑음,단일로 - 기타,승용,남,69세,상해없음,원동기,남,45세,경상
2015032000100474,2015년 3월 20일 18시,금요일,제주특별자치도 제주시 이도이동,경상사고,0,0,1,0,차대차 - 기타,차로위반,건조,맑음,단일로 - 기타,승용,남,37세,기타불명,승합,남,41세,상해없음
2015032000100523,2015년 3월 20일 19시,금요일,제주특별자치도 제주시 일도이동,경상사고,0,0,1,0,차량단독 - 기타,안전운전불이행,건조,맑음,교차로 - 교차로안,승용,남,52세,상해없음,,,,
2015032000100603,2015년 3월 20일 21시,금요일,제주특별자치도 제주시 일도이동,경상사고,0,0,1,0,차대사람 - 횡단중,신호위반,건조,맑음,교차로 - 교차로부근,승용,남,64세,상해없음,보행자,여,14세,경상
2015032100100017,2015년 3월 21일 00시,토요일,제주특별자치도 제주시 해안동,경상사고,0,0,1,0,차대차 - 추돌 - 진행중,안전운전불이행,건조,맑음,교차로 - 교차로안,화물,남,27세,상해없음,승용,남,51세,경상
2015032100100133,2015년 3월 21일 08시,토요일,제주특별자치도 제주시 노형동,경상사고,0,0,1,0,차대차 - 기타,안전운전불이행,건조,맑음,교차로 - 교차로부근,승용,남,39세,상해없음,승용,여,64세,경상
2015032100100153,2015년 3월 21일 09시,토요일,제주특별자치도 서귀포시 표선면,중상사고,0,1,0,0,차대차 - 추돌 - 진행중,직진우회전진행방해,건조,맑음,교차로 - 교차로안,승용,남,34세,상해없음,이륜,여,74세,중상
2015032100100207,2015년 3월 21일 11시,토요일,제주특별자치도 제주시 구좌읍,중상사고,0,2,0,0,차량단독 - 도로외이탈 - 추락,안전운전불이행,건조,맑음,단일로 - 기타,화물,남,42세,상해없음,,,,
2015032100100379,2015년 3월 21일 16시,토요일,제주특별자치도 제주시 구좌읍,중상사고,0,1,0,0,차량단독 - 공작물충돌,안전운전불이행,기타,맑음,단일로 - 기타,승용,여,67세,상해없음,,,,
2015032100100380,2015년 3월 21일 16시,토요일,제주특별자치도 제주시 건입동,중상사고,0,1,1,0,차대차 - 기타,안전운전불이행,건조,맑음,단일로 - 기타,승합,남,38세,상해없음,승용,남,56세,상해없음
2015032100100381,2015년 3월 21일 16시,토요일,제주특별자치도 제주시 애월읍,중상사고,0,1,0,0,차대차 - 기타,안전운전불이행,건조,맑음,기타 - 기타,승용,여,56세,상해없음,자전거,남,45세,중상
2015032100100464,2015년 3월 21일 18시,토요일,제주특별자치도 제주시 구좌읍,중상사고,0,2,0,0,차대차 - 측면직각충돌,직진우회전진행방해,건조,맑음,교차로 - 교차로안,이륜,남,80세,중상,승용,여,30세,상해없음
2015032200100019,2015년 3월 22일 00시,일요일,제주특별자치도 제주시 삼도일동,경상사고,0,0,1,0,차대차 - 측면직각충돌,신호위반,건조,맑음,교차로 - 교차로안,승용,여,39세,상해없음,승용,남,44세,경상
2015032200100114,2015년 3월 22일 06시,일요일,제주특별자치도 제주시 아라일동,중상사고,0,1,0,0,차량단독 - 전도전복,안전운전불이행,건조,맑음,단일로 - 기타,승용,남,29세,상해없음,,,,
2015032200100115,2015년 3월 22일 06시,일요일,제주특별자치도 제주시 연동,중상사고,0,1,0,0,차대차 - 추돌 - 진행중,안전운전불이행,건조,맑음,단일로 - 기타,승용,남,37세,상해없음,이륜,남,38세,중상
2015032200100156,2015년 3월 22일 09시,일요일,제주특별자치도 제주시 애월읍,경상사고,0,0,2,0,차대차 - 추돌 - 진행중,안전운전불이행,건조,맑음,단일로 - 기타,승용,남,45세,상해없음,화물,남,46세,경상
2015032200100216,2015년 3월 22일 12시,일요일,제주특별자치도 제주시 용담이동,경상사고,0,0,1,0,차대차 - 측면직각충돌,교차로운행방법위반,건조,맑음,교차로 - 교차로안,승합,남,51세,상해없음,승용,남,44세,경상
2015032200100246,2015년 3월 22일 13시,일요일,제주특별자치도 제주시 노형동,경상사고,0,0,1,0,차대사람 - 기타,안전운전불이행,건조,맑음,기타 - 기타,승용,여,33세,상해없음,보행자,남,60세,경상
2015032200100283,2015년 3월 22일 14시,일요일,제주특별자치도 제주시 애월읍,경상사고,0,0,1,1,차대차 - 추돌 - 진행중,안전거리미확보,건조,맑음,단일로 - 기타,승용,여,26세,부상신고,승용,여,54세,경상
2015032200100368,2015년 3월 22일 16시,일요일,제주특별자치도 제주시 일도이동,부상신고사고,0,0,0,1,차량단독 - 공작물충돌,안전운전불이행,기타,맑음,단일로 - 기타,승용,여,54세,부상신고,,,,
2015032200100369,2015년 3월 22일 16시,일요일,제주특별자치도 서귀포시 성산읍,경상사고,0,0,1,0,차대차 - 기타,직진우회전진행방해,건조,흐림,교차로 - 교차로안,화물,남,44세,상해없음,승용,여,51세,경상
2015032200100370,2015년 3월 22일 16시,일요일,제주특별자치도 제주시 연동,경상사고,0,0,1,0,차대차 - 기타,안전거리미확보,건조,맑음,단일로 - 기타,승용,여,24세,상해없음,승용,여,27세,경상
2015032200100411,2015년 3월 22일 17시,일요일,제주특별자치도 제주시 이도이동,경상사고,0,0,6,0,차대차 - 기타,직진우회전진행방해,건조,맑음,교차로 - 교차로안,승용,여,33세,경상,승용,남,32세,상해없음
2015032200100439,2015년 3월 22일 18시,일요일,제주특별자치도 제주시 조천읍,중상사고,0,1,0,0,차량단독 - 전도전복,안전운전불이행,건조,맑음,단일로 - 기타,이륜,남,25세,중상,,,,
2015032200100472,2015년 3월 22일 19시,일요일,제주특별자치도 서귀포시 동홍동,중상사고,0,1,0,0,차대사람 - 기타,신호위반,건조,맑음,교차로 - 교차로부근,이륜,남,19세,상해없음,보행자,남,56세,중상
2015032200100473,2015년 3월 22일 19시,일요일,제주특별자치도 서귀포시 강정동,경상사고,0,0,1,0,차대차 - 기타,안전운전불이행,건조,맑음,단일로 - 기타,승용,남,48세,상해없음,승용,여,28세,경상
2015032200100541,2015년 3월 22일 22시,일요일,제주특별자치도 서귀포시 동홍동,사망사고,1,0,0,0,차대사람 - 횡단중,보행자보호의무위반,건조,맑음,교차로 - 교차로부근,화물,여,48세,상해없음,보행자,남,59세,사망
2015032300100075,2015년 3월 23일 07시,월요일,제주특별자치도 제주시 조천읍,중상사고,0,1,1,0,차대차 - 측면직각충돌,교차로운행방법위반,건조,맑음,교차로 - 교차로안,승합,남,27세,중상,화물,남,38세,경상
2015032300100185,2015년 3월 23일 10시,월요일,제주특별자치도 제주시 화북일동,경상사고,0,0,1,0,차대차 - 추돌 - 진행중,안전거리미확보,기타,맑음,교차로 - 교차로부근,승용,여,56세,경상,승용,남,36세,상해없음
2015032300100186,2015년 3월 23일 10시,월요일,제주특별자치도 제주시 도두일동,경상사고,0,0,3,0,차대차 - 측면직각충돌,교차로운행방법위반,건조,맑음,교차로 - 교차로안,승용,남,56세,경상,승용,남,47세,경상
2015032300100306,2015년 3월 23일 14시,월요일,제주특별자치도 제주시 애월읍,경상사고,0,0,2,0,차대차 - 추돌 - 진행중,안전운전불이행,건조,맑음,단일로 - 기타,승용,남,42세,상해없음,승용,남,59세,경상
2015032300100307,2015년 3월 23일 14시,월요일,제주특별자치도 제주시 외도일동,경상사고,0,0,1,0,차대차 - 기타,안전운전불이행,건조,맑음,교차로 - 교차로안,화물,남,35세,상해없음,승용,여,56세,경상
2015032300100336,2015년 3월 23일 15시,월요일,제주특별자치도 제주시 삼도일동,경상사고,0,0,1,0,차대사람 - 횡단중,안전운전불이행,건조,맑음,단일로 - 기타,승용,여,60세,상해없음,보행자,남,11세,경상
2015032300100380,2015년 3월 23일 16시,월요일,제주특별자치도 제주시 연동,경상사고,0,0,2,0,차대차 - 기타,직진우회전진행방해,건조,맑음,교차로 - 교차로안,승용,여,47세,경상,승용,여,38세,경상
2015032300100416,2015년 3월 23일 17시,월요일,제주특별자치도 서귀포시 성산읍,경상사고,0,0,1,0,차대차 - 기타,안전운전불이행,건조,맑음,기타 - 기타,화물,남,48세,상해없음,원동기,여,56세,경상
2015032300100417,2015년 3월 23일 17시,월요일,제주특별자치도 제주시 용담삼동,중상사고,0,2,0,0,차대차 - 측면직각충돌,안전운전불이행,건조,맑음,교차로 - 교차로안,화물,남,41세,상해없음,승용,여,45세,중상
2015032300100579,2015년 3월 23일 22시,월요일,제주특별자치도 서귀포시 색달동,경상사고,0,0,2,0,차대차 - 추돌 - 주정차중,안전운전불이행,건조,맑음,교차로 - 교차로부근,승용,여,56세,상해없음,승용,남,20세,경상
2015032300100580,2015년 3월 23일 22시,월요일,제주특별자치도 제주시 노형동,부상신고사고,0,0,0,1,차대차 - 기타,교차로운행방법위반,건조,맑음,교차로 - 교차로안,승용,남,42세,상해없음,자전거,남,21세,부상신고
2015032300100597,2015년 3월 23일 23시,월요일,제주특별자치도 제주시 연동,경상사고,0,0,4,0,차대차 - 추돌 - 진행중,안전운전불이행,건조,맑음,단일로 - 기타,승용,여,51세,상해없음,승용,남,49세,경상
2015032400100013,2015년 3월 24일 00시,화요일,제주특별자치도 제주시 오라이동,경상사고,0,0,1,0,차량단독 - 기타,안전운전불이행,건조,맑음,교차로 - 교차로부근,승용,여,30세,경상,,,,
2015032400100028,2015년 3월 24일 01시,화요일,제주특별자치도 제주시 연동,중상사고,0,1,0,0,차대사람 - 차도통행중,안전운전불이행,건조,맑음,단일로 - 기타,승용,남,32세,상해없음,보행자,여,47세,중상
2015032400100105,2015년 3월 24일 07시,화요일,제주특별자치도 제주시 일도이동,경상사고,0,0,1,0,차대사람 - 횡단중,안전운전불이행,건조,맑음,교차로 - 교차로안,승용,남,43세,상해없음,보행자,여,10세,경상
2015032400100171,2015년 3월 24일 09시,화요일,제주특별자치도 제주시 건입동,경상사고,0,0,2,0,차대차 - 추돌 - 진행중,안전운전불이행,기타,맑음,단일로 - 기타,승용,남,49세,상해없음,승용,남,51세,경상
2015032400100273,2015년 3월 24일 13시,화요일,제주특별자치도 제주시 한림읍,경상사고,0,0,1,1,차대차 - 기타,교차로운행방법위반,건조,맑음,교차로 - 교차로안,승용,남,35세,부상신고,화물,남,54세,경상
2015032400100304,2015년 3월 24일 14시,화요일,제주특별자치도 제주시 구좌읍,경상사고,0,0,1,0,차량단독 - 공작물충돌,안전운전불이행,건조,맑음,단일로 - 기타,승용,남,29세,상해없음,,,,
2015032400100330,2015년 3월 24일 15시,화요일,제주특별자치도 제주시 건입동,경상사고,0,0,1,0,차대차 - 추돌 - 진행중,안전운전불이행,건조,맑음,교차로 - 교차로부근,건설기계,남,52세,상해없음,승용,남,28세,경상
2015032400100331,2015년 3월 24일 15시,화요일,제주특별자치도 서귀포시 안덕면,중상사고,0,1,4,0,차대차 - 측면직각충돌,중앙선침범,건조,맑음,단일로 - 기타,승용,남,31세,상해없음,승용,남,40세,중상
2015032400100358,2015년 3월 24일 16시,화요일,제주특별자치도 서귀포시 남원읍,사망사고,1,0,0,0,차대차 - 기타,신호위반,건조,맑음,교차로 - 교차로안,화물,남,69세,사망,화물,남,52세,상해없음
2015032400100359,2015년 3월 24일 16시,화요일,제주특별자치도 제주시 용담이동,경상사고,0,0,1,0,차대차 - 측면직각충돌,안전운전불이행,건조,맑음,교차로 - 교차로안,승용,남,54세,기타불명,자전거,남,12세,경상
2015032400100396,2015년 3월 24일 17시,화요일,제주특별자치도 서귀포시 남원읍,중상사고,0,4,0,0,차대차 - 기타,직진우회전진행방해,건조,맑음,교차로 - 교차로안,화물,여,61세,중상,승용,여,55세,중상
2015032400100397,2015년 3월 24일 17시,화요일,제주특별자치도 제주시 애월읍,경상사고,0,0,1,0,차대사람 - 기타,안전운전불이행,건조,맑음,교차로 - 교차로안,승용,여,45세,상해없음,보행자,남,50세,경상
2015032400100438,2015년 3월 24일 18시,화요일,제주특별자치도 제주시 건입동,중상사고,0,1,1,0,차대차 - 추돌 - 진행중,직진우회전진행방해,건조,맑음,교차로 - 교차로안,승용,여,56세,경상,승용,여,58세,중상
2015032400100488,2015년 3월 24일 19시,화요일,제주특별자치도 제주시 내도동,경상사고,0,0,1,0,차대차 - 추돌 - 진행중,안전운전불이행,건조,맑음,단일로 - 기타,승합,여,34세,상해없음,자전거,남,60세,경상
2015032400100601,2015년 3월 24일 22시,화요일,제주특별자치도 제주시 용담일동,경상사고,0,0,5,0,차대차 - 추돌 - 진행중,차로위반,건조,맑음,단일로 - 기타,화물,여,48세,경상,승용,남,51세,경상
2015032500100052,2015년 3월 25일 04시,수요일,제주특별자치도 제주시 연동,경상사고,0,0,1,0,차대차 - 기타,안전운전불이행,건조,맑음,단일로 - 기타,승용,남,28세,상해없음,승용,남,45세,경상
2015032500100208,2015년 3월 25일 10시,수요일,제주특별자치도 제주시 애월읍,중상사고,0,1,0,0,차대차 - 기타,안전운전불이행,건조,맑음,교차로 - 교차로부근,승합,남,52세,상해없음,승합,남,52세,상해없음
2015032500100342,2015년 3월 25일 14시,수요일,제주특별자치도 서귀포시 동홍동,중상사고,0,1,0,1,차량단독 - 공작물충돌,안전운전불이행,건조,맑음,단일로 - 기타,화물,남,74세,부상신고,,,,
2015032500100407,2015년 3월 25일 16시,수요일,제주특별자치도 제주시 연동,부상신고사고,0,0,0,1,차대차 - 측면직각충돌,직진우회전진행방해,건조,맑음,단일로 - 기타,승합,남,60세,상해없음,자전거,남,13세,부상신고
2015032500100442,2015년 3월 25일 17시,수요일,제주특별자치도 제주시 외도일동,경상사고,0,0,1,0,차대사람 - 횡단중,안전운전불이행,건조,맑음,단일로 - 횡단보도상,승용,남,48세,상해없음,보행자,남,10세,경상
2015032500100488,2015년 3월 25일 18시,수요일,제주특별자치도 제주시 화북이동,경상사고,0,0,1,0,차대차 - 측면직각충돌,중앙선침범,기타,맑음,교차로 - 교차로부근,원동기,남,18세,경상,승용,남,48세,상해없음
2015032500100570,2015년 3월 25일 20시,수요일,제주특별자치도 제주시 조천읍,경상사고,0,0,1,0,차대차 - 추돌 - 진행중,안전운전불이행,건조,맑음,교차로 - 교차로부근,화물,남,19세,상해없음,화물,남,61세,경상
2015032600100156,2015년 3월 26일 08시,목요일,제주특별자치도 서귀포시 서귀동,중상사고,0,1,0,0,차대차 - 기타,기타,건조,맑음,교차로 - 교차로부근,화물,남,51세,상해없음,자전거,남,14세,중상
2015032600100200,2015년 3월 26일 09시,목요일,제주특별자치도 서귀포시 서귀동,경상사고,0,0,1,0,차대차 - 기타,교차로운행방법위반,건조,맑음,교차로 - 교차로부근,승합,남,34세,상해없음,화물,남,56세,상해없음
2015032600100352,2015년 3월 26일 14시,목요일,제주특별자치도 서귀포시 성산읍,경상사고,0,0,5,0,차대차 - 추돌 - 진행중,안전거리미확보,건조,맑음,교차로 - 교차로안,화물,남,72세,경상,승용,남,60세,경상
2015032600100392,2015년 3월 26일 15시,목요일,제주특별자치도 제주시 구좌읍,경상사고,0,0,5,0,차대차 - 추돌 - 진행중,교차로운행방법위반,건조,맑음,교차로 - 교차로안,승용,여,31세,경상,승용,남,63세,경상
2015032600100393,2015년 3월 26일 15시,목요일,제주특별자치도 서귀포시 대포동,중상사고,0,1,0,0,차량단독 - 기타,안전운전불이행,건조,맑음,단일로 - 기타,농기계,남,72세,중상,,,,