사고번호,사고일시,요일,시군구,사고내용,사망자수,중상자수,경상자수,부상신고자수,사고유형,법규위반,노면상태,기상상태,도로형태,가해운전자 차종,가해운전자 성별,가해운전자 연령,가해운전자 상해정도,피해운전자 차종,피해운전자 성별,피해운전자 연령,피해운전자 상해정도
2015040400100253,2015년 4월 4일 11시,토요일,제주특별자치도 서귀포시 표선면,경상사고,0,0,1,0,차대차 - 추돌 - 주정차중,안전운전불이행,습기,비,단일로 - 기타,승용,남,39세,상해없음,승용,여,25세,경상
2015040400100288,2015년 4월 4일 12시,토요일,제주특별자치도 서귀포시 서귀동,중상사고,0,1,0,0,차대사람 - 횡단중,보행자보호의무위반,습기,비,교차로 - 교차로부근,승용,남,30세,상해없음,보행자,남,5세,중상
2015040400100289,2015년 4월 4일 12시,토요일,제주특별자치도 서귀포시 표선면,경상사고,0,0,1,0,차대차 - 추돌 - 주정차중,안전운전불이행,건조,흐림,단일로 - 기타,승용,여,55세,상해없음,승용,남,39세,경상
2015040400100320,2015년 4월 4일 13시,토요일,제주특별자치도 제주시 노형동,경상사고,0,0,1,0,차대차 - 추돌 - 진행중,안전거리미확보,건조,흐림,교차로 - 교차로안,승용,남,29세,상해없음,화물,남,23세,경상
2015040400100510,2015년 4월 4일 18시,토요일,제주특별자치도 제주시 봉개동,경상사고,0,0,1,0,차대사람 - 기타,안전운전불이행,건조,맑음,단일로 - 기타,화물,남,69세,상해없음,보행자,남,81세,경상
2015040400100556,2015년 4월 4일 19시,토요일,제주특별자치도 제주시 오라삼동,경상사고,0,0,4,0,차대차 - 추돌 - 진행중,안전거리미확보,습기,비,단일로 - 기타,승용,남,46세,경상,승용,남,43세,경상
2015040400100557,2015년 4월 4일 19시,토요일,제주특별자치도 제주시 노형동,경상사고,0,0,1,0,차대차 - 측면직각충돌,안전운전불이행,습기,비,교차로 - 교차로안,화물,남,19세,상해없음,승용,여,35세,경상
2015040400100609,2015년 4월 4일 20시,토요일,제주특별자치도 서귀포시 동홍동,경상사고,0,0,1,0,차대차 - 기타,안전운전불이행,습기,비,단일로 - 기타,승용,남,39세,상해없음,이륜,남,28세,경상
2015040400100657,2015년 4월 4일 21시,토요일,제주특별자치도 제주시 영평동,경상사고,0,0,1,0,차대차 - 기타,안전운전불이행,습기,흐림,단일로 - 기타,승용,남,37세,상해없음,승용,여,47세,경상
2015040400100724,2015년 4월 4일 23시,토요일,제주특별자치도 제주시 노형동,중상사고,0,1,1,0,차대사람 - 횡단중,보행자보호의무위반,습기,비,단일로 - 기타,승합,남,37세,상해없음,보행자,남,41세,경상
2015040500100127,2015년 4월 5일 06시,일요일,제주특별자치도 서귀포시 성산읍,경상사고,0,0,1,0,차대차 - 기타,신호위반,습기,흐림,교차로 - 교차로안,화물,남,59세,상해없음,승합,남,49세,경상
2015040500100156,2015년 4월 5일 08시,일요일,제주특별자치도 제주시 건입동,경상사고,0,0,1,0,차대차 - 기타,안전거리미확보,기타,맑음,단일로 - 기타,화물,남,62세,상해없음,화물,남,30세,경상
2015040500100165,2015년 4월 5일 09시,일요일,제주특별자치도 제주시 오등동,경상사고,0,0,2,0,차대차 - 기타,안전운전불이행,기타,안개,단일로 - 기타,승용,남,27세,상해없음,승용,남,31세,경상
2015040500100198,2015년 4월 5일 11시,일요일,제주특별자치도 제주시 용담이동,중상사고,0,1,0,0,차대사람 - 기타,안전운전불이행,기타,맑음,단일로 - 기타,승용,남,60세,상해없음,보행자,여,68세,중상
2015040500100236,2015년 4월 5일 13시,일요일,제주특별자치도 제주시 외도이동,경상사고,0,0,1,0,차대사람 - 기타,안전운전불이행,건조,맑음,단일로 - 기타,승용,여,57세,상해없음,보행자,여,75세,경상
2015040500100298,2015년 4월 5일 15시,일요일,제주특별자치도 제주시 건입동,중상사고,0,1,2,0,차대차 - 추돌 - 진행중,안전운전불이행,건조,맑음,단일로 - 교량,승용,남,40세,상해없음,승용,여,39세,중상
2015040500100299,2015년 4월 5일 15시,일요일,제주특별자치도 서귀포시 성산읍,부상신고사고,0,0,0,1,차대차 - 기타,중앙선침범,건조,흐림,단일로 - 기타,승용,여,41세,부상신고,승용,남,52세,상해없음
2015040500100332,2015년 4월 5일 16시,일요일,제주특별자치도 제주시 구좌읍,부상신고사고,0,0,0,1,차량단독 - 공작물충돌,안전운전불이행,기타,안개,단일로 - 기타,화물,남,41세,부상신고,,,,
2015040500100390,2015년 4월 5일 18시,일요일,제주특별자치도 서귀포시 하원동,경상사고,0,0,1,0,차대차 - 측면직각충돌,신호위반,건조,맑음,교차로 - 교차로안,화물,남,73세,상해없음,승용,남,63세,경상
2015040500100391,2015년 4월 5일 18시,일요일,제주특별자치도 서귀포시 남원읍,경상사고,0,0,2,2,차대차 - 기타,안전운전불이행,건조,맑음,교차로 - 교차로부근,화물,남,81세,상해없음,승용,남,47세,경상
2015040600100011,2015년 4월 6일 00시,월요일,제주특별자치도 제주시 용담삼동,경상사고,0,0,1,0,차량단독 - 공작물충돌,안전운전불이행,습기,비,단일로 - 기타,승용,남,42세,경상,,,,
2015040600100039,2015년 4월 6일 03시,월요일,제주특별자치도 제주시 노형동,중상사고,0,1,0,0,차대사람 - 보도통행중,보행자보호의무위반,습기,비,교차로 - 교차로부근,승용,남,60세,상해없음,보행자,남,52세,중상
2015040600100050,2015년 4월 6일 04시,월요일,제주특별자치도 제주시 도련일동,경상사고,0,0,1,0,차량단독 - 공작물충돌,안전운전불이행,습기,비,단일로 - 기타,승용,남,22세,경상,,,,
2015040600100063,2015년 4월 6일 05시,월요일,제주특별자치도 제주시 삼도일동,경상사고,0,0,4,0,차대차 - 기타,안전운전불이행,습기,비,교차로 - 교차로부근,화물,남,52세,경상,화물,남,39세,경상
2015040600100142,2015년 4월 6일 08시,월요일,제주특별자치도 제주시 삼도일동,경상사고,0,0,1,0,차대사람 - 횡단중,안전운전불이행,기타,맑음,단일로 - 횡단보도상,승용,남,56세,기타불명,보행자,여,15세,경상
2015040600100143,2015년 4월 6일 08시,월요일,제주특별자치도 서귀포시 표선면,경상사고,0,0,1,0,차대차 - 측면직각충돌,신호위반,습기,비,교차로 - 교차로안,승합,남,64세,상해없음,승합,여,34세,경상
2015040600100179,2015년 4월 6일 09시,월요일,제주특별자치도 제주시 건입동,부상신고사고,0,0,0,1,차대차 - 추돌 - 진행중,안전운전불이행,기타,비,단일로 - 기타,이륜,남,57세,부상신고,승용,여,53세,상해없음
2015040600100180,2015년 4월 6일 09시,월요일,제주특별자치도 서귀포시 안덕면,중상사고,0,3,6,1,차대차 - 기타,교차로운행방법위반,건조,흐림,교차로 - 교차로안,승합,남,48세,중상,승합,남,52세,중상
2015040600100212,2015년 4월 6일 10시,월요일,제주특별자치도 서귀포시 동홍동,경상사고,0,0,1,1,차대차 - 기타,신호위반,건조,맑음,교차로 - 교차로안,승용,남,28세,상해없음,승용,남,54세,경상
2015040600100246,2015년 4월 6일 11시,월요일,제주특별자치도 제주시 구좌읍,중상사고,0,2,1,0,차대차 - 추돌 - 진행중,교차로운행방법위반,건조,맑음,교차로 - 교차로안,승용,남,22세,상해없음,승용,여,36세,경상
2015040600100247,2015년 4월 6일 11시,월요일,제주특별자치도 서귀포시 토평동,경상사고,0,0,6,0,차대차 - 기타,중앙선침범,습기,비,단일로 - 기타,승용,여,26세,상해없음,승합,남,51세,경상
2015040600100426,2015년 4월 6일 16시,월요일,제주특별자치도 제주시 건입동,경상사고,0,0,2,0,차대차 - 추돌 - 진행중,안전운전불이행,습기,비,교차로 - 교차로안,승용,남,23세,상해없음,승용,남,26세,경상
2015040600100427,2015년 4월 6일 16시,월요일,제주특별자치도 제주시 이도일동,경상사고,0,0,1,0,차대사람 - 횡단중,안전운전불이행,건조,맑음,단일로 - 기타,승용,여,40세,상해없음,보행자,남,49세,경상
2015040600100493,2015년 4월 6일 18시,월요일,제주특별자치도 제주시 한림읍,경상사고,0,0,1,0,차대차 - 추돌 - 진행중,안전거리미확보,건조,흐림,단일로 - 기타,승용,남,37세,상해없음,승용,남,42세,경상
2015040600100494,2015년 4월 6일 18시,월요일,제주특별자치도 제주시 노형동,경상사고,0,0,1,0,차대사람 - 보도통행중,안전운전불이행,습기,비,단일로 - 기타,화물,여,61세,기타불명,보행자,여,7세,경상
2015040600100528,2015년 4월 6일 19시,월요일,제주특별자치도 제주시 삼도일동,경상사고,0,0,1,0,차대사람 - 기타,안전운전불이행,건조,맑음,단일로 - 기타,승용,남,46세,상해없음,보행자,남,47세,경상
2015040600100567,2015년 4월 6일 20시,월요일,제주특별자치도 제주시 도남동,경상사고,0,0,2,0,차대차 - 측면직각충돌,안전운전불이행,습기,비,단일로 - 기타,원동기,남,29세,경상,원동기,남,25세,경상
2015040700100030,2015년 4월 7일 01시,화요일,제주특별자치도 제주시 연동,중상사고,0,1,0,0,차대사람 - 기타,중앙선침범,습기,비,교차로 - 교차로부근,승용,남,24세,상해없음,보행자,남,31세,중상
2015040700100053,2015년 4월 7일 04시,화요일,제주특별자치도 제주시 오라삼동,경상사고,0,0,2,0,차대차 - 기타,안전운전불이행,습기,비,교차로 - 교차로부근,승용,남,34세,상해없음,승용,남,62세,경상
2015040700100176,2015년 4월 7일 09시,화요일,제주특별자치도 제주시 구좌읍,경상사고,0,0,2,0,차대차 - 추돌 - 진행중,안전운전불이행,건조,맑음,교차로 - 교차로안,승용,남,27세,경상,승용,남,67세,경상
2015040700100316,2015년 4월 7일 14시,화요일,제주특별자치도 제주시 오라이동,중상사고,0,1,0,0,차대차 - 기타,안전운전불이행,건조,맑음,단일로 - 기타,승합,남,59세,상해없음,건설기계,남,49세,중상
2015040700100376,2015년 4월 7일 16시,화요일,제주특별자치도 서귀포시 도순동,경상사고,0,0,1,0,차대사람 - 기타,안전운전불이행,건조,흐림,단일로 - 기타,자전거,남,66세,상해없음,보행자,여,12세,경상
2015040700100440,2015년 4월 7일 18시,화요일,제주특별자치도 제주시 연동,부상신고사고,0,0,0,1,차대사람 - 기타,안전운전불이행,건조,맑음,단일로 - 기타,승용,남,64세,상해없음,보행자,남,54세,부상신고
2015040700100471,2015년 4월 7일 19시,화요일,제주특별자치도 서귀포시 서귀동,중상사고,0,1,0,0,차대사람 - 기타,안전운전불이행,건조,맑음,교차로 - 교차로안,승용,남,39세,상해없음,보행자,남,64세,중상
2015040700100506,2015년 4월 7일 20시,화요일,제주특별자치도 제주시 노형동,중상사고,0,1,0,0,차대사람 - 횡단중,안전운전불이행,건조,맑음,교차로 - 교차로부근,승용,남,44세,상해없음,보행자,여,42세,중상
2015040700100541,2015년 4월 7일 21시,화요일,제주특별자치도 서귀포시 동홍동,중상사고,0,1,0,0,차대사람 - 기타,안전운전불이행,건조,맑음,단일로 - 기타,승합,남,32세,기타불명,보행자,여,65세,중상
2015040800100070,2015년 4월 8일 06시,수요일,제주특별자치도 제주시 연동,부상신고사고,0,0,0,1,차대사람 - 기타,안전운전불이행,건조,맑음,교차로 - 교차로부근,기타불명,기타불명,기타불명,기타불명,보행자,남,21세,부상신고
2015040800100129,2015년 4월 8일 08시,수요일,제주특별자치도 제주시 도두이동,경상사고,0,0,1,0,차대차 - 기타,안전운전불이행,건조,맑음,단일로 - 기타,화물,남,57세,상해없음,승용,남,22세,상해없음
2015040800100211,2015년 4월 8일 11시,수요일,제주특별자치도 서귀포시 성산읍,중상사고,0,1,0,0,차대차 - 기타,직진우회전진행방해,건조,맑음,교차로 - 교차로안,승용,여,26세,상해없음,화물,남,29세,상해없음
2015040800100212,2015년 4월 8일 11시,수요일,제주특별자치도 제주시 외도일동,중상사고,0,1,1,0,차대차 - 추돌 - 진행중,안전거리미확보,건조,맑음,단일로 - 기타,승용,남,42세,상해없음,승용,남,41세,중상
2015040800100367,2015년 4월 8일 16시,수요일,제주특별자치도 서귀포시 대정읍,사망사고,1,0,0,0,차대차 - 측면직각충돌,안전운전불이행,건조,맑음,교차로 - 교차로안,승용,남,57세,상해없음,원동기,남,71세,사망
2015040800100395,2015년 4월 8일 17시,수요일,제주특별자치도 제주시 화북이동,중상사고,0,2,5,0,차대차 - 추돌 - 주정차중,안전운전불이행,건조,맑음,단일로 - 기타,화물,남,47세,상해없음,승용,여,40세,경상
2015040800100396,2015년 4월 8일 17시,수요일,제주특별자치도 서귀포시 토평동,중상사고,0,1,0,0,차대차 - 기타,교차로운행방법위반,건조,맑음,교차로 - 교차로안,화물,남,56세,기타불명,화물,여,50세,중상
2015040800100420,2015년 4월 8일 18시,수요일,제주특별자치도 제주시 도남동,경상사고,0,0,1,0,차대차 - 추돌 - 진행중,안전운전불이행,습기,흐림,교차로 - 교차로안,자전거,남,13세,경상,승합,남,61세,상해없음
2015040800100421,2015년 4월 8일 18시,수요일,제주특별자치도 제주시 노형동,중상사고,0,1,0,0,차대차 - 기타,안전운전불이행,건조,맑음,단일로 - 기타,승용,여,48세,상해없음,승용,여,45세,중상
2015040800100455,2015년 4월 8일 19시,수요일,제주특별자치도 제주시 한림읍,경상사고,0,0,2,0,차대차 - 추돌 - 주정차중,교차로운행방법위반,건조,흐림,교차로 - 교차로안,승합,남,36세,경상,승용,남,50세,경상
2015040800100456,2015년 4월 8일 19시,수요일,제주특별자치도 제주시 애월읍,부상신고사고,0,0,0,3,차대차 - 기타,안전운전불이행,건조,맑음,단일로 - 기타,승용,남,44세,상해없음,승용,남,38세,부상신고
2015040800100492,2015년 4월 8일 20시,수요일,제주특별자치도 제주시 건입동,경상사고,0,0,1,0,차대사람 - 기타,안전운전불이행,건조,맑음,교차로 - 교차로안,승용,여,45세,상해없음,보행자,여,56세,경상
2015040800100557,2015년 4월 8일 22시,수요일,제주특별자치도 제주시 연동,경상사고,0,0,1,0,차대사람 - 기타,안전운전불이행,건조,맑음,단일로 - 기타,승용,남,30세,상해없음,보행자,남,54세,경상
2015040900100035,2015년 4월 9일 02시,목요일,제주특별자치도 제주시 조천읍,부상신고사고,0,0,0,1,차량단독 - 공작물충돌,안전운전불이행,건조,맑음,단일로 - 기타,승용,남,21세,부상신고,,,,
2015040900100105,2015년 4월 9일 07시,목요일,제주특별자치도 제주시 애월읍,부상신고사고,0,0,0,2,차대차 - 추돌 - 진행중,안전거리미확보,건조,흐림,단일로 - 기타,승용,남,57세,상해없음,화물,남,47세,상해없음
2015040900100151,2015년 4월 9일 08시,목요일,제주특별자치도 제주시 오라일동,경상사고,0,0,3,0,차대차 - 추돌 - 진행중,안전운전불이행,건조,맑음,단일로 - 기타,승용,남,52세,상해없음,승용,여,41세,경상
2015040900100152,2015년 4월 9일 08시,목요일,제주특별자치도 서귀포시 서홍동,중상사고,0,1,0,0,차대사람 - 횡단중,보행자보호의무위반,건조,맑음,단일로 - 기타,승용,여,27세,기타불명,보행자,여,7세,중상
2015040900100166,2015년 4월 9일 09시,목요일,제주특별자치도 서귀포시 성산읍,경상사고,0,0,1,0,차대차 - 기타,안전거리미확보,건조,맑음,교차로 - 교차로부근,승용,여,60세,상해없음,원동기,여,72세,경상
2015040900100167,2015년 4월 9일 09시,목요일,제주특별자치도 서귀포시 동홍동,중상사고,0,1,0,0,차대사람 - 기타,안전운전불이행,건조,맑음,교차로 - 교차로부근,승용,여,63세,상해없음,보행자,남,67세,중상
2015040900100255,2015년 4월 9일 12시,목요일,제주특별자치도 제주시 조천읍,경상사고,0,0,2,0,차대차 - 추돌 - 진행중,안전거리미확보,기타,맑음,단일로 - 기타,화물,남,65세,상해없음,승용,여,19세,경상
2015040900100281,2015년 4월 9일 13시,목요일,제주특별자치도 제주시 연동,경상사고,0,0,1,0,차대차 - 측면직각충돌,안전운전불이행,건조,맑음,교차로 - 교차로안,승용,여,52세,상해없음,승용,여,20세,경상
2015040900100399,2015년 4월 9일 17시,목요일,제주특별자치도 제주시 노형동,중상사고,0,1,0,0,차대사람 - 횡단중,안전운전불이행,건조,맑음,단일로 - 기타,승용,여,63세,상해없음,보행자,남,7세,중상
2015040900100429,2015년 4월 9일 18시,목요일,제주특별자치도 제주시 애월읍,경상사고,0,0,1,0,차대차 - 측면직각충돌,안전운전불이행,건조,맑음,교차로 - 교차로부근,자전거,남,70세,경상,승용,남,45세,기타불명
2015040900100523,2015년 4월 9일 21시,목요일,제주특별자치도 서귀포시 안덕면,경상사고,0,0,3,0,차대차 - 기타,안전운전불이행,건조,맑음,단일로 - 기타,승용,남,52세,상해없음,승용,여,31세,경상
2015041000100052,2015년 4월 10일 02시,금요일,제주특별자치도 서귀포시 강정동,사망사고,1,1,0,0,차대차 - 추돌 - 주정차중,안전운전불이행,건조,맑음,단일로 - 기타,승용,남,43세,중상,건설기계,남,40세,기타불명
2015041000100279,2015년 4월 10일 13시,금요일,제주특별자치도 제주시 구좌읍,경상사고,0,0,3,0,차대차 - 측면직각충돌,교차로운행방법위반,건조,맑음,교차로 - 교차로안,화물,남,42세,경상,화물,남,49세,경상
2015041000100280,2015년 4월 10일 13시,금요일,제주특별자치도 제주시 이도이동,경상사고,0,0,4,0,차대차 - 추돌 - 주정차중,안전운전불이행,건조,맑음,교차로 - 교차로부근,승용,남,25세,상해없음,승용,여,49세,경상
2015041000100528,2015년 4월 10일 19시,금요일,제주특별자치도 제주시 이도이동,경상사고,0,0,1,0,차대차 - 측면직각충돌,교차로운행방법위반,습기,흐림,교차로 - 교차로안,승용,남,39세,상해없음,승용,여,42세,경상
2015041000100573,2015년 4월 10일 20시,금요일,제주특별자치도 제주시 건입동,부상신고사고,0,0,0,1,차대사람 - 보도통행중,안전운전불이행,기타,맑음,단일로 - 기타,자전거,남,18세,부상신고,보행자,남,7세,상해없음
2015041000100574,2015년 4월 10일 20시,금요일,제주특별자치도 제주시 한림읍,경상사고,0,0,1,0,차대차 - 측면직각충돌,안전운전불이행,건조,맑음,교차로 - 교차로부근,이륜,남,26세,상해없음,이륜,남,28세,경상
2015041000100575,2015년 4월 10일 20시,금요일,제주특별자치도 제주시 노형동,경상사고,0,0,1,0,차대차 - 추돌 - 진행중,안전운전불이행,건조,맑음,단일로 - 기타,승용,남,39세,상해없음,승용,남,54세,경상
2015041000100617,2015년 4월 10일 21시,금요일,제주특별자치도 서귀포시 서호동,중상사고,0,1,0,0,차량단독 - 전도전복,안전운전불이행,건조,맑음,단일로 - 기타,이륜,남,17세,상해없음,,,,
2015041000100618,2015년 4월 10일 21시,금요일,제주특별자치도 제주시 노형동,중상사고,0,1,0,0,차대사람 - 기타,교차로운행방법위반,건조,맑음,교차로 - 교차로안,화물,남,56세,상해없음,보행자,남,43세,중상
2015041000100619,2015년 4월 10일 21시,금요일,제주특별자치도 제주시 외도일동,중상사고,0,1,0,0,차대차 - 측면직각충돌,직진우회전진행방해,건조,맑음,교차로 - 교차로안,승용,여,62세,상해없음,이륜,남,52세,중상
2015041000100656,2015년 4월 10일 22시,금요일,제주특별자치도 제주시 건입동,경상사고,0,0,3,0,차대차 - 추돌 - 진행중,안전거리미확보,건조,맑음,단일로 - 기타,승용,남,52세,상해없음,승용,남,53세,경상
2015041100100025,2015년 4월 11일 00시,토요일,제주특별자치도 서귀포시 중문동,경상사고,0,0,2,0,차대사람 - 횡단중,안전운전불이행,건조,맑음,교차로 - 교차로안,승용,남,50세,상해없음,보행자,여,25세,경상
2015041100100076,2015년 4월 11일 03시,토요일,제주특별자치도 제주시 오라이동,중상사고,0,1,0,0,차량단독 - 공작물충돌,안전운전불이행,건조,흐림,교차로 - 교차로부근,승용,남,28세,중상,,,,
2015041100100077,2015년 4월 11일 03시,토요일,제주특별자치도 제주시 한림읍,중상사고,0,1,1,0,차대차 - 기타,교차로운행방법위반,건조,맑음,교차로 - 교차로안,화물,남,28세,중상,승용,남,61세,경상
2015041100100228,2015년 4월 11일 10시,토요일,제주특별자치도 제주시 일도이동,경상사고,0,0,1,0,차대차 - 측면직각충돌,직진우회전진행방해,건조,맑음,교차로 - 교차로안,승용,남,50세,상해없음,승용,남,33세,상해없음
2015041100100229,2015년 4월 11일 10시,토요일,제주특별자치도 제주시 노형동,경상사고,0,0,2,0,차대차 - 추돌 - 진행중,안전운전불이행,건조,맑음,단일로 - 기타,승용,남,22세,상해없음,승용,남,34세,경상
2015041100100333,2015년 4월 11일 13시,토요일,제주특별자치도 서귀포시 서귀동,중상사고,0,1,0,0,차대사람 - 기타,안전운전불이행,건조,맑음,단일로 - 기타,승용,남,34세,상해없음,보행자,여,65세,중상
2015041100100334,2015년 4월 11일 13시,토요일,제주특별자치도 제주시 연동,경상사고,0,0,2,1,차대차 - 추돌 - 진행중,안전거리미확보,건조,맑음,단일로 - 기타,승용,남,38세,상해없음,승용,남,70세,상해없음
2015041100100372,2015년 4월 11일 14시,토요일,제주특별자치도 제주시 이도이동,경상사고,0,0,2,0,차대차 - 추돌 - 진행중,안전운전불이행,건조,맑음,단일로 - 기타,승용,여,27세,상해없음,승합,남,49세,상해없음
2015041100100413,2015년 4월 11일 15시,토요일,제주특별자치도 제주시 건입동,경상사고,0,0,1,0,차대차 - 기타,교차로운행방법위반,건조,맑음,교차로 - 교차로안,승용,여,42세,상해없음,승용,여,52세,경상
2015041100100458,2015년 4월 11일 16시,토요일,제주특별자치도 제주시 일도이동,중상사고,0,1,0,0,차대차 - 기타,안전운전불이행,건조,맑음,단일로 - 횡단보도상,원동기,남,65세,중상,승용,남,36세,상해없음
2015041100100539,2015년 4월 11일 18시,토요일,제주특별자치도 서귀포시 서귀동,경상사고,0,0,1,0,차대차 - 기타,안전운전불이행,건조,맑음,단일로 - 기타,승용,여,41세,상해없음,이륜,남,38세,경상
2015041100100586,2015년 4월 11일 19시,토요일,제주특별자치도 제주시 아라일동,경상사고,0,0,2,0,차대차 - 기타,교차로운행방법위반,건조,맑음,교차로 - 교차로안,화물,여,60세,경상,승용,남,50세,경상
2015041100100617,2015년 4월 11일 20시,토요일,제주특별자치도 제주시 애월읍,중상사고,0,1,0,0,차대사람 - 기타,안전운전불이행,건조,맑음,단일로 - 기타,화물,여,42세,상해없음,보행자,남,55세,중상
2015041100100618,2015년 4월 11일 20시,토요일,제주특별자치도 제주시 도평동,경상사고,0,0,1,0,차대차 - 추돌 - 진행중,안전거리미확보,건조,맑음,단일로 - 기타,승용,남,52세,상해없음,승용,여,35세,경상
2015041200100020,2015년 4월 12일 00시,일요일,제주특별자치도 제주시 이도이동,경상사고,0,0,1,0,차대사람 - 횡단중,안전운전불이행,건조,맑음,교차로 - 교차로부근,승용,남,42세,상해없음,보행자,남,22세,경상
2015041200100064,2015년 4월 12일 03시,일요일,제주특별자치도 제주시 일도이동,부상신고사고,0,0,0,1,차량단독 - 공작물충돌,안전운전불이행,건조,맑음,단일로 - 기타,승용,남,23세,부상신고,,,,
2015041200100065,2015년 4월 12일 03시,일요일,제주특별자치도 제주시 노형동,경상사고,0,0,3,1,차대차 - 정면충돌,중앙선침범,건조,맑음,교차로 - 교차로부근,승용,여,43세,상해없음,승용,남,40세,경상
2015041200100080,2015년 4월 12일 04시,일요일,제주특별자치도 서귀포시 서귀동,경상사고,0,0,1,0,차대사람 - 기타,안전운전불이행,건조,맑음,교차로 - 교차로안,승용,남,45세,상해없음,보행자,남,26세,경상
2015041200100180,2015년 4월 12일 11시,일요일,제주특별자치도 제주시 이도이동,중상사고,0,1,0,0,차대차 - 측면직각충돌,신호위반,기타,맑음,교차로 - 교차로안,건설기계,남,46세,상해없음,승용,여,66세,중상
2015041200100181,2015년 4월 12일 11시,일요일,제주특별자치도 제주시 외도일동,중상사고,0,1,0,0,차대사람 - 횡단중,안전운전불이행,건조,맑음,교차로 - 교차로부근,승용,남,38세,상해없음,보행자,남,7세,중상
2015041200100182,2015년 4월 12일 11시,일요일,제주특별자치도 제주시 노형동,경상사고,0,0,1,0,차대사람 - 횡단중,안전운전불이행,건조,맑음,교차로 - 교차로안,승용,여,37세,상해없음,보행자,남,17세,경상
2015041200100207,2015년 4월 12일 12시,일요일,제주특별자치도 서귀포시 대정읍,중상사고,0,1,0,0,차량단독 - 기타,안전운전불이행,건조,맑음,단일로 - 기타,승합,남,52세,기타불명,,,,
2015041200100372,2015년 4월 12일 17시,일요일,제주특별자치도 제주시 이호이동,경상사고,0,0,1,0,차대차 - 기타,안전거리미확보,건조,맑음,교차로 - 교차로부근,화물,남,62세,상해없음,승합,남,50세,경상
2015041200100401,2015년 4월 12일 18시,일요일,제주특별자치도 제주시 용담이동,중상사고,0,1,0,0,차대차 - 정면충돌,신호위반,습기,비,교차로 - 교차로안,승용,남,22세,상해없음,이륜,남,54세,중상
2015041200100402,2015년 4월 12일 18시,일요일,제주특별자치도 제주시 애월읍,중상사고,0,1,0,0,차량단독 - 공작물충돌,안전운전불이행,습기,비,단일로 - 기타,승용,남,22세,중상,,,,
2015041200100433,2015년 4월 12일 19시,일요일,제주특별자치도 제주시 삼도이동,경상사고,0,0,1,0,차대차 - 측면직각충돌,교차로운행방법위반,기타,비,교차로 - 교차로안,승용,남,40세,상해없음,자전거,남,25세,경상
2015041200100434,2015년 4월 12일 19시,일요일,제주특별자치도 서귀포시 강정동,중상사고,0,1,0,0,차대사람 - 횡단중,안전운전불이행,습기,비,단일로 - 기타,승용,여,40세,상해없음,보행자,남,37세,중상
2015041200100502,2015년 4월 12일 21시,일요일,제주특별자치도 제주시 일도이동,경상사고,0,0,1,0,차대사람 - 기타,보행자보호의무위반,습기,비,교차로 - 교차로안,승용,남,37세,상해없음,보행자,남,52세,경상
2015041200100503,2015년 4월 12일 21시,일요일,제주특별자치도 제주시 오등동,경상사고,0,0,1,0,차대차 - 기타,중앙선침범,습기,비,단일로 - 기타,기타불명,기타불명,기타불명,기타불명,승용,남,25세,경상
2015041300100195,2015년 4월 13일 11시,월요일,제주특별자치도 제주시 일도이동,경상사고,0,0,1,0,차대차 - 기타,안전운전불이행,습기,비,교차로 - 교차로안,승용,남,67세,상해없음,승용,남,68세,경상
2015041300100341,2015년 4월 13일 16시,월요일,제주특별자치도 제주시 용담일동,경상사고,0,0,1,0,차대차 - 기타,안전운전불이행,습기,흐림,교차로 - 교차로안,승용,남,30세,상해없음,승용,남,53세,경상
2015041300100383,2015년 4월 13일 17시,월요일,제주특별자치도 제주시 애월읍,중상사고,0,1,0,0,차대사람 - 길가장자리구역통행중,안전운전불이행,건조,맑음,단일로 - 기타,승용,여,28세,상해없음,보행자,여,78세,중상
2015041300100471,2015년 4월 13일 19시,월요일,제주특별자치도 제주시 도남동,경상사고,0,0,1,0,차대사람 - 기타,안전운전불이행,습기,비,단일로 - 기타,이륜,남,41세,상해없음,보행자,여,14세,경상
2015041300100510,2015년 4월 13일 20시,월요일,제주특별자치도 서귀포시 표선면,중상사고,0,1,0,0,차대사람 - 횡단중,안전운전불이행,습기,비,단일로 - 기타,승합,남,64세,상해없음,보행자,남,50세,중상
2015041300100554,2015년 4월 13일 21시,월요일,제주특별자치도 제주시 건입동,중상사고,0,1,0,0,차대사람 - 횡단중,안전운전불이행,기타,비,교차로 - 교차로안,승합,남,48세,상해없음,보행자,남,56세,중상
2015041400100026,2015년 4월 14일 00시,화요일,제주특별자치도 제주시 일도이동,중상사고,0,1,0,0,차대사람 - 횡단중,안전운전불이행,건조,흐림,단일로 - 기타,승용,남,36세,상해없음,보행자,남,33세,중상
2015041400100177,2015년 4월 14일 08시,화요일,제주특별자치도 제주시 화북일동,경상사고,0,0,1,0,차대차 - 추돌 - 주정차중,안전거리미확보,건조,맑음,단일로 - 기타,승용,여,44세,상해없음,승용,여,25세,경상
2015041400100213,2015년 4월 14일 09시,화요일,제주특별자치도 제주시 이도이동,경상사고,0,0,2,0,차대차 - 추돌 - 진행중,교차로운행방법위반,건조,맑음,교차로 - 교차로안,승용,여,41세,상해없음,승용,남,39세,경상
2015041400100291,2015년 4월 14일 12시,화요일,제주특별자치도 제주시 한경면,중상사고,0,1,0,0,차대차 - 측면직각충돌,안전운전불이행,습기,비,교차로 - 교차로안,화물,남,43세,상해없음,자전거,여,75세,중상