사고번호,사고일시,요일,시군구,사고내용,사망자수,중상자수,경상자수,부상신고자수,사고유형,법규위반,노면상태,기상상태,도로형태,가해운전자 차종,가해운전자 성별,가해운전자 연령,가해운전자 상해정도,피해운전자 차종,피해운전자 성별,피해운전자 연령,피해운전자 상해정도
2015042300100162,2015년 4월 23일 08시,목요일,제주특별자치도 제주시 연동,경상사고,0,0,1,0,차대차 - 기타,안전거리미확보,건조,맑음,단일로 - 기타,화물,남,43세,상해없음,승용,남,48세,상해없음
2015042300100229,2015년 4월 23일 10시,목요일,제주특별자치도 제주시 봉개동,경상사고,0,0,1,0,차대사람 - 횡단중,안전운전불이행,건조,맑음,단일로 - 기타,승용,남,34세,상해없음,보행자,남,46세,경상
2015042300100230,2015년 4월 23일 10시,목요일,제주특별자치도 제주시 연동,경상사고,0,0,3,0,차대차 - 추돌 - 진행중,안전운전불이행,건조,맑음,교차로 - 교차로부근,승합,남,40세,상해없음,승용,남,27세,경상
2015042300100289,2015년 4월 23일 12시,목요일,제주특별자치도 제주시 조천읍,경상사고,0,0,1,0,차대차 - 추돌 - 주정차중,직진우회전진행방해,건조,맑음,교차로 - 교차로안,승용,남,47세,상해없음,승용,여,62세,상해없음
2015042300100318,2015년 4월 23일 13시,목요일,제주특별자치도 제주시 노형동,경상사고,0,0,1,0,차대차 - 측면직각충돌,안전운전불이행,건조,맑음,단일로 - 기타,승합,남,24세,상해없음,원동기,남,44세,경상
2015042300100375,2015년 4월 23일 15시,목요일,제주특별자치도 서귀포시 성산읍,중상사고,0,1,1,0,차대차 - 추돌 - 주정차중,안전운전불이행,건조,맑음,단일로 - 기타,승용,남,40세,상해없음,화물,남,72세,중상
2015042300100411,2015년 4월 23일 16시,목요일,제주특별자치도 제주시 이도이동,경상사고,0,0,1,0,차대차 - 기타,안전운전불이행,건조,맑음,교차로 - 교차로부근,승용,남,45세,상해없음,자전거,남,14세,경상
2015042300100459,2015년 4월 23일 17시,목요일,제주특별자치도 서귀포시 남원읍,경상사고,0,0,1,0,차대차 - 기타,안전운전불이행,건조,맑음,교차로 - 교차로부근,승합,남,51세,기타불명,자전거,남,8세,경상
2015042400100040,2015년 4월 24일 03시,금요일,제주특별자치도 제주시 노형동,경상사고,0,0,1,0,차대차 - 측면직각충돌,안전운전불이행,건조,맑음,교차로 - 교차로안,승용,여,63세,상해없음,승용,남,46세,경상
2015042400100059,2015년 4월 24일 05시,금요일,제주특별자치도 서귀포시 안덕면,부상신고사고,0,0,0,1,차대차 - 추돌 - 진행중,안전거리미확보,건조,맑음,단일로 - 기타,승용,남,26세,상해없음,승용,남,30세,부상신고
2015042400100101,2015년 4월 24일 07시,금요일,제주특별자치도 서귀포시 토평동,중상사고,0,1,0,1,차대차 - 측면직각충돌,교차로운행방법위반,건조,맑음,교차로 - 교차로안,승용,여,26세,부상신고,승용,여,62세,중상
2015042400100127,2015년 4월 24일 08시,금요일,제주특별자치도 서귀포시 대정읍,중상사고,0,1,0,0,차대사람 - 기타,안전운전불이행,건조,맑음,단일로 - 기타,승용,여,39세,상해없음,보행자,남,9세,중상
2015042400100199,2015년 4월 24일 10시,금요일,제주특별자치도 제주시 해안동,경상사고,0,0,1,0,차대차 - 추돌 - 진행중,안전거리미확보,건조,맑음,교차로 - 교차로부근,건설기계,남,42세,상해없음,승용,여,44세,경상
2015042400100247,2015년 4월 24일 11시,금요일,제주특별자치도 제주시 오라이동,경상사고,0,0,2,0,차대차 - 추돌 - 진행중,안전거리미확보,건조,맑음,단일로 - 기타,승용,여,50세,경상,승용,남,59세,경상
2015042400100248,2015년 4월 24일 11시,금요일,제주특별자치도 제주시 연동,경상사고,0,0,1,0,차대차 - 측면직각충돌,안전운전불이행,건조,맑음,단일로 - 기타,화물,남,35세,상해없음,승합,여,54세,경상
2015042400100249,2015년 4월 24일 11시,금요일,제주특별자치도 제주시 연동,중상사고,0,1,0,0,차대차 - 측면직각충돌,안전운전불이행,건조,맑음,교차로 - 교차로안,승용,남,76세,상해없음,승용,남,32세,상해없음
2015042400100303,2015년 4월 24일 13시,금요일,제주특별자치도 서귀포시 표선면,부상신고사고,0,0,0,1,차대차 - 기타,안전운전불이행,건조,맑음,교차로 - 교차로안,화물,남,59세,부상신고,화물,남,53세,상해없음
2015042400100339,2015년 4월 24일 14시,금요일,제주특별자치도 제주시 한림읍,중상사고,0,1,0,0,차대사람 - 기타,안전운전불이행,건조,맑음,단일로 - 기타,화물,여,63세,상해없음,보행자,여,58세,중상
2015042400100384,2015년 4월 24일 15시,금요일,제주특별자치도 서귀포시 서홍동,중상사고,0,1,0,2,차대차 - 기타,안전운전불이행,건조,맑음,단일로 - 기타,승합,남,32세,상해없음,승용,남,41세,중상
2015042400100385,2015년 4월 24일 15시,금요일,제주특별자치도 제주시 노형동,경상사고,0,0,1,0,차대사람 - 보도통행중,보행자보호의무위반,건조,맑음,단일로 - 기타,승용,기타불명,기타불명,기타불명,보행자,여,66세,경상
2015042400100571,2015년 4월 24일 19시,금요일,제주특별자치도 제주시 용담이동,중상사고,0,1,2,6,차대차 - 정면충돌,중앙선침범,건조,맑음,단일로 - 기타,승합,남,43세,상해없음,승용,남,80세,경상
2015042400100614,2015년 4월 24일 20시,금요일,제주특별자치도 제주시 노형동,중상사고,0,1,0,0,차대사람 - 횡단중,보행자보호의무위반,건조,맑음,단일로 - 횡단보도상,승용,남,35세,상해없음,보행자,남,44세,중상
2015042400100658,2015년 4월 24일 21시,금요일,제주특별자치도 서귀포시 서홍동,경상사고,0,0,1,0,차대사람 - 기타,보행자보호의무위반,건조,맑음,교차로 - 교차로부근,승용,남,51세,상해없음,보행자,여,47세,경상
2015042400100697,2015년 4월 24일 22시,금요일,제주특별자치도 서귀포시 서호동,중상사고,0,1,1,0,차대차 - 측면직각충돌,직진우회전진행방해,건조,맑음,교차로 - 교차로안,승용,여,50세,상해없음,승용,여,32세,중상
2015042400100734,2015년 4월 24일 23시,금요일,제주특별자치도 제주시 용담이동,부상신고사고,0,0,0,2,차대차 - 측면직각충돌,안전운전불이행,건조,맑음,단일로 - 기타,승용,남,38세,상해없음,화물,남,39세,부상신고
2015042500100076,2015년 4월 25일 03시,토요일,제주특별자치도 서귀포시 안덕면,부상신고사고,0,0,0,1,차량단독 - 공작물충돌,안전운전불이행,건조,맑음,단일로 - 기타,승용,여,25세,상해없음,,,,
2015042500100115,2015년 4월 25일 06시,토요일,제주특별자치도 제주시 조천읍,중상사고,0,1,1,0,차량단독 - 공작물충돌,안전운전불이행,건조,맑음,교차로 - 교차로부근,승용,남,18세,경상,,,,
2015042500100197,2015년 4월 25일 09시,토요일,제주특별자치도 제주시 이도일동,경상사고,0,0,1,0,차대사람 - 기타,보행자보호의무위반,건조,맑음,단일로 - 횡단보도상,승용,여,24세,상해없음,보행자,여,18세,경상
2015042500100280,2015년 4월 25일 11시,토요일,제주특별자치도 제주시 영평동,경상사고,0,0,1,0,차대차 - 기타,직진우회전진행방해,건조,맑음,교차로 - 교차로안,화물,남,36세,상해없음,승용,여,38세,경상
2015042500100281,2015년 4월 25일 11시,토요일,제주특별자치도 서귀포시 남원읍,중상사고,0,2,5,0,차대차 - 기타,직진우회전진행방해,건조,맑음,교차로 - 교차로안,승합,남,55세,상해없음,승용,여,32세,경상
2015042500100321,2015년 4월 25일 12시,토요일,제주특별자치도 서귀포시 남원읍,경상사고,0,0,2,1,차대차 - 기타,안전운전불이행,건조,맑음,단일로 - 기타,승용,남,29세,상해없음,승용,여,38세,경상
2015042500100357,2015년 4월 25일 13시,토요일,제주특별자치도 제주시 우도면,중상사고,0,1,0,0,차대사람 - 기타,안전운전불이행,건조,맑음,단일로 - 기타,자전거,여,25세,상해없음,보행자,여,78세,중상
2015042500100358,2015년 4월 25일 13시,토요일,제주특별자치도 서귀포시 대정읍,중상사고,0,1,1,0,차대차 - 기타,안전운전불이행,건조,맑음,단일로 - 기타,화물,남,76세,상해없음,화물,남,64세,경상
2015042500100403,2015년 4월 25일 14시,토요일,제주특별자치도 제주시 연동,경상사고,0,0,2,0,차대차 - 측면직각충돌,안전운전불이행,건조,맑음,교차로 - 교차로안,승용,여,48세,상해없음,승용,남,44세,경상
2015042500100443,2015년 4월 25일 15시,토요일,제주특별자치도 서귀포시 대정읍,중상사고,0,1,0,0,차대차 - 기타,안전운전불이행,건조,맑음,단일로 - 기타,이륜,여,64세,중상,승합,남,62세,상해없음
2015042500100479,2015년 4월 25일 16시,토요일,제주특별자치도 제주시 이도일동,중상사고,0,2,0,0,차대차 - 기타,직진우회전진행방해,건조,맑음,교차로 - 교차로안,승용,여,23세,중상,승용,남,62세,중상
2015042500100480,2015년 4월 25일 16시,토요일,제주특별자치도 서귀포시 색달동,경상사고,0,0,4,1,차대차 - 기타,중앙선침범,건조,맑음,단일로 - 기타,승용,남,42세,상해없음,승합,남,40세,부상신고
2015042500100481,2015년 4월 25일 16시,토요일,제주특별자치도 제주시 애월읍,중상사고,0,1,0,0,차대사람 - 기타,안전운전불이행,건조,맑음,단일로 - 기타,화물,남,49세,상해없음,보행자,남,6세,중상
2015042500100538,2015년 4월 25일 17시,토요일,제주특별자치도 서귀포시 법환동,중상사고,0,1,1,2,차대차 - 측면직각충돌,직진우회전진행방해,건조,맑음,교차로 - 교차로안,화물,남,35세,상해없음,승용,남,44세,중상
2015042500100539,2015년 4월 25일 17시,토요일,제주특별자치도 제주시 연동,경상사고,0,0,1,0,차대차 - 기타,안전거리미확보,건조,맑음,단일로 - 기타,승용,남,64세,상해없음,승용,남,43세,경상
2015042500100633,2015년 4월 25일 19시,토요일,제주특별자치도 서귀포시 동홍동,경상사고,0,0,1,0,차대차 - 추돌 - 진행중,안전운전불이행,건조,맑음,단일로 - 기타,승용,여,56세,상해없음,승용,남,52세,경상
2015042500100634,2015년 4월 25일 19시,토요일,제주특별자치도 제주시 노형동,경상사고,0,0,1,0,차대차 - 기타,안전운전불이행,건조,맑음,단일로 - 기타,승용,여,50세,상해없음,승용,남,53세,경상
2015042500100635,2015년 4월 25일 19시,토요일,제주특별자치도 제주시 애월읍,경상사고,0,0,1,0,차대차 - 기타,안전운전불이행,건조,맑음,단일로 - 기타,승용,남,38세,상해없음,승용,여,26세,상해없음
2015042500100675,2015년 4월 25일 20시,토요일,제주특별자치도 서귀포시 도순동,중상사고,0,1,1,0,차대차 - 기타,안전운전불이행,건조,맑음,단일로 - 기타,화물,남,44세,상해없음,승합,남,41세,경상
2015042500100711,2015년 4월 25일 21시,토요일,제주특별자치도 제주시 애월읍,부상신고사고,0,0,0,1,차대차 - 기타,안전운전불이행,건조,맑음,단일로 - 기타,이륜,남,19세,부상신고,승용,여,27세,상해없음
2015042600100130,2015년 4월 26일 08시,일요일,제주특별자치도 제주시 연동,중상사고,0,1,0,0,차대사람 - 횡단중,안전운전불이행,건조,맑음,단일로 - 기타,승용,남,57세,상해없음,보행자,여,42세,중상
2015042600100148,2015년 4월 26일 09시,일요일,제주특별자치도 제주시 용담이동,경상사고,0,0,2,0,차대차 - 측면직각충돌,직진우회전진행방해,건조,맑음,교차로 - 교차로안,승용,남,42세,경상,승합,남,53세,상해없음
2015042600100170,2015년 4월 26일 10시,일요일,제주특별자치도 서귀포시 성산읍,경상사고,0,0,1,0,차대차 - 기타,직진우회전진행방해,건조,맑음,교차로 - 교차로안,승용,여,34세,상해없음,농기계,남,72세,경상
2015042600100403,2015년 4월 26일 17시,일요일,제주특별자치도 제주시 노형동,중상사고,0,1,1,0,차대차 - 기타,교차로운행방법위반,건조,맑음,교차로 - 교차로안,승용,여,43세,상해없음,자전거,남,11세,경상
2015042600100467,2015년 4월 26일 19시,일요일,제주특별자치도 서귀포시 서귀동,경상사고,0,0,2,0,차대차 - 기타,교차로운행방법위반,건조,맑음,교차로 - 교차로안,승용,남,30세,상해없음,화물,남,76세,경상
2015042600100468,2015년 4월 26일 19시,일요일,제주특별자치도 제주시 연동,경상사고,0,0,1,0,차대차 - 기타,교차로운행방법위반,건조,맑음,교차로 - 교차로안,화물,남,54세,상해없음,승용,남,28세,경상
2015042600100507,2015년 4월 26일 20시,일요일,제주특별자치도 제주시 한림읍,경상사고,0,0,1,0,차대사람 - 기타,안전운전불이행,건조,맑음,단일로 - 기타,승용,여,45세,상해없음,보행자,남,62세,경상
2015042600100543,2015년 4월 26일 21시,일요일,제주특별자치도 서귀포시 성산읍,경상사고,0,0,2,0,차대차 - 기타,안전운전불이행,건조,맑음,교차로 - 교차로부근,승용,남,25세,상해없음,승용,남,28세,경상
2015042700100017,2015년 4월 27일 00시,월요일,제주특별자치도 서귀포시 보목동,중상사고,0,1,0,0,차대사람 - 기타,안전운전불이행,건조,맑음,단일로 - 기타,자전거,남,19세,상해없음,보행자,남,63세,중상
2015042700100018,2015년 4월 27일 00시,월요일,제주특별자치도 제주시 도두일동,경상사고,0,0,2,0,차대차 - 측면직각충돌,신호위반,건조,맑음,교차로 - 교차로안,승용,여,34세,상해없음,승용,남,41세,경상
2015042700100127,2015년 4월 27일 08시,월요일,제주특별자치도 제주시 용담이동,경상사고,0,0,2,0,차대차 - 추돌 - 진행중,안전거리미확보,건조,맑음,단일로 - 기타,승용,남,27세,상해없음,승용,남,41세,경상
2015042700100158,2015년 4월 27일 09시,월요일,제주특별자치도 제주시 조천읍,경상사고,0,0,2,0,차대차 - 추돌 - 진행중,안전거리미확보,건조,맑음,단일로 - 기타,건설기계,남,58세,상해없음,승용,여,69세,경상
2015042700100194,2015년 4월 27일 10시,월요일,제주특별자치도 서귀포시 서홍동,중상사고,0,1,0,0,차대차 - 기타,교차로운행방법위반,건조,맑음,교차로 - 교차로안,승용,남,31세,상해없음,원동기,여,36세,중상
2015042700100224,2015년 4월 27일 11시,월요일,제주특별자치도 서귀포시 호근동,부상신고사고,0,0,0,1,차대차 - 측면직각충돌,직진우회전진행방해,건조,맑음,교차로 - 교차로안,승용,여,24세,부상신고,승용,남,50세,상해없음
2015042700100258,2015년 4월 27일 12시,월요일,제주특별자치도 서귀포시 표선면,중상사고,0,1,0,0,차대차 - 추돌 - 진행중,안전운전불이행,건조,맑음,교차로 - 교차로안,화물,남,42세,상해없음,원동기,남,74세,중상
2015042700100294,2015년 4월 27일 13시,월요일,제주특별자치도 제주시 노형동,경상사고,0,0,1,0,차대차 - 기타,안전운전불이행,건조,맑음,단일로 - 기타,승용,남,29세,상해없음,승용,여,44세,경상
2015042700100295,2015년 4월 27일 13시,월요일,제주특별자치도 제주시 노형동,중상사고,0,1,0,0,차대사람 - 횡단중,보행자보호의무위반,건조,맑음,교차로 - 교차로부근,승용,남,67세,상해없음,보행자,여,23세,중상
2015042700100335,2015년 4월 27일 14시,월요일,제주특별자치도 제주시 우도면,경상사고,0,0,1,0,차대사람 - 횡단중,안전운전불이행,건조,맑음,단일로 - 기타,이륜,여,24세,상해없음,보행자,여,54세,경상
2015042700100336,2015년 4월 27일 14시,월요일,제주특별자치도 제주시 용담이동,중상사고,0,1,0,1,차대차 - 추돌 - 진행중,안전운전불이행,건조,맑음,단일로 - 기타,승용,남,60세,상해없음,승용,남,28세,부상신고
2015042700100372,2015년 4월 27일 15시,월요일,제주특별자치도 제주시 삼도일동,경상사고,0,0,1,0,차대사람 - 차도통행중,안전운전불이행,건조,맑음,단일로 - 기타,승용,여,46세,상해없음,보행자,여,12세,경상
2015042700100373,2015년 4월 27일 15시,월요일,제주특별자치도 제주시 아라일동,경상사고,0,0,1,0,차대사람 - 기타,보행자보호의무위반,기타,맑음,단일로 - 기타,승용,남,28세,상해없음,보행자,남,8세,경상
2015042700100508,2015년 4월 27일 18시,월요일,제주특별자치도 제주시 구좌읍,중상사고,0,2,0,0,차량단독 - 공작물충돌,안전운전불이행,건조,맑음,교차로 - 교차로안,이륜,남,49세,중상,,,,
2015042800100014,2015년 4월 28일 00시,화요일,제주특별자치도 제주시 노형동,경상사고,0,0,1,0,차대차 - 측면직각충돌,안전운전불이행,건조,맑음,단일로 - 기타,승용,남,38세,상해없음,이륜,남,23세,경상
2015042800100121,2015년 4월 28일 07시,화요일,제주특별자치도 서귀포시 안덕면,부상신고사고,0,0,0,1,차량단독 - 기타,안전운전불이행,건조,맑음,단일로 - 기타,승합,남,50세,기타불명,,,,
2015042800100173,2015년 4월 28일 08시,화요일,제주특별자치도 제주시 도남동,경상사고,0,0,1,0,차대사람 - 기타,안전운전불이행,건조,맑음,단일로 - 기타,승용,남,45세,상해없음,보행자,여,47세,경상
2015042800100174,2015년 4월 28일 08시,화요일,제주특별자치도 제주시 한림읍,부상신고사고,0,0,0,1,차대차 - 기타,안전운전불이행,건조,맑음,단일로 - 기타,승용,여,31세,부상신고,승용,남,53세,기타불명
2015042800100213,2015년 4월 28일 09시,화요일,제주특별자치도 서귀포시 동홍동,경상사고,0,0,1,0,차대차 - 측면직각충돌,신호위반,습기,안개,교차로 - 교차로안,화물,남,82세,상해없음,승용,여,46세,경상
2015042800100214,2015년 4월 28일 09시,화요일,제주특별자치도 제주시 연동,경상사고,0,0,1,0,차대차 - 기타,중앙선침범,습기,비,교차로 - 교차로부근,승합,여,37세,상해없음,승용,남,29세,경상
2015042800100290,2015년 4월 28일 12시,화요일,제주특별자치도 서귀포시 서홍동,중상사고,0,1,0,0,차대차 - 기타,안전운전불이행,습기,비,단일로 - 기타,이륜,남,46세,중상,승용,남,33세,상해없음
2015042800100369,2015년 4월 28일 14시,화요일,제주특별자치도 제주시 일도이동,경상사고,0,0,1,0,차대차 - 기타,직진우회전진행방해,건조,맑음,교차로 - 교차로안,승용,여,52세,경상,승용,남,35세,상해없음
2015042800100494,2015년 4월 28일 17시,화요일,제주특별자치도 제주시 도남동,부상신고사고,0,0,0,1,차대차 - 기타,안전운전불이행,건조,맑음,교차로 - 교차로부근,원동기,여,73세,부상신고,승용,남,57세,상해없음
2015042800100564,2015년 4월 28일 19시,화요일,제주특별자치도 제주시 건입동,경상사고,0,0,2,0,차대차 - 측면직각충돌,안전운전불이행,건조,흐림,교차로 - 교차로안,승용,남,61세,상해없음,화물,남,24세,경상
2015042800100565,2015년 4월 28일 19시,화요일,제주특별자치도 제주시 한림읍,중상사고,0,1,0,0,차대사람 - 횡단중,안전운전불이행,습기,비,단일로 - 기타,승용,남,34세,상해없음,보행자,여,63세,중상
2015042800100566,2015년 4월 28일 19시,화요일,제주특별자치도 제주시 노형동,경상사고,0,0,1,0,차대차 - 측면직각충돌,교차로운행방법위반,건조,흐림,교차로 - 교차로안,승용,남,58세,상해없음,승용,남,49세,상해없음
2015042800100592,2015년 4월 28일 20시,화요일,제주특별자치도 제주시 노형동,경상사고,0,0,1,0,차대차 - 기타,안전운전불이행,건조,맑음,교차로 - 교차로부근,승용,남,35세,상해없음,승용,남,29세,경상
2015042800100660,2015년 4월 28일 22시,화요일,제주특별자치도 제주시 이도이동,경상사고,0,0,1,0,차대차 - 기타,안전운전불이행,습기,비,교차로 - 교차로부근,승용,남,30세,상해없음,승용,여,20세,경상
2015042800100661,2015년 4월 28일 22시,화요일,제주특별자치도 서귀포시 표선면,중상사고,0,1,0,1,차량단독 - 공작물충돌,안전운전불이행,습기,흐림,교차로 - 교차로안,승용,남,29세,부상신고,,,,
2015042900100015,2015년 4월 29일 00시,수요일,제주특별자치도 제주시 삼도이동,경상사고,0,0,1,0,차대차 - 기타,안전운전불이행,습기,흐림,교차로 - 교차로안,승용,남,64세,상해없음,승용,남,58세,상해없음
2015042900100104,2015년 4월 29일 07시,수요일,제주특별자치도 서귀포시 안덕면,중상사고,0,2,1,3,차대차 - 기타,직진우회전진행방해,습기,안개,교차로 - 교차로안,승용,여,48세,부상신고,승용,남,36세,경상
2015042900100148,2015년 4월 29일 08시,수요일,제주특별자치도 제주시 조천읍,부상신고사고,0,0,0,1,차량단독 - 공작물충돌,안전운전불이행,기타,맑음,단일로 - 기타,승용,여,56세,부상신고,,,,
2015042900100222,2015년 4월 29일 10시,수요일,제주특별자치도 제주시 조천읍,경상사고,0,0,1,0,차대사람 - 횡단중,보행자보호의무위반,건조,맑음,단일로 - 횡단보도상,승용,여,56세,상해없음,보행자,여,17세,경상
2015042900100223,2015년 4월 29일 10시,수요일,제주특별자치도 제주시 한림읍,중상사고,0,1,0,0,차대차 - 측면직각충돌,기타,건조,흐림,교차로 - 교차로안,화물,여,37세,상해없음,원동기,남,79세,중상
2015042900100260,2015년 4월 29일 11시,수요일,제주특별자치도 제주시 영평동,경상사고,0,0,1,0,차대차 - 추돌 - 진행중,과속,기타,맑음,단일로 - 기타,승용,여,22세,상해없음,승용,남,33세,상해없음
2015042900100261,2015년 4월 29일 11시,수요일,제주특별자치도 제주시 화북이동,경상사고,0,0,1,0,차대차 - 기타,교차로운행방법위반,건조,맑음,교차로 - 교차로안,원동기,남,36세,경상,화물,남,64세,상해없음
2015042900100262,2015년 4월 29일 11시,수요일,제주특별자치도 제주시 건입동,경상사고,0,0,1,0,차대사람 - 기타,안전운전불이행,건조,맑음,단일로 - 기타,승용,남,48세,상해없음,보행자,여,54세,경상
2015042900100340,2015년 4월 29일 13시,수요일,제주특별자치도 서귀포시 안덕면,중상사고,0,1,3,0,차대차 - 기타,중앙선침범,습기,비,교차로 - 교차로부근,승용,여,28세,상해없음,승용,여,47세,상해없음
2015042900100410,2015년 4월 29일 15시,수요일,제주특별자치도 서귀포시 안덕면,경상사고,0,0,1,0,차대차 - 추돌 - 진행중,안전거리미확보,건조,흐림,단일로 - 기타,승용,여,40세,상해없음,승용,남,32세,경상
2015042900100521,2015년 4월 29일 18시,수요일,제주특별자치도 제주시 일도이동,경상사고,0,0,1,0,차대차 - 기타,안전운전불이행,습기,비,교차로 - 교차로안,승용,남,60세,상해없음,이륜,남,42세,경상
2015042900100554,2015년 4월 29일 19시,수요일,제주특별자치도 제주시 이도이동,부상신고사고,0,0,0,1,차대차 - 기타,안전운전불이행,습기,비,교차로 - 교차로안,승용,여,24세,부상신고,승합,남,40세,상해없음
2015042900100586,2015년 4월 29일 20시,수요일,제주특별자치도 제주시 이호이동,부상신고사고,0,0,0,1,차대차 - 추돌 - 주정차중,안전운전불이행,습기,안개,단일로 - 기타,원동기,남,21세,부상신고,승용,남,44세,기타불명
2015042900100587,2015년 4월 29일 20시,수요일,제주특별자치도 제주시 노형동,중상사고,0,1,1,0,차대차 - 기타,신호위반,습기,흐림,교차로 - 교차로안,원동기,남,46세,중상,승용,남,46세,경상
2015042900100650,2015년 4월 29일 22시,수요일,제주특별자치도 제주시 한경면,중상사고,0,1,0,0,차대차 - 추돌 - 주정차중,안전운전불이행,습기,비,단일로 - 기타,원동기,남,65세,중상,승합,남,46세,상해없음
2015042900100651,2015년 4월 29일 22시,수요일,제주특별자치도 제주시 오라삼동,부상신고사고,0,0,0,1,차대차 - 추돌 - 진행중,안전운전불이행,건조,맑음,단일로 - 기타,승용,여,32세,상해없음,승용,여,27세,부상신고
2015043000100147,2015년 4월 30일 08시,목요일,제주특별자치도 제주시 노형동,경상사고,0,0,1,0,차대차 - 기타,중앙선침범,습기,비,교차로 - 교차로안,승용,남,22세,상해없음,승용,남,57세,경상
2015043000100148,2015년 4월 30일 08시,목요일,제주특별자치도 제주시 노형동,경상사고,0,0,1,0,차대사람 - 횡단중,보행자보호의무위반,습기,비,단일로 - 횡단보도상,승용,남,67세,상해없음,보행자,남,12세,경상
2015043000100149,2015년 4월 30일 08시,목요일,제주특별자치도 제주시 연동,경상사고,0,0,2,0,차대차 - 측면직각충돌,중앙선침범,습기,비,단일로 - 기타,승용,남,61세,기타불명,승용,여,43세,경상
2015043000100184,2015년 4월 30일 09시,목요일,제주특별자치도 제주시 조천읍,중상사고,0,1,1,0,차대차 - 측면직각충돌,안전운전불이행,습기,비,교차로 - 교차로안,승용,여,60세,중상,승합,남,49세,상해없음
2015043000100309,2015년 4월 30일 13시,목요일,제주특별자치도 제주시 이도일동,경상사고,0,0,1,0,차대차 - 측면직각충돌,안전운전불이행,습기,비,단일로 - 기타,승용,남,33세,상해없음,원동기,남,38세,경상
2015043000100350,2015년 4월 30일 14시,목요일,제주특별자치도 제주시 애월읍,중상사고,0,1,1,0,차대차 - 기타,안전운전불이행,건조,맑음,단일로 - 기타,승용,남,22세,상해없음,승용,남,67세,경상
2015043000100403,2015년 4월 30일 15시,목요일,제주특별자치도 제주시 영평동,경상사고,0,0,1,0,차대차 - 측면직각충돌,차로위반,건조,맑음,교차로 - 교차로부근,승용,여,54세,상해없음,승용,여,30세,경상
2015043000100447,2015년 4월 30일 16시,목요일,제주특별자치도 서귀포시 성산읍,경상사고,0,0,2,0,차대차 - 기타,안전거리미확보,건조,맑음,단일로 - 기타,승용,남,31세,상해없음,승용,남,37세,경상
2015043000100606,2015년 4월 30일 20시,목요일,제주특별자치도 제주시 도남동,경상사고,0,0,1,0,차대사람 - 횡단중,보행자보호의무위반,건조,기타,단일로 - 횡단보도상,승합,여,33세,상해없음,보행자,남,8세,경상
2015043000100651,2015년 4월 30일 21시,목요일,제주특별자치도 서귀포시 서귀동,중상사고,0,1,0,0,차대사람 - 기타,안전운전불이행,건조,맑음,단일로 - 기타,승용,남,39세,상해없음,보행자,남,50세,중상
2015050100100084,2015년 5월 1일 03시,금요일,제주특별자치도 제주시 이도이동,중상사고,0,2,0,0,차대차 - 추돌 - 주정차중,안전운전불이행,건조,흐림,단일로 - 기타,승용,남,28세,상해없음,승용,남,36세,기타불명
2015050100100102,2015년 5월 1일 05시,금요일,제주특별자치도 서귀포시 서귀동,경상사고,0,0,1,0,차대차 - 기타,신호위반,건조,맑음,교차로 - 교차로안,화물,남,48세,상해없음,승용,남,23세,경상
2015050100100113,2015년 5월 1일 06시,금요일,제주특별자치도 제주시 한경면,중상사고,0,1,0,0,차대차 - 추돌 - 진행중,안전운전불이행,건조,맑음,단일로 - 기타,이륜,남,48세,중상,승합,남,41세,상해없음
2015050100100198,2015년 5월 1일 09시,금요일,제주특별자치도 제주시 노형동,경상사고,0,0,1,0,차대차 - 추돌 - 진행중,안전거리미확보,건조,맑음,단일로 - 기타,승용,여,63세,상해없음,승용,남,62세,경상
2015050100100199,2015년 5월 1일 09시,금요일,제주특별자치도 제주시 한경면,부상신고사고,0,0,0,1,차대차 - 추돌 - 진행중,안전운전불이행,건조,맑음,단일로 - 기타,화물,남,47세,부상신고,승용,남,44세,상해없음
2015050100100397,2015년 5월 1일 14시,금요일,제주특별자치도 서귀포시 남원읍,중상사고,0,1,0,1,차대차 - 정면충돌,중앙선침범,건조,맑음,단일로 - 기타,승용,남,29세,부상신고,화물,여,50세,중상
2015050100100467,2015년 5월 1일 16시,금요일,제주특별자치도 제주시 일도이동,경상사고,0,0,1,0,차대차 - 기타,안전운전불이행,기타,맑음,교차로 - 교차로안,승용,남,65세,상해없음,승용,여,50세,경상
2015050100100527,2015년 5월 1일 17시,금요일,제주특별자치도 제주시 도남동,경상사고,0,0,1,0,차대차 - 추돌 - 주정차중,안전운전불이행,건조,맑음,단일로 - 기타,승용,남,25세,상해없음,승용,남,38세,경상
2015050100100528,2015년 5월 1일 17시,금요일,제주특별자치도 제주시 노형동,중상사고,0,1,1,1,차대차 - 측면직각충돌,안전운전불이행,건조,흐림,단일로 - 기타,승용,남,54세,부상신고,승용,남,28세,경상
2015050100100667,2015년 5월 1일 21시,금요일,제주특별자치도 제주시 이도이동,경상사고,0,0,1,0,차대사람 - 기타,안전운전불이행,건조,맑음,교차로 - 교차로부근,기타불명,기타불명,기타불명,기타불명,보행자,남,24세,경상
2015050100100721,2015년 5월 1일 23시,금요일,제주특별자치도 서귀포시 서호동,중상사고,0,2,2,0,차대차 - 기타,직진우회전진행방해,건조,맑음,교차로 - 교차로안,승용,여,27세,경상,승용,여,50세,경상