사고번호,사고일시,요일,시군구,사고내용,사망자수,중상자수,경상자수,부상신고자수,사고유형,법규위반,노면상태,기상상태,도로형태,가해운전자 차종,가해운전자 성별,가해운전자 연령,가해운전자 상해정도,피해운전자 차종,피해운전자 성별,피해운전자 연령,피해운전자 상해정도
2015052000100340,2015년 5월 20일 14시,수요일,제주특별자치도 제주시 연동,경상사고,0,0,4,0,차대차 - 추돌 - 주정차중,안전거리미확보,건조,맑음,단일로 - 기타,화물,남,43세,상해없음,승용,남,39세,경상
2015052000100427,2015년 5월 20일 16시,수요일,제주특별자치도 제주시 구좌읍,중상사고,0,1,0,0,차대사람 - 기타,안전운전불이행,건조,맑음,단일로 - 기타,승용,남,41세,상해없음,보행자,남,33세,중상
2015052000100570,2015년 5월 20일 19시,수요일,제주특별자치도 서귀포시 대정읍,부상신고사고,0,0,0,1,차대차 - 기타,안전운전불이행,건조,맑음,단일로 - 기타,자전거,남,33세,부상신고,승용,남,41세,상해없음
2015052100100109,2015년 5월 21일 07시,목요일,제주특별자치도 서귀포시 상효동,경상사고,0,0,1,0,차대차 - 측면직각충돌,신호위반,건조,맑음,교차로 - 교차로안,승용,남,54세,기타불명,승용,남,45세,경상
2015052100100160,2015년 5월 21일 08시,목요일,제주특별자치도 제주시 애월읍,경상사고,0,0,4,0,차대차 - 기타,안전거리미확보,건조,맑음,단일로 - 기타,승용,남,34세,경상,승용,여,38세,경상
2015052100100293,2015년 5월 21일 12시,목요일,제주특별자치도 제주시 우도면,경상사고,0,0,1,0,차대사람 - 횡단중,안전운전불이행,기타,맑음,단일로 - 기타,승용,남,25세,상해없음,보행자,남,39세,경상
2015052100100294,2015년 5월 21일 12시,목요일,제주특별자치도 서귀포시 대정읍,중상사고,0,1,0,0,차대차 - 추돌 - 주정차중,안전거리미확보,건조,맑음,교차로 - 교차로부근,화물,남,74세,상해없음,승용,남,40세,상해없음
2015052100100334,2015년 5월 21일 13시,목요일,제주특별자치도 서귀포시 동홍동,경상사고,0,0,1,0,차대차 - 기타,안전운전불이행,건조,맑음,단일로 - 기타,화물,남,42세,상해없음,승용,남,57세,경상
2015052100100366,2015년 5월 21일 14시,목요일,제주특별자치도 제주시 노형동,중상사고,0,1,0,0,차대사람 - 기타,안전운전불이행,건조,맑음,기타 - 기타,승용,남,35세,상해없음,보행자,여,47세,중상
2015052100100523,2015년 5월 21일 18시,목요일,제주특별자치도 제주시 조천읍,중상사고,0,1,0,0,차량단독 - 도로외이탈 - 추락,안전운전불이행,건조,맑음,단일로 - 기타,승용,남,38세,중상,,,,
2015052100100599,2015년 5월 21일 20시,목요일,제주특별자치도 제주시 용담이동,경상사고,0,0,1,0,차대차 - 추돌 - 진행중,안전운전불이행,건조,맑음,교차로 - 교차로부근,화물,남,60세,상해없음,승용,남,24세,경상
2015052100100636,2015년 5월 21일 21시,목요일,제주특별자치도 제주시 구좌읍,중상사고,0,1,0,0,차량단독 - 전도전복,안전운전불이행,건조,맑음,단일로 - 기타,화물,남,61세,중상,,,,
2015052200100041,2015년 5월 22일 02시,금요일,제주특별자치도 제주시 오라삼동,중상사고,0,1,0,0,차량단독 - 전도전복,안전운전불이행,건조,맑음,단일로 - 기타,원동기,남,29세,중상,,,,
2015052200100067,2015년 5월 22일 04시,금요일,제주특별자치도 제주시 연동,부상신고사고,0,0,0,1,차량단독 - 공작물충돌,안전운전불이행,건조,맑음,단일로 - 기타,승용,남,55세,부상신고,,,,
2015052200100171,2015년 5월 22일 08시,금요일,제주특별자치도 제주시 애월읍,경상사고,0,0,2,0,차대차 - 추돌 - 진행중,안전운전불이행,건조,맑음,단일로 - 기타,승용,남,41세,상해없음,승용,남,48세,경상
2015052200100241,2015년 5월 22일 10시,금요일,제주특별자치도 제주시 일도이동,사망사고,1,0,0,0,차대차 - 추돌 - 진행중,불법유턴,건조,맑음,단일로 - 횡단보도상,자전거,남,75세,사망,승용,남,37세,상해없음
2015052200100242,2015년 5월 22일 10시,금요일,제주특별자치도 서귀포시 표선면,부상신고사고,0,0,0,1,차대차 - 기타,안전거리미확보,건조,맑음,단일로 - 기타,이륜,남,80세,부상신고,화물,여,46세,상해없음
2015052200100337,2015년 5월 22일 13시,금요일,제주특별자치도 제주시 노형동,경상사고,0,0,2,0,차대차 - 추돌 - 진행중,안전운전불이행,건조,맑음,교차로 - 교차로부근,승용,여,44세,상해없음,승용,남,45세,경상
2015052200100385,2015년 5월 22일 14시,금요일,제주특별자치도 제주시 노형동,중상사고,0,1,0,0,차대사람 - 횡단중,기타,건조,맑음,단일로 - 기타,승용,남,80세,기타불명,보행자,남,8세,중상
2015052200100386,2015년 5월 22일 14시,금요일,제주특별자치도 제주시 애월읍,부상신고사고,0,0,0,1,차대차 - 측면직각충돌,안전운전불이행,건조,맑음,교차로 - 교차로안,승용,여,62세,부상신고,승용,여,51세,상해없음
2015052200100432,2015년 5월 22일 15시,금요일,제주특별자치도 서귀포시 동홍동,중상사고,0,1,0,0,차대차 - 기타,안전거리미확보,건조,맑음,교차로 - 교차로안,승용,여,45세,상해없음,승용,남,59세,상해없음
2015052200100433,2015년 5월 22일 15시,금요일,제주특별자치도 제주시 애월읍,경상사고,0,0,1,0,차대차 - 기타,교차로운행방법위반,건조,맑음,교차로 - 교차로안,승용,여,64세,상해없음,이륜,남,61세,경상
2015052200100471,2015년 5월 22일 16시,금요일,제주특별자치도 제주시 연동,경상사고,0,0,1,0,차대차 - 기타,신호위반,습기,흐림,교차로 - 교차로안,승용,남,29세,기타불명,승용,여,21세,경상
2015052200100507,2015년 5월 22일 17시,금요일,제주특별자치도 제주시 아라일동,경상사고,0,0,1,0,차대차 - 기타,안전운전불이행,건조,맑음,단일로 - 기타,화물,남,43세,상해없음,자전거,남,41세,경상
2015052200100568,2015년 5월 22일 18시,금요일,제주특별자치도 제주시 외도일동,부상신고사고,0,0,0,1,차대차 - 추돌 - 진행중,안전거리미확보,건조,맑음,단일로 - 기타,이륜,남,30세,부상신고,화물,남,37세,상해없음
2015052200100602,2015년 5월 22일 19시,금요일,제주특별자치도 제주시 일도이동,경상사고,0,0,1,0,차량단독 - 기타,안전운전불이행,기타,기타,단일로 - 기타,기타불명,기타불명,기타불명,기타불명,,,,
2015052200100603,2015년 5월 22일 19시,금요일,제주특별자치도 제주시 용담이동,중상사고,0,1,1,0,차대차 - 측면직각충돌,안전운전불이행,건조,맑음,교차로 - 교차로부근,이륜,남,27세,중상,승용,남,35세,경상
2015052200100640,2015년 5월 22일 20시,금요일,제주특별자치도 제주시 이도이동,경상사고,0,0,1,0,차대차 - 기타,안전운전불이행,건조,맑음,단일로 - 기타,승용,여,50세,상해없음,화물,남,45세,경상
2015052200100641,2015년 5월 22일 20시,금요일,제주특별자치도 제주시 연동,중상사고,0,1,0,0,차대사람 - 횡단중,안전운전불이행,건조,맑음,단일로 - 기타,승용,남,45세,상해없음,보행자,남,44세,중상
2015052300100090,2015년 5월 23일 04시,토요일,제주특별자치도 제주시 노형동,부상신고사고,0,0,0,2,차대차 - 측면직각충돌,신호위반,건조,맑음,교차로 - 교차로안,승용,여,48세,부상신고,승용,남,53세,상해없음
2015052300100125,2015년 5월 23일 06시,토요일,제주특별자치도 제주시 한림읍,중상사고,0,1,2,0,차대차 - 측면직각충돌,중앙선침범,건조,맑음,단일로 - 기타,승용,여,42세,경상,승용,남,28세,경상
2015052300100126,2015년 5월 23일 06시,토요일,제주특별자치도 제주시 노형동,경상사고,0,0,2,0,차대차 - 추돌 - 주정차중,안전운전불이행,건조,맑음,교차로 - 교차로부근,화물,여,26세,상해없음,승용,남,49세,경상
2015052300100270,2015년 5월 23일 11시,토요일,제주특별자치도 제주시 노형동,경상사고,0,0,1,0,차대차 - 측면직각충돌,안전운전불이행,건조,맑음,교차로 - 교차로안,승용,여,64세,경상,승용,남,51세,상해없음
2015052300100424,2015년 5월 23일 15시,토요일,제주특별자치도 제주시 이도이동,경상사고,0,0,3,0,차대차 - 측면직각충돌,신호위반,기타,맑음,교차로 - 교차로안,승용,남,39세,상해없음,승용,여,29세,경상
2015052300100512,2015년 5월 23일 17시,토요일,제주특별자치도 제주시 용담일동,중상사고,0,1,0,0,차량단독 - 공작물충돌,안전운전불이행,기타,맑음,단일로 - 기타,이륜,남,34세,중상,,,,
2015052300100513,2015년 5월 23일 17시,토요일,제주특별자치도 서귀포시 강정동,경상사고,0,0,2,0,차대차 - 기타,직진우회전진행방해,건조,맑음,교차로 - 교차로안,승용,남,58세,상해없음,승용,남,26세,경상
2015052300100701,2015년 5월 23일 23시,토요일,제주특별자치도 제주시 한림읍,중상사고,0,2,0,0,차대차 - 측면직각충돌,신호위반,건조,흐림,교차로 - 교차로안,원동기,남,17세,중상,화물,남,49세,중상
2015052400100148,2015년 5월 24일 08시,일요일,제주특별자치도 제주시 연동,중상사고,0,1,0,0,차대사람 - 기타,안전운전불이행,건조,맑음,단일로 - 기타,승용,남,66세,상해없음,보행자,남,35세,중상
2015052400100222,2015년 5월 24일 11시,일요일,제주특별자치도 서귀포시 법환동,경상사고,0,0,1,0,차대차 - 측면직각충돌,직진우회전진행방해,건조,맑음,교차로 - 교차로안,승용,여,54세,상해없음,승합,남,46세,경상
2015052400100247,2015년 5월 24일 12시,일요일,제주특별자치도 서귀포시 성산읍,부상신고사고,0,0,0,1,차대차 - 기타,안전거리미확보,건조,맑음,단일로 - 기타,원동기,남,54세,부상신고,승용,남,26세,상해없음
2015052400100303,2015년 5월 24일 14시,일요일,제주특별자치도 제주시 용강동,중상사고,0,1,0,0,차대사람 - 기타,안전운전불이행,건조,맑음,교차로 - 교차로안,화물,남,54세,상해없음,보행자,남,43세,중상
2015052400100304,2015년 5월 24일 14시,일요일,제주특별자치도 서귀포시 남원읍,사망사고,1,0,0,0,차량단독 - 공작물충돌,안전운전불이행,건조,맑음,단일로 - 기타,이륜,남,18세,사망,,,,
2015052400100376,2015년 5월 24일 16시,일요일,제주특별자치도 서귀포시 도순동,경상사고,0,0,1,0,차대차 - 기타,안전운전불이행,건조,맑음,단일로 - 기타,건설기계,남,36세,상해없음,승용,여,31세,경상
2015052400100417,2015년 5월 24일 17시,일요일,제주특별자치도 서귀포시 동홍동,중상사고,0,2,0,0,차대차 - 추돌 - 진행중,안전운전불이행,건조,맑음,단일로 - 기타,화물,남,25세,상해없음,원동기,남,47세,중상
2015052400100418,2015년 5월 24일 17시,일요일,제주특별자치도 제주시 외도이동,중상사고,0,1,0,0,차대차 - 기타,신호위반,건조,맑음,교차로 - 교차로안,원동기,여,29세,중상,화물,남,51세,상해없음
2015052400100452,2015년 5월 24일 18시,일요일,제주특별자치도 서귀포시 표선면,중상사고,0,1,3,0,차대차 - 측면직각충돌,신호위반,건조,맑음,교차로 - 교차로안,건설기계,남,47세,상해없음,승용,남,20세,경상
2015052400100476,2015년 5월 24일 19시,일요일,제주특별자치도 제주시 삼도일동,경상사고,0,0,7,0,차대차 - 추돌 - 진행중,교차로운행방법위반,건조,맑음,교차로 - 교차로안,승용,여,48세,경상,승용,남,53세,경상
2015052400100477,2015년 5월 24일 19시,일요일,제주특별자치도 서귀포시 동홍동,중상사고,0,1,0,0,차대차 - 측면직각충돌,교차로운행방법위반,건조,맑음,교차로 - 교차로안,원동기,여,58세,중상,승용,여,47세,상해없음
2015052400100505,2015년 5월 24일 20시,일요일,제주특별자치도 제주시 연동,경상사고,0,0,1,0,차대차 - 기타,중앙선침범,건조,맑음,교차로 - 교차로부근,승용,여,23세,상해없음,원동기,남,21세,경상
2015052400100536,2015년 5월 24일 21시,일요일,제주특별자치도 제주시 봉개동,중상사고,0,2,0,0,차량단독 - 공작물충돌,안전운전불이행,건조,맑음,단일로 - 기타,승합,남,45세,기타불명,,,,
2015052400100537,2015년 5월 24일 21시,일요일,제주특별자치도 제주시 용담삼동,중상사고,0,1,0,0,차대차 - 기타,안전운전불이행,건조,맑음,교차로 - 교차로안,승합,남,23세,상해없음,자전거,남,16세,중상
2015052400100538,2015년 5월 24일 21시,일요일,제주특별자치도 제주시 연동,경상사고,0,0,1,0,차대사람 - 기타,교차로운행방법위반,건조,맑음,단일로 - 횡단보도상,화물,남,80세,상해없음,보행자,남,54세,경상
2015052500100158,2015년 5월 25일 09시,월요일,제주특별자치도 제주시 애월읍,중상사고,0,1,0,0,차대사람 - 기타,안전운전불이행,건조,맑음,단일로 - 기타,화물,남,50세,상해없음,보행자,여,87세,중상
2015052500100189,2015년 5월 25일 10시,월요일,제주특별자치도 제주시 조천읍,중상사고,0,1,0,0,차대차 - 추돌 - 진행중,신호위반,기타,맑음,교차로 - 교차로안,승합,남,26세,상해없음,이륜,남,70세,중상
2015052500100237,2015년 5월 25일 12시,월요일,제주특별자치도 제주시 건입동,경상사고,0,0,5,0,차대차 - 측면직각충돌,안전운전불이행,건조,맑음,단일로 - 기타,승용,남,47세,상해없음,승용,남,42세,경상
2015052500100238,2015년 5월 25일 12시,월요일,제주특별자치도 서귀포시 성산읍,중상사고,0,1,0,0,차대사람 - 기타,안전운전불이행,건조,맑음,기타 - 기타,승용,남,66세,상해없음,보행자,남,33세,중상
2015052500100261,2015년 5월 25일 13시,월요일,제주특별자치도 제주시 애월읍,경상사고,0,0,1,0,차대차 - 기타,안전거리미확보,건조,맑음,단일로 - 기타,화물,남,24세,상해없음,승용,남,45세,상해없음
2015052500100354,2015년 5월 25일 15시,월요일,제주특별자치도 제주시 애월읍,중상사고,0,1,1,0,차대차 - 기타,교차로운행방법위반,건조,맑음,교차로 - 교차로안,승용,남,65세,상해없음,승용,남,49세,상해없음
2015052500100387,2015년 5월 25일 16시,월요일,제주특별자치도 서귀포시 회수동,경상사고,0,0,1,0,차대차 - 기타,안전운전불이행,건조,맑음,교차로 - 교차로안,승합,남,20세,상해없음,승용,남,24세,상해없음
2015052500100433,2015년 5월 25일 17시,월요일,제주특별자치도 서귀포시 안덕면,중상사고,0,1,0,0,차대차 - 기타,안전거리미확보,건조,맑음,단일로 - 기타,승용,여,26세,상해없음,원동기,여,64세,중상
2015052500100519,2015년 5월 25일 20시,월요일,제주특별자치도 제주시 연동,중상사고,0,1,0,0,차대사람 - 횡단중,보행자보호의무위반,건조,맑음,단일로 - 횡단보도상,승용,남,74세,상해없음,보행자,남,56세,중상
2015052500100546,2015년 5월 25일 21시,월요일,제주특별자치도 제주시 연동,경상사고,0,0,1,1,차대사람 - 차도통행중,안전운전불이행,건조,맑음,단일로 - 기타,화물,남,46세,상해없음,보행자,남,17세,경상
2015052500100576,2015년 5월 25일 22시,월요일,제주특별자치도 서귀포시 대정읍,부상신고사고,0,0,0,1,차량단독 - 공작물충돌,안전운전불이행,건조,맑음,단일로 - 기타,승용,남,51세,부상신고,,,,
2015052600100010,2015년 5월 26일 00시,화요일,제주특별자치도 서귀포시 토평동,경상사고,0,0,1,0,차대차 - 기타,안전운전불이행,건조,맑음,단일로 - 기타,승용,남,59세,상해없음,승용,남,59세,상해없음
2015052600100027,2015년 5월 26일 02시,화요일,제주특별자치도 서귀포시 서귀동,중상사고,0,2,0,0,차대차 - 측면직각충돌,기타,건조,맑음,교차로 - 교차로안,승용,남,33세,상해없음,승용,남,46세,중상
2015052600100038,2015년 5월 26일 04시,화요일,제주특별자치도 제주시 연동,경상사고,0,0,2,0,차대차 - 측면직각충돌,직진우회전진행방해,건조,맑음,교차로 - 교차로안,승용,남,23세,상해없음,승용,여,32세,경상
2015052600100102,2015년 5월 26일 07시,화요일,제주특별자치도 제주시 일도이동,경상사고,0,0,2,0,차대차 - 기타,교차로운행방법위반,기타,맑음,교차로 - 교차로안,승용,여,40세,상해없음,승용,여,45세,경상
2015052600100133,2015년 5월 26일 08시,화요일,제주특별자치도 제주시 이도이동,경상사고,0,0,1,0,차대차 - 측면직각충돌,교차로운행방법위반,건조,맑음,교차로 - 교차로안,화물,남,32세,상해없음,화물,남,29세,경상
2015052600100174,2015년 5월 26일 09시,화요일,제주특별자치도 제주시 구좌읍,사망사고,1,0,3,0,차대차 - 추돌 - 진행중,안전운전불이행,건조,맑음,단일로 - 기타,화물,남,59세,사망,화물,남,64세,경상
2015052600100213,2015년 5월 26일 10시,화요일,제주특별자치도 제주시 일도일동,중상사고,0,1,0,0,차대사람 - 횡단중,안전운전불이행,건조,맑음,단일로 - 기타,화물,남,41세,상해없음,보행자,남,40세,중상
2015052600100245,2015년 5월 26일 11시,화요일,제주특별자치도 제주시 일도이동,경상사고,0,0,1,0,차대차 - 추돌 - 진행중,안전거리미확보,건조,맑음,단일로 - 기타,승용,남,70세,상해없음,승용,여,44세,경상
2015052600100246,2015년 5월 26일 11시,화요일,제주특별자치도 서귀포시 서귀동,중상사고,0,1,0,0,차대차 - 측면직각충돌,교차로운행방법위반,건조,맑음,교차로 - 교차로안,승용,남,26세,상해없음,화물,여,49세,중상
2015052600100318,2015년 5월 26일 13시,화요일,제주특별자치도 제주시 연동,경상사고,0,0,1,1,차대사람 - 기타,안전운전불이행,건조,맑음,교차로 - 교차로안,승용,여,26세,상해없음,보행자,남,21세,경상
2015052600100389,2015년 5월 26일 15시,화요일,제주특별자치도 제주시 아라일동,부상신고사고,0,0,0,1,차대차 - 측면직각충돌,교차로운행방법위반,기타,맑음,교차로 - 교차로안,승용,남,33세,상해없음,승용,여,38세,부상신고
2015052600100390,2015년 5월 26일 15시,화요일,제주특별자치도 제주시 노형동,중상사고,0,1,0,0,차대차 - 기타,안전운전불이행,건조,맑음,기타 - 기타,승용,여,44세,상해없음,승용,여,44세,중상
2015052700100020,2015년 5월 27일 00시,수요일,제주특별자치도 제주시 노형동,부상신고사고,0,0,0,2,차대차 - 측면직각충돌,직진우회전진행방해,건조,맑음,교차로 - 교차로안,승용,여,34세,상해없음,화물,남,26세,부상신고
2015052700100038,2015년 5월 27일 02시,수요일,제주특별자치도 제주시 구좌읍,경상사고,0,0,1,0,차량단독 - 공작물충돌,안전운전불이행,건조,맑음,단일로 - 기타,승용,남,36세,경상,,,,
2015052700100144,2015년 5월 27일 08시,수요일,제주특별자치도 제주시 도련일동,경상사고,0,0,2,0,차대차 - 추돌 - 진행중,안전거리미확보,건조,맑음,단일로 - 기타,화물,남,41세,상해없음,승용,여,42세,경상
2015052700100145,2015년 5월 27일 08시,수요일,제주특별자치도 제주시 노형동,경상사고,0,0,2,0,차대차 - 추돌 - 진행중,안전운전불이행,건조,맑음,교차로 - 교차로부근,승용,남,35세,상해없음,승용,여,44세,경상
2015052700100207,2015년 5월 27일 10시,수요일,제주특별자치도 제주시 봉개동,경상사고,0,0,1,0,차대차 - 추돌 - 진행중,안전거리미확보,건조,맑음,단일로 - 기타,화물,남,45세,상해없음,승용,남,63세,상해없음
2015052700100304,2015년 5월 27일 13시,수요일,제주특별자치도 제주시 삼도일동,경상사고,0,0,1,0,차대사람 - 횡단중,안전운전불이행,건조,맑음,단일로 - 기타,승용,남,62세,상해없음,보행자,여,74세,경상
2015052700100305,2015년 5월 27일 13시,수요일,제주특별자치도 서귀포시 표선면,중상사고,0,1,0,0,차대사람 - 기타,안전운전불이행,건조,맑음,교차로 - 교차로안,승합,남,50세,상해없음,보행자,여,30세,중상
2015052700100350,2015년 5월 27일 14시,수요일,제주특별자치도 서귀포시 성산읍,경상사고,0,0,5,0,차량단독 - 공작물충돌,안전운전불이행,건조,맑음,단일로 - 기타,승용,여,54세,경상,,,,
2015052700100482,2015년 5월 27일 17시,수요일,제주특별자치도 제주시 노형동,경상사고,0,0,2,0,차대차 - 측면직각충돌,직진우회전진행방해,건조,맑음,교차로 - 교차로안,승용,여,20세,경상,승용,여,61세,경상
2015052700100600,2015년 5월 27일 20시,수요일,제주특별자치도 제주시 오라이동,중상사고,0,1,1,0,차대차 - 기타,안전운전불이행,건조,흐림,단일로 - 기타,승용,남,25세,중상,농기계,남,62세,경상
2015052700100601,2015년 5월 27일 20시,수요일,제주특별자치도 제주시 화북일동,중상사고,0,1,3,0,차대차 - 추돌 - 주정차중,안전운전불이행,건조,맑음,단일로 - 기타,승용,남,55세,중상,승용,남,54세,경상
2015052700100659,2015년 5월 27일 22시,수요일,제주특별자치도 서귀포시 토평동,경상사고,0,0,2,0,차대차 - 기타,안전운전불이행,건조,맑음,교차로 - 교차로부근,승합,남,57세,상해없음,승용,남,52세,경상
2015052800100037,2015년 5월 28일 03시,목요일,제주특별자치도 제주시 일도이동,중상사고,0,1,1,0,차대사람 - 횡단중,안전운전불이행,습기,비,단일로 - 기타,승용,여,48세,상해없음,보행자,남,48세,중상
2015052800100086,2015년 5월 28일 07시,목요일,제주특별자치도 제주시 도련일동,경상사고,0,0,1,0,차대차 - 추돌 - 진행중,신호위반,건조,맑음,교차로 - 교차로안,승용,여,49세,상해없음,승용,남,38세,경상
2015052800100087,2015년 5월 28일 07시,목요일,제주특별자치도 서귀포시 법환동,경상사고,0,0,1,0,차량단독 - 공작물충돌,안전운전불이행,습기,흐림,단일로 - 기타,승용,여,44세,상해없음,,,,
2015052800100297,2015년 5월 28일 13시,목요일,제주특별자치도 제주시 용담삼동,경상사고,0,0,1,0,차대차 - 기타,교차로운행방법위반,건조,맑음,단일로 - 기타,화물,남,38세,상해없음,승용,여,33세,경상
2015052800100298,2015년 5월 28일 13시,목요일,제주특별자치도 제주시 애월읍,경상사고,0,0,4,0,차대차 - 기타,중앙선침범,건조,맑음,교차로 - 교차로안,승용,여,42세,상해없음,승용,남,71세,경상
2015052800100332,2015년 5월 28일 14시,목요일,제주특별자치도 서귀포시 표선면,중상사고,0,2,0,0,차대차 - 기타,안전운전불이행,건조,맑음,단일로 - 기타,화물,남,39세,상해없음,승용,남,46세,중상
2015052800100374,2015년 5월 28일 15시,목요일,제주특별자치도 제주시 용담이동,중상사고,0,1,0,0,차대사람 - 기타,보행자보호의무위반,건조,맑음,단일로 - 기타,승용,여,58세,상해없음,보행자,여,10세,중상
2015052800100408,2015년 5월 28일 16시,목요일,제주특별자치도 제주시 노형동,중상사고,0,1,0,0,차대차 - 기타,안전운전불이행,건조,맑음,단일로 - 기타,승용,남,29세,상해없음,승용,남,39세,중상
2015052800100496,2015년 5월 28일 18시,목요일,제주특별자치도 서귀포시 법환동,중상사고,0,1,0,0,차대차 - 기타,안전운전불이행,건조,맑음,단일로 - 기타,승용,남,26세,상해없음,원동기,남,38세,상해없음
2015052800100530,2015년 5월 28일 19시,목요일,제주특별자치도 제주시 이도이동,경상사고,0,0,1,0,차대차 - 추돌 - 진행중,직진우회전진행방해,건조,맑음,교차로 - 교차로안,승용,남,23세,경상,승용,남,43세,상해없음
2015052800100531,2015년 5월 28일 19시,목요일,제주특별자치도 제주시 연동,경상사고,0,0,1,0,차대사람 - 기타,안전운전불이행,건조,맑음,단일로 - 기타,기타불명,기타불명,기타불명,기타불명,보행자,남,11세,경상
2015052800100601,2015년 5월 28일 21시,목요일,제주특별자치도 제주시 조천읍,경상사고,0,0,1,0,차대차 - 측면직각충돌,신호위반,건조,맑음,교차로 - 교차로안,승용,남,52세,상해없음,승용,여,34세,경상
2015052800100602,2015년 5월 28일 21시,목요일,제주특별자치도 제주시 용담이동,경상사고,0,0,1,0,차대차 - 측면직각충돌,안전운전불이행,건조,맑음,단일로 - 횡단보도상,승용,남,22세,상해없음,자전거,남,13세,경상
2015052800100620,2015년 5월 28일 22시,목요일,제주특별자치도 제주시 애월읍,중상사고,0,1,0,1,차대차 - 기타,안전운전불이행,건조,맑음,단일로 - 기타,승합,남,26세,부상신고,화물,남,51세,상해없음
2015052900100040,2015년 5월 29일 01시,금요일,제주특별자치도 제주시 일도이동,부상신고사고,0,0,0,1,차대차 - 추돌 - 주정차중,안전운전불이행,건조,맑음,단일로 - 기타,승용,여,38세,부상신고,승용,남,59세,상해없음
2015052900100160,2015년 5월 29일 08시,금요일,제주특별자치도 제주시 노형동,경상사고,0,0,1,0,차대차 - 기타,중앙선침범,건조,맑음,기타 - 기타,원동기,남,26세,경상,화물,남,23세,상해없음
2015052900100211,2015년 5월 29일 09시,금요일,제주특별자치도 제주시 용담일동,경상사고,0,0,2,0,차대차 - 추돌 - 진행중,교차로운행방법위반,기타,맑음,교차로 - 교차로안,승용,남,36세,상해없음,승용,남,31세,경상
2015052900100302,2015년 5월 29일 12시,금요일,제주특별자치도 제주시 삼도이동,경상사고,0,0,1,0,차대차 - 추돌 - 진행중,안전운전불이행,건조,맑음,교차로 - 교차로부근,승용,여,53세,상해없음,자전거,남,72세,경상
2015052900100303,2015년 5월 29일 12시,금요일,제주특별자치도 제주시 아라일동,경상사고,0,0,2,0,차대차 - 기타,신호위반,건조,맑음,교차로 - 교차로안,승용,남,24세,상해없음,승용,여,36세,경상
2015052900100331,2015년 5월 29일 13시,금요일,제주특별자치도 제주시 우도면,부상신고사고,0,0,0,1,차대차 - 기타,안전운전불이행,기타,맑음,단일로 - 기타,승합,남,32세,상해없음,자전거,여,28세,부상신고
2015052900100332,2015년 5월 29일 13시,금요일,제주특별자치도 서귀포시 대정읍,부상신고사고,0,0,0,1,차대차 - 기타,안전운전불이행,건조,맑음,단일로 - 기타,기타불명,기타불명,기타불명,기타불명,원동기,여,70세,부상신고
2015052900100362,2015년 5월 29일 14시,금요일,제주특별자치도 서귀포시 대정읍,경상사고,0,0,2,0,차대차 - 측면직각충돌,신호위반,건조,맑음,교차로 - 교차로안,승용,남,79세,상해없음,승합,남,23세,경상
2015052900100397,2015년 5월 29일 15시,금요일,제주특별자치도 서귀포시 서홍동,중상사고,0,1,0,0,차대차 - 기타,안전거리미확보,건조,맑음,단일로 - 기타,승용,여,52세,기타불명,승용,남,37세,중상
2015052900100398,2015년 5월 29일 15시,금요일,제주특별자치도 제주시 노형동,경상사고,0,0,1,0,차대사람 - 기타,안전운전불이행,건조,맑음,단일로 - 기타,승합,남,71세,상해없음,보행자,여,8세,경상
2015052900100461,2015년 5월 29일 17시,금요일,제주특별자치도 제주시 연동,경상사고,0,0,2,0,차대차 - 측면직각충돌,신호위반,건조,맑음,교차로 - 교차로안,승용,남,46세,상해없음,승용,남,71세,경상
2015052900100510,2015년 5월 29일 18시,금요일,제주특별자치도 제주시 용담이동,경상사고,0,0,1,0,차대차 - 추돌 - 주정차중,안전운전불이행,건조,맑음,단일로 - 기타,승용,남,58세,상해없음,승용,여,46세,기타불명
2015052900100546,2015년 5월 29일 19시,금요일,제주특별자치도 서귀포시 동홍동,경상사고,0,0,1,0,차대차 - 기타,안전거리미확보,건조,맑음,단일로 - 기타,승용,남,54세,상해없음,승용,여,38세,경상
2015052900100588,2015년 5월 29일 20시,금요일,제주특별자치도 서귀포시 서귀동,경상사고,0,0,1,0,차대차 - 기타,교차로운행방법위반,건조,맑음,교차로 - 교차로안,화물,남,65세,상해없음,승용,여,52세,경상
2015052900100627,2015년 5월 29일 21시,금요일,제주특별자치도 제주시 이도이동,중상사고,0,1,0,0,차대차 - 기타,안전운전불이행,건조,맑음,기타 - 기타,승용,여,24세,상해없음,승용,여,46세,중상
2015053000100051,2015년 5월 30일 01시,토요일,제주특별자치도 제주시 한림읍,부상신고사고,0,0,0,1,차량단독 - 공작물충돌,안전운전불이행,건조,흐림,단일로 - 기타,승용,남,24세,부상신고,,,,
2015053000100105,2015년 5월 30일 04시,토요일,제주특별자치도 제주시 노형동,부상신고사고,0,0,0,1,차량단독 - 공작물충돌,안전운전불이행,습기,비,단일로 - 기타,화물,여,50세,상해없음,,,,
2015053000100176,2015년 5월 30일 08시,토요일,제주특별자치도 제주시 화북일동,경상사고,0,0,1,0,차대차 - 추돌 - 진행중,안전운전불이행,건조,맑음,단일로 - 기타,승용,남,28세,기타불명,화물,남,39세,경상