사고번호,사고일시,요일,시군구,사고내용,사망자수,중상자수,경상자수,부상신고자수,사고유형,법규위반,노면상태,기상상태,도로형태,가해운전자 차종,가해운전자 성별,가해운전자 연령,가해운전자 상해정도,피해운전자 차종,피해운전자 성별,피해운전자 연령,피해운전자 상해정도
2015053000100237,2015년 5월 30일 10시,토요일,제주특별자치도 제주시 화북이동,경상사고,0,0,1,0,차대차 - 기타,신호위반,건조,맑음,교차로 - 교차로안,승용,남,74세,상해없음,화물,남,72세,경상
2015053000100306,2015년 5월 30일 12시,토요일,제주특별자치도 제주시 연동,경상사고,0,0,2,0,차대차 - 기타,안전거리미확보,건조,맑음,단일로 - 기타,승용,여,19세,상해없음,승용,남,26세,경상
2015053000100363,2015년 5월 30일 13시,토요일,제주특별자치도 서귀포시 남원읍,경상사고,0,0,3,1,차대차 - 기타,중앙선침범,습기,비,단일로 - 기타,승용,남,73세,부상신고,승용,남,36세,경상
2015053000100395,2015년 5월 30일 14시,토요일,제주특별자치도 제주시 삼도일동,경상사고,0,0,1,0,차량단독 - 기타,안전운전불이행,습기,비,교차로 - 교차로부근,승용,남,56세,상해없음,,,,
2015053000100467,2015년 5월 30일 16시,토요일,제주특별자치도 제주시 삼양일동,경상사고,0,0,3,0,차대차 - 추돌 - 진행중,안전거리미확보,건조,맑음,교차로 - 교차로부근,화물,남,25세,경상,승용,남,55세,상해없음
2015053000100527,2015년 5월 30일 18시,토요일,제주특별자치도 제주시 연동,경상사고,0,0,1,0,차대차 - 추돌 - 진행중,안전거리미확보,건조,맑음,단일로 - 기타,승용,남,55세,경상,승용,남,28세,상해없음
2015053000100669,2015년 5월 30일 22시,토요일,제주특별자치도 제주시 연동,부상신고사고,0,0,0,1,차대차 - 측면직각충돌,직진우회전진행방해,건조,흐림,교차로 - 교차로안,이륜,남,23세,부상신고,승용,남,39세,상해없음
2015053100100062,2015년 5월 31일 03시,일요일,제주특별자치도 제주시 애월읍,경상사고,0,0,2,0,차대차 - 기타,안전운전불이행,건조,맑음,단일로 - 기타,승용,남,22세,상해없음,승용,남,51세,경상
2015053100100161,2015년 5월 31일 10시,일요일,제주특별자치도 제주시 구좌읍,중상사고,0,1,0,0,차대사람 - 기타,안전운전불이행,건조,맑음,단일로 - 기타,승합,남,55세,상해없음,보행자,남,13세,중상
2015053100100180,2015년 5월 31일 11시,일요일,제주특별자치도 제주시 조천읍,경상사고,0,0,1,0,차대차 - 추돌 - 진행중,안전운전불이행,건조,맑음,교차로 - 교차로안,승용,남,57세,상해없음,승용,남,32세,상해없음
2015053100100181,2015년 5월 31일 11시,일요일,제주특별자치도 제주시 연동,경상사고,0,0,1,0,차대사람 - 기타,안전운전불이행,건조,맑음,단일로 - 기타,승용,여,45세,상해없음,보행자,여,63세,경상
2015053100100208,2015년 5월 31일 12시,일요일,제주특별자치도 제주시 연동,경상사고,0,0,2,0,차대차 - 기타,안전거리미확보,건조,맑음,단일로 - 기타,승합,남,56세,상해없음,승용,남,28세,경상
2015053100100209,2015년 5월 31일 12시,일요일,제주특별자치도 제주시 연동,중상사고,0,1,0,0,차대차 - 기타,신호위반,건조,맑음,교차로 - 교차로안,승합,여,56세,상해없음,원동기,남,35세,중상
2015053100100247,2015년 5월 31일 13시,일요일,제주특별자치도 제주시 도남동,경상사고,0,0,1,0,차대사람 - 횡단중,안전운전불이행,건조,맑음,단일로 - 기타,승용,여,69세,상해없음,보행자,여,35세,경상
2015053100100289,2015년 5월 31일 14시,일요일,제주특별자치도 제주시 삼도이동,경상사고,0,0,2,0,차대차 - 추돌 - 진행중,안전거리미확보,건조,맑음,교차로 - 교차로안,승합,남,40세,상해없음,승용,남,54세,경상
2015053100100331,2015년 5월 31일 15시,일요일,제주특별자치도 서귀포시 성산읍,부상신고사고,0,0,0,1,차량단독 - 공작물충돌,안전운전불이행,건조,맑음,단일로 - 기타,원동기,남,55세,부상신고,,,,
2015053100100332,2015년 5월 31일 15시,일요일,제주특별자치도 서귀포시 성산읍,중상사고,0,2,0,1,차대차 - 기타,신호위반,건조,맑음,교차로 - 교차로안,이륜,남,49세,중상,농기계,남,72세,부상신고
2015053100100333,2015년 5월 31일 15시,일요일,제주특별자치도 제주시 오라삼동,경상사고,0,0,1,0,차대차 - 기타,신호위반,건조,맑음,단일로 - 기타,승용,남,64세,상해없음,승용,남,63세,경상
2015053100100400,2015년 5월 31일 17시,일요일,제주특별자치도 제주시 도남동,경상사고,0,0,1,0,차대차 - 추돌 - 진행중,안전운전불이행,건조,맑음,단일로 - 횡단보도상,화물,여,53세,상해없음,자전거,남,16세,경상
2015053100100430,2015년 5월 31일 18시,일요일,제주특별자치도 제주시 용담삼동,부상신고사고,0,0,0,1,차대차 - 추돌 - 주정차중,안전운전불이행,건조,맑음,기타 - 기타,승합,여,52세,상해없음,승용,여,33세,부상신고
2015053100100456,2015년 5월 31일 19시,일요일,제주특별자치도 제주시 애월읍,중상사고,0,2,1,2,차대차 - 기타,신호위반,건조,맑음,교차로 - 교차로안,승용,남,28세,부상신고,화물,남,41세,경상
2015060100100060,2015년 6월 1일 06시,월요일,제주특별자치도 제주시 일도일동,경상사고,0,0,1,0,차대차 - 추돌 - 주정차중,안전운전불이행,건조,맑음,단일로 - 기타,원동기,남,35세,경상,승용,남,63세,기타불명
2015060100100094,2015년 6월 1일 07시,월요일,제주특별자치도 제주시 삼도이동,중상사고,0,1,0,0,차대사람 - 횡단중,보행자보호의무위반,건조,맑음,단일로 - 횡단보도상,승용,남,44세,상해없음,보행자,남,71세,중상
2015060100100178,2015년 6월 1일 09시,월요일,제주특별자치도 제주시 오라이동,경상사고,0,0,1,0,차대차 - 추돌 - 주정차중,안전거리미확보,건조,맑음,단일로 - 기타,원동기,남,48세,경상,승용,여,44세,상해없음
2015060100100297,2015년 6월 1일 13시,월요일,제주특별자치도 서귀포시 남원읍,경상사고,0,0,1,0,차량단독 - 기타,안전운전불이행,건조,맑음,단일로 - 기타,화물,남,60세,경상,,,,
2015060100100362,2015년 6월 1일 15시,월요일,제주특별자치도 제주시 해안동,경상사고,0,0,5,0,차대차 - 추돌 - 진행중,안전거리미확보,건조,맑음,단일로 - 기타,승용,여,31세,상해없음,승용,남,79세,경상
2015060100100404,2015년 6월 1일 16시,월요일,제주특별자치도 제주시 건입동,경상사고,0,0,1,0,차대사람 - 기타,안전운전불이행,건조,맑음,단일로 - 기타,승용,여,31세,상해없음,보행자,남,10세,경상
2015060100100453,2015년 6월 1일 17시,월요일,제주특별자치도 서귀포시 보목동,경상사고,0,0,1,0,차대사람 - 기타,보행자보호의무위반,건조,맑음,교차로 - 교차로부근,승용,남,46세,상해없음,보행자,남,13세,경상
2015060100100454,2015년 6월 1일 17시,월요일,제주특별자치도 제주시 용담이동,부상신고사고,0,0,0,1,차량단독 - 기타,안전거리미확보,건조,맑음,교차로 - 교차로안,승합,남,43세,상해없음,,,,
2015060100100501,2015년 6월 1일 18시,월요일,제주특별자치도 제주시 구좌읍,중상사고,0,1,0,0,차대차 - 측면직각충돌,안전운전불이행,건조,맑음,단일로 - 기타,승합,남,32세,상해없음,자전거,여,11세,중상
2015060100100502,2015년 6월 1일 18시,월요일,제주특별자치도 제주시 노형동,경상사고,0,0,1,0,차대차 - 기타,안전운전불이행,건조,맑음,단일로 - 기타,승용,남,57세,상해없음,승용,남,43세,경상
2015060100100503,2015년 6월 1일 18시,월요일,제주특별자치도 제주시 연동,경상사고,0,0,1,0,차대차 - 추돌 - 진행중,안전운전불이행,건조,맑음,단일로 - 기타,승용,여,56세,상해없음,화물,남,40세,경상
2015060100100581,2015년 6월 1일 20시,월요일,제주특별자치도 서귀포시 서귀동,중상사고,0,1,0,0,차대차 - 기타,안전운전불이행,건조,맑음,단일로 - 기타,승용,남,33세,상해없음,자전거,남,27세,중상
2015060100100625,2015년 6월 1일 21시,월요일,제주특별자치도 제주시 조천읍,중상사고,0,1,2,1,차대차 - 기타,신호위반,건조,맑음,교차로 - 교차로안,승용,남,35세,상해없음,승용,남,54세,경상
2015060100100626,2015년 6월 1일 21시,월요일,제주특별자치도 서귀포시 안덕면,중상사고,0,1,0,1,차량단독 - 기타,안전운전불이행,건조,맑음,단일로 - 교량,승합,남,38세,상해없음,,,,
2015060100100627,2015년 6월 1일 21시,월요일,제주특별자치도 제주시 연동,경상사고,0,0,1,0,차대차 - 기타,안전운전불이행,건조,맑음,단일로 - 기타,승용,남,24세,상해없음,화물,남,40세,경상
2015060100100661,2015년 6월 1일 22시,월요일,제주특별자치도 서귀포시 서귀동,경상사고,0,0,1,0,차대차 - 기타,안전운전불이행,건조,맑음,교차로 - 교차로부근,승용,남,57세,상해없음,승용,여,49세,경상
2015060200100095,2015년 6월 2일 07시,화요일,제주특별자치도 제주시 구좌읍,중상사고,0,1,0,0,차대차 - 추돌 - 진행중,안전거리미확보,건조,맑음,단일로 - 기타,화물,남,32세,상해없음,화물,남,46세,상해없음
2015060200100134,2015년 6월 2일 08시,화요일,제주특별자치도 제주시 이도이동,중상사고,0,1,0,0,차대차 - 추돌 - 진행중,안전거리미확보,습기,흐림,단일로 - 기타,승용,남,21세,상해없음,승용,남,38세,중상
2015060200100161,2015년 6월 2일 09시,화요일,제주특별자치도 서귀포시 서홍동,부상신고사고,0,0,0,1,차대차 - 기타,안전운전불이행,건조,맑음,단일로 - 기타,특수,남,44세,상해없음,화물,남,56세,부상신고
2015060200100252,2015년 6월 2일 13시,화요일,제주특별자치도 제주시 이도이동,경상사고,0,0,3,0,차대차 - 추돌 - 진행중,중앙선침범,건조,맑음,단일로 - 기타,승용,남,66세,경상,화물,남,65세,경상
2015060200100347,2015년 6월 2일 16시,화요일,제주특별자치도 제주시 이도이동,중상사고,0,1,0,0,차량단독 - 공작물충돌,안전운전불이행,건조,맑음,교차로 - 교차로부근,승합,남,42세,상해없음,,,,
2015060200100477,2015년 6월 2일 19시,화요일,제주특별자치도 제주시 건입동,중상사고,0,1,0,0,차대사람 - 기타,보행자보호의무위반,습기,비,단일로 - 기타,승용,여,32세,상해없음,보행자,여,75세,중상
2015060200100478,2015년 6월 2일 19시,화요일,제주특별자치도 서귀포시 성산읍,경상사고,0,0,1,0,차대사람 - 기타,안전운전불이행,건조,맑음,단일로 - 기타,승용,남,50세,상해없음,보행자,남,54세,경상
2015060200100479,2015년 6월 2일 19시,화요일,제주특별자치도 제주시 노형동,경상사고,0,0,1,0,차대차 - 기타,안전운전불이행,건조,맑음,단일로 - 기타,승용,남,39세,상해없음,자전거,남,15세,경상
2015060200100480,2015년 6월 2일 19시,화요일,제주특별자치도 제주시 애월읍,경상사고,0,0,3,0,차대차 - 측면직각충돌,신호위반,습기,비,교차로 - 교차로안,승용,남,25세,상해없음,승용,남,47세,경상
2015060200100514,2015년 6월 2일 20시,화요일,제주특별자치도 제주시 이도이동,경상사고,0,0,1,0,차대사람 - 횡단중,보행자보호의무위반,습기,비,교차로 - 교차로부근,기타불명,기타불명,기타불명,기타불명,보행자,남,34세,경상
2015060200100515,2015년 6월 2일 20시,화요일,제주특별자치도 제주시 삼양일동,경상사고,0,0,2,0,차대차 - 추돌 - 진행중,안전거리미확보,습기,비,단일로 - 기타,승용,남,32세,상해없음,승용,여,55세,경상
2015060200100573,2015년 6월 2일 22시,화요일,제주특별자치도 제주시 도남동,경상사고,0,0,4,0,차대차 - 기타,직진우회전진행방해,습기,비,교차로 - 교차로안,승용,남,57세,경상,승용,여,56세,경상
2015060200100574,2015년 6월 2일 22시,화요일,제주특별자치도 서귀포시 동홍동,경상사고,0,0,1,0,차대차 - 기타,안전운전불이행,습기,비,교차로 - 교차로안,화물,남,55세,상해없음,승용,남,51세,경상
2015060300100087,2015년 6월 3일 06시,수요일,제주특별자치도 제주시 오라이동,중상사고,0,1,0,0,차대차 - 추돌 - 진행중,안전운전불이행,습기,흐림,교차로 - 교차로부근,승용,남,40세,상해없음,승용,남,47세,중상
2015060300100257,2015년 6월 3일 11시,수요일,제주특별자치도 제주시 일도이동,경상사고,0,0,2,0,차대차 - 기타,안전거리미확보,기타,맑음,단일로 - 기타,승합,남,43세,상해없음,승용,남,64세,경상
2015060300100374,2015년 6월 3일 15시,수요일,제주특별자치도 제주시 오라일동,경상사고,0,0,2,0,차대차 - 추돌 - 진행중,직진우회전진행방해,건조,맑음,교차로 - 교차로안,승용,남,60세,경상,승용,여,61세,경상
2015060300100420,2015년 6월 3일 16시,수요일,제주특별자치도 제주시 구좌읍,중상사고,0,1,0,0,차대차 - 기타,교차로운행방법위반,기타,맑음,교차로 - 교차로안,승용,남,54세,상해없음,원동기,여,70세,중상
2015060300100536,2015년 6월 3일 18시,수요일,제주특별자치도 제주시 일도이동,부상신고사고,0,0,0,1,차대차 - 추돌 - 진행중,중앙선침범,건조,맑음,단일로 - 기타,이륜,남,25세,부상신고,승용,남,34세,상해없음
2015060300100610,2015년 6월 3일 20시,수요일,제주특별자치도 제주시 이도일동,경상사고,0,0,1,0,차대사람 - 횡단중,보행자보호의무위반,건조,맑음,단일로 - 횡단보도상,승용,남,46세,상해없음,보행자,남,42세,경상
2015060400100222,2015년 6월 4일 10시,목요일,제주특별자치도 제주시 애월읍,경상사고,0,0,1,1,차대차 - 측면직각충돌,신호위반,건조,맑음,교차로 - 교차로안,승용,남,59세,부상신고,승용,여,45세,경상
2015060400100246,2015년 6월 4일 11시,목요일,제주특별자치도 서귀포시 서홍동,중상사고,0,1,0,0,차대차 - 기타,중앙선침범,건조,맑음,단일로 - 기타,승용,남,71세,상해없음,승용,여,43세,중상
2015060400100247,2015년 6월 4일 11시,목요일,제주특별자치도 제주시 한경면,중상사고,0,1,0,0,차대차 - 측면직각충돌,기타,건조,맑음,교차로 - 교차로안,화물,남,35세,상해없음,이륜,여,76세,중상
2015060400100248,2015년 6월 4일 11시,목요일,제주특별자치도 제주시 애월읍,경상사고,0,0,1,0,차대차 - 추돌 - 진행중,안전운전불이행,건조,맑음,교차로 - 교차로안,승용,남,61세,상해없음,승용,남,56세,경상
2015060400100284,2015년 6월 4일 12시,목요일,제주특별자치도 서귀포시 동홍동,중상사고,0,2,0,0,차대차 - 기타,안전운전불이행,건조,맑음,기타 - 기타,화물,남,51세,상해없음,이륜,남,78세,중상
2015060400100285,2015년 6월 4일 12시,목요일,제주특별자치도 서귀포시 서귀동,부상신고사고,0,0,0,1,차대차 - 기타,교차로운행방법위반,건조,맑음,교차로 - 교차로안,이륜,남,73세,부상신고,승용,여,27세,상해없음
2015060400100321,2015년 6월 4일 13시,목요일,제주특별자치도 제주시 노형동,경상사고,0,0,1,0,차대차 - 기타,안전거리미확보,건조,맑음,단일로 - 기타,승용,남,43세,상해없음,화물,남,36세,경상
2015060400100349,2015년 6월 4일 14시,목요일,제주특별자치도 제주시 건입동,경상사고,0,0,1,0,차대차 - 기타,안전운전불이행,건조,맑음,교차로 - 교차로안,승용,남,57세,상해없음,승용,남,34세,경상
2015060400100350,2015년 6월 4일 14시,목요일,제주특별자치도 제주시 구좌읍,부상신고사고,0,0,0,1,차대차 - 기타,안전운전불이행,건조,맑음,교차로 - 교차로안,승용,남,33세,부상신고,승용,남,31세,상해없음
2015060400100386,2015년 6월 4일 15시,목요일,제주특별자치도 제주시 이도이동,경상사고,0,0,1,0,차대차 - 추돌 - 진행중,교차로운행방법위반,건조,맑음,교차로 - 교차로안,승용,여,41세,상해없음,승용,남,55세,경상
2015060400100387,2015년 6월 4일 15시,목요일,제주특별자치도 서귀포시 도순동,경상사고,0,0,1,0,차대차 - 기타,교차로운행방법위반,건조,맑음,교차로 - 교차로부근,승용,여,31세,상해없음,승용,여,55세,경상
2015060400100388,2015년 6월 4일 15시,목요일,제주특별자치도 제주시 해안동,중상사고,0,2,0,1,차대차 - 측면직각충돌,신호위반,건조,맑음,교차로 - 교차로안,화물,남,69세,중상,건설기계,남,58세,부상신고
2015060400100431,2015년 6월 4일 16시,목요일,제주특별자치도 제주시 용담이동,경상사고,0,0,1,0,차대사람 - 기타,신호위반,건조,맑음,단일로 - 기타,승용,여,43세,기타불명,보행자,여,35세,경상
2015060400100470,2015년 6월 4일 17시,목요일,제주특별자치도 제주시 내도동,경상사고,0,0,1,0,차대사람 - 기타,안전운전불이행,건조,맑음,기타 - 기타,승용,남,42세,상해없음,보행자,남,29세,경상
2015060400100512,2015년 6월 4일 18시,목요일,제주특별자치도 제주시 노형동,부상신고사고,0,0,0,1,차대차 - 측면직각충돌,중앙선침범,건조,맑음,단일로 - 기타,원동기,남,20세,부상신고,화물,남,43세,상해없음
2015060400100544,2015년 6월 4일 19시,목요일,제주특별자치도 서귀포시 동홍동,경상사고,0,0,1,0,차대차 - 기타,기타,건조,맑음,단일로 - 기타,이륜,남,33세,경상,승용,남,42세,상해없음
2015060400100579,2015년 6월 4일 20시,목요일,제주특별자치도 제주시 오라일동,경상사고,0,0,1,0,차대차 - 추돌 - 진행중,안전운전불이행,건조,맑음,단일로 - 횡단보도상,승용,여,52세,상해없음,자전거,남,22세,경상
2015060500100101,2015년 6월 5일 06시,금요일,제주특별자치도 서귀포시 동홍동,중상사고,0,2,0,1,차대차 - 기타,중앙선침범,습기,비,단일로 - 기타,승용,남,28세,부상신고,승용,남,41세,중상
2015060500100345,2015년 6월 5일 13시,금요일,제주특별자치도 서귀포시 남원읍,중상사고,0,1,0,0,차대차 - 기타,안전거리미확보,건조,흐림,단일로 - 기타,자전거,남,89세,중상,승합,남,26세,상해없음
2015060500100346,2015년 6월 5일 13시,금요일,제주특별자치도 제주시 용담이동,경상사고,0,0,2,0,차대차 - 측면직각충돌,교차로운행방법위반,습기,흐림,교차로 - 교차로안,승용,여,35세,경상,승합,남,44세,경상
2015060500100368,2015년 6월 5일 14시,금요일,제주특별자치도 제주시 삼도이동,경상사고,0,0,1,0,차대차 - 측면직각충돌,직진우회전진행방해,건조,맑음,교차로 - 교차로안,화물,남,77세,상해없음,승용,남,57세,상해없음
2015060500100396,2015년 6월 5일 15시,금요일,제주특별자치도 제주시 노형동,부상신고사고,0,0,0,1,차대차 - 기타,안전운전불이행,건조,맑음,교차로 - 교차로안,원동기,남,32세,부상신고,화물,남,30세,상해없음
2015060500100425,2015년 6월 5일 16시,금요일,제주특별자치도 서귀포시 색달동,경상사고,0,0,4,0,차대차 - 기타,직진우회전진행방해,건조,맑음,교차로 - 교차로안,승용,남,64세,상해없음,승용,여,33세,경상
2015060500100426,2015년 6월 5일 16시,금요일,제주특별자치도 서귀포시 서귀동,경상사고,0,0,1,0,차대차 - 추돌 - 진행중,안전운전불이행,건조,맑음,교차로 - 교차로부근,승합,남,38세,상해없음,화물,남,66세,경상
2015060500100471,2015년 6월 5일 17시,금요일,제주특별자치도 제주시 외도이동,경상사고,0,0,3,1,차대차 - 기타,안전운전불이행,건조,맑음,교차로 - 교차로부근,승용,여,66세,부상신고,승용,남,34세,경상
2015060500100510,2015년 6월 5일 18시,금요일,제주특별자치도 제주시 화북이동,경상사고,0,0,2,0,차대차 - 추돌 - 진행중,안전거리미확보,건조,맑음,단일로 - 기타,승용,남,23세,상해없음,승용,여,32세,경상
2015060500100579,2015년 6월 5일 20시,금요일,제주특별자치도 제주시 한림읍,사망사고,1,0,0,0,차량단독 - 기타,안전운전불이행,건조,맑음,단일로 - 기타,원동기,남,61세,사망,,,,
2015060500100678,2015년 6월 5일 23시,금요일,제주특별자치도 제주시 이도이동,중상사고,0,1,0,0,차대사람 - 횡단중,신호위반,건조,맑음,단일로 - 횡단보도상,승용,여,65세,상해없음,보행자,여,36세,중상
2015060500100679,2015년 6월 5일 23시,금요일,제주특별자치도 제주시 조천읍,경상사고,0,0,1,0,차대차 - 추돌 - 진행중,안전운전불이행,건조,맑음,단일로 - 기타,화물,남,52세,상해없음,승용,남,52세,경상
2015060600100022,2015년 6월 6일 00시,토요일,제주특별자치도 제주시 이도이동,경상사고,0,0,1,0,차대차 - 기타,안전운전불이행,건조,기타,단일로 - 기타,승용,남,34세,상해없음,승용,남,27세,기타불명
2015060600100023,2015년 6월 6일 00시,토요일,제주특별자치도 제주시 이도일동,경상사고,0,0,1,0,차대차 - 추돌 - 진행중,안전거리미확보,건조,맑음,단일로 - 기타,승용,남,51세,상해없음,승용,남,59세,상해없음
2015060600100077,2015년 6월 6일 02시,토요일,제주특별자치도 제주시 연동,중상사고,0,1,0,0,차대차 - 기타,중앙선침범,건조,맑음,단일로 - 기타,원동기,남,47세,중상,승용,남,49세,상해없음
2015060600100108,2015년 6월 6일 04시,토요일,제주특별자치도 서귀포시 동홍동,경상사고,0,0,1,0,차대차 - 기타,직진우회전진행방해,건조,맑음,교차로 - 교차로안,승용,여,33세,상해없음,승용,여,50세,경상
2015060600100127,2015년 6월 6일 06시,토요일,제주특별자치도 서귀포시 서홍동,중상사고,0,1,0,0,차대사람 - 기타,보행자보호의무위반,건조,맑음,단일로 - 기타,화물,남,59세,상해없음,보행자,남,76세,중상
2015060600100136,2015년 6월 6일 07시,토요일,제주특별자치도 제주시 화북일동,중상사고,0,1,0,0,차대사람 - 기타,안전운전불이행,건조,맑음,단일로 - 기타,승용,남,38세,상해없음,보행자,남,31세,중상
2015060600100308,2015년 6월 6일 13시,토요일,제주특별자치도 제주시 조천읍,중상사고,0,1,0,0,차대사람 - 기타,안전운전불이행,건조,맑음,단일로 - 기타,화물,남,39세,상해없음,보행자,남,82세,중상
2015060600100386,2015년 6월 6일 15시,토요일,제주특별자치도 제주시 우도면,경상사고,0,0,1,0,차대사람 - 기타,안전운전불이행,건조,맑음,단일로 - 기타,승용,남,47세,상해없음,보행자,여,4세,경상
2015060600100387,2015년 6월 6일 15시,토요일,제주특별자치도 서귀포시 성산읍,경상사고,0,0,1,0,차대차 - 기타,안전운전불이행,건조,맑음,단일로 - 기타,승용,남,49세,상해없음,승용,남,43세,상해없음
2015060600100473,2015년 6월 6일 17시,토요일,제주특별자치도 제주시 애월읍,중상사고,0,1,0,1,차대차 - 측면직각충돌,안전운전불이행,건조,맑음,교차로 - 교차로안,승용,남,21세,상해없음,농기계,남,36세,부상신고
2015060600100504,2015년 6월 6일 18시,토요일,제주특별자치도 제주시 노형동,중상사고,0,1,1,0,차대사람 - 횡단중,보행자보호의무위반,건조,맑음,단일로 - 기타,원동기,남,18세,경상,보행자,여,10세,중상
2015060700100046,2015년 6월 7일 02시,일요일,제주특별자치도 제주시 오라일동,중상사고,0,1,0,0,차대차 - 추돌 - 진행중,신호위반,건조,맑음,교차로 - 교차로안,승용,여,48세,상해없음,승용,남,48세,중상
2015060700100087,2015년 6월 7일 06시,일요일,제주특별자치도 서귀포시 서호동,중상사고,0,1,0,0,차대차 - 기타,과속,건조,맑음,교차로 - 교차로안,승용,남,35세,중상,승용,남,64세,상해없음
2015060700100145,2015년 6월 7일 10시,일요일,제주특별자치도 제주시 노형동,경상사고,0,0,1,0,차대차 - 기타,교차로운행방법위반,건조,맑음,교차로 - 교차로부근,승용,여,48세,상해없음,승용,남,27세,경상
2015060700100192,2015년 6월 7일 12시,일요일,제주특별자치도 제주시 이도이동,경상사고,0,0,1,0,차대차 - 기타,안전운전불이행,기타,맑음,단일로 - 기타,승용,남,54세,상해없음,승용,남,37세,경상
2015060700100193,2015년 6월 7일 12시,일요일,제주특별자치도 제주시 한경면,경상사고,0,0,2,0,차량단독 - 공작물충돌,안전운전불이행,건조,맑음,단일로 - 기타,승용,여,24세,경상,,,,
2015060700100194,2015년 6월 7일 12시,일요일,제주특별자치도 제주시 연동,중상사고,0,1,2,0,차대차 - 측면직각충돌,기타,건조,맑음,교차로 - 교차로안,승용,남,33세,경상,승용,여,54세,중상
2015060700100472,2015년 6월 7일 21시,일요일,제주특별자치도 제주시 연동,중상사고,0,1,2,0,차대차 - 추돌 - 진행중,안전거리미확보,건조,맑음,단일로 - 기타,승용,남,54세,상해없음,승용,남,35세,경상
2015060800100018,2015년 6월 8일 01시,월요일,제주특별자치도 제주시 구좌읍,중상사고,0,2,0,0,차량단독 - 공작물충돌,안전운전불이행,건조,기타,단일로 - 기타,승용,남,25세,중상,,,,
2015060800100116,2015년 6월 8일 08시,월요일,제주특별자치도 서귀포시 남원읍,중상사고,0,1,1,0,차대차 - 정면충돌,중앙선침범,습기,비,단일로 - 기타,승용,남,61세,중상,화물,남,40세,경상
2015060800100153,2015년 6월 8일 09시,월요일,제주특별자치도 제주시 일도이동,경상사고,0,0,5,0,차대차 - 추돌 - 진행중,안전운전불이행,건조,맑음,교차로 - 교차로부근,화물,남,54세,상해없음,승용,여,32세,경상
2015060800100154,2015년 6월 8일 09시,월요일,제주특별자치도 서귀포시 신효동,경상사고,0,0,3,0,차대차 - 측면직각충돌,교차로운행방법위반,건조,맑음,교차로 - 교차로안,승용,여,34세,경상,승용,남,54세,경상
2015060800100214,2015년 6월 8일 11시,월요일,제주특별자치도 제주시 건입동,경상사고,0,0,2,0,차대차 - 추돌 - 진행중,안전운전불이행,건조,맑음,교차로 - 교차로부근,화물,남,58세,상해없음,승용,남,53세,경상
2015060800100215,2015년 6월 8일 11시,월요일,제주특별자치도 제주시 삼도일동,경상사고,0,0,2,0,차대차 - 추돌 - 진행중,안전운전불이행,건조,맑음,교차로 - 교차로부근,승용,여,55세,상해없음,승용,여,55세,경상
2015060800100339,2015년 6월 8일 15시,월요일,제주특별자치도 제주시 일도이동,경상사고,0,0,1,0,차대사람 - 횡단중,보행자보호의무위반,습기,비,교차로 - 교차로부근,승용,여,45세,상해없음,보행자,여,10세,경상
2015060800100417,2015년 6월 8일 17시,월요일,제주특별자치도 제주시 건입동,경상사고,0,0,2,0,차대차 - 추돌 - 진행중,직진우회전진행방해,건조,맑음,교차로 - 교차로안,승용,남,48세,경상,화물,남,58세,상해없음
2015060800100453,2015년 6월 8일 18시,월요일,제주특별자치도 제주시 아라일동,중상사고,0,4,0,0,차량단독 - 전도전복,안전운전불이행,습기,비,단일로 - 기타,승용,남,46세,중상,,,,
2015060800100454,2015년 6월 8일 18시,월요일,제주특별자치도 제주시 연동,경상사고,0,0,1,2,차대차 - 추돌 - 진행중,안전거리미확보,습기,비,단일로 - 기타,화물,남,49세,상해없음,승용,남,69세,경상
2015060900100015,2015년 6월 9일 00시,화요일,제주특별자치도 제주시 오라일동,경상사고,0,0,2,0,차대차 - 추돌 - 진행중,안전운전불이행,건조,맑음,단일로 - 기타,승용,남,50세,상해없음,승용,남,34세,경상
2015060900100038,2015년 6월 9일 02시,화요일,제주특별자치도 제주시 오라삼동,경상사고,0,0,1,0,차대차 - 추돌 - 진행중,안전거리미확보,건조,맑음,교차로 - 교차로부근,승용,남,35세,상해없음,승합,남,50세,경상
2015060900100065,2015년 6월 9일 06시,화요일,제주특별자치도 제주시 오등동,경상사고,0,0,1,0,차대차 - 추돌 - 진행중,안전운전불이행,건조,맑음,교차로 - 교차로안,승용,남,59세,상해없음,화물,남,57세,상해없음
2015060900100091,2015년 6월 9일 07시,화요일,제주특별자치도 제주시 화북이동,중상사고,0,1,1,0,차대차 - 추돌 - 진행중,신호위반,기타,맑음,교차로 - 교차로안,승용,남,32세,상해없음,승용,남,43세,경상
2015060900100232,2015년 6월 9일 12시,화요일,제주특별자치도 제주시 애월읍,경상사고,0,0,2,0,차대차 - 정면충돌,중앙선침범,건조,맑음,단일로 - 기타,승용,여,37세,상해없음,승용,여,43세,경상
2015060900100263,2015년 6월 9일 13시,화요일,제주특별자치도 제주시 노형동,중상사고,0,1,0,0,차대차 - 기타,교차로운행방법위반,건조,맑음,교차로 - 교차로안,승용,남,55세,상해없음,원동기,남,47세,중상
2015060900100318,2015년 6월 9일 15시,화요일,제주특별자치도 서귀포시 서귀동,부상신고사고,0,0,0,1,차대차 - 기타,안전거리미확보,건조,맑음,기타 - 기타,승용,남,21세,기타불명,승용,여,55세,부상신고
2015060900100346,2015년 6월 9일 16시,화요일,제주특별자치도 서귀포시 동홍동,중상사고,0,1,0,0,차대차 - 기타,안전거리미확보,건조,맑음,단일로 - 기타,승합,남,43세,상해없음,승용,남,35세,상해없음