사고번호,사고일시,요일,시군구,사고내용,사망자수,중상자수,경상자수,부상신고자수,사고유형,법규위반,노면상태,기상상태,도로형태,가해운전자 차종,가해운전자 성별,가해운전자 연령,가해운전자 상해정도,피해운전자 차종,피해운전자 성별,피해운전자 연령,피해운전자 상해정도
2015060900100388,2015년 6월 9일 17시,화요일,제주특별자치도 제주시 노형동,중상사고,0,1,0,0,차대차 - 기타,교차로운행방법위반,건조,맑음,단일로 - 기타,승합,남,55세,상해없음,자전거,여,21세,중상
2015060900100389,2015년 6월 9일 17시,화요일,제주특별자치도 제주시 애월읍,중상사고,0,1,0,0,차대차 - 기타,안전운전불이행,건조,맑음,단일로 - 기타,승용,여,33세,상해없음,자전거,남,76세,중상
2015060900100431,2015년 6월 9일 18시,화요일,제주특별자치도 제주시 일도이동,경상사고,0,0,1,0,차대차 - 기타,안전운전불이행,건조,맑음,교차로 - 교차로안,자전거,남,8세,경상,승용,남,55세,상해없음
2015060900100432,2015년 6월 9일 18시,화요일,제주특별자치도 제주시 한림읍,중상사고,0,2,2,0,차대차 - 기타,중앙선침범,건조,맑음,단일로 - 기타,승용,남,71세,상해없음,승용,여,46세,중상
2015060900100433,2015년 6월 9일 18시,화요일,제주특별자치도 제주시 노형동,경상사고,0,0,1,0,차대차 - 기타,교차로운행방법위반,건조,맑음,교차로 - 교차로안,승용,남,28세,상해없음,승용,여,39세,경상
2015060900100434,2015년 6월 9일 18시,화요일,제주특별자치도 제주시 노형동,경상사고,0,0,1,0,차대사람 - 횡단중,보행자보호의무위반,건조,맑음,교차로 - 교차로부근,승용,남,60세,상해없음,보행자,남,40세,경상
2015061000100132,2015년 6월 10일 08시,수요일,제주특별자치도 제주시 연동,경상사고,0,0,1,0,차대차 - 기타,직진우회전진행방해,건조,맑음,교차로 - 교차로안,승용,남,40세,경상,승용,남,60세,상해없음
2015061000100170,2015년 6월 10일 09시,수요일,제주특별자치도 제주시 화북일동,경상사고,0,0,1,0,차대차 - 측면직각충돌,안전운전불이행,건조,맑음,단일로 - 횡단보도상,승용,여,49세,상해없음,자전거,남,51세,경상
2015061000100171,2015년 6월 10일 09시,수요일,제주특별자치도 제주시 노형동,경상사고,0,0,1,0,차대차 - 측면직각충돌,교차로운행방법위반,건조,맑음,교차로 - 교차로안,승용,여,54세,상해없음,승용,남,49세,경상
2015061000100229,2015년 6월 10일 11시,수요일,제주특별자치도 제주시 이도일동,경상사고,0,0,5,0,차대차 - 추돌 - 주정차중,안전운전불이행,건조,맑음,단일로 - 기타,승용,남,57세,상해없음,승용,남,35세,경상
2015061000100230,2015년 6월 10일 11시,수요일,제주특별자치도 서귀포시 법환동,중상사고,0,2,0,0,차대차 - 추돌 - 진행중,안전거리미확보,건조,맑음,단일로 - 기타,승용,남,59세,상해없음,승용,남,43세,중상
2015061000100256,2015년 6월 10일 12시,수요일,제주특별자치도 제주시 애월읍,부상신고사고,0,0,0,1,차량단독 - 전도전복,안전운전불이행,건조,맑음,단일로 - 기타,화물,남,58세,상해없음,,,,
2015061000100284,2015년 6월 10일 13시,수요일,제주특별자치도 제주시 한림읍,중상사고,0,1,0,0,차대차 - 측면직각충돌,안전운전불이행,건조,맑음,교차로 - 교차로안,화물,남,49세,상해없음,자전거,남,63세,중상
2015061000100411,2015년 6월 10일 17시,수요일,제주특별자치도 제주시 한경면,중상사고,0,1,0,0,차량단독 - 공작물충돌,안전운전불이행,건조,흐림,단일로 - 기타,승용,남,54세,중상,,,,
2015061000100412,2015년 6월 10일 17시,수요일,제주특별자치도 제주시 연동,부상신고사고,0,0,0,1,차대사람 - 기타,안전운전불이행,습기,비,단일로 - 기타,승용,여,54세,상해없음,보행자,남,13세,부상신고
2015061000100413,2015년 6월 10일 17시,수요일,제주특별자치도 제주시 노형동,경상사고,0,0,1,0,차대사람 - 횡단중,신호위반,건조,맑음,교차로 - 교차로안,승용,남,42세,상해없음,보행자,여,13세,경상
2015061000100463,2015년 6월 10일 18시,수요일,제주특별자치도 제주시 노형동,부상신고사고,0,0,0,1,차대사람 - 기타,안전운전불이행,건조,흐림,교차로 - 교차로안,승용,남,31세,상해없음,보행자,남,50세,부상신고
2015061000100555,2015년 6월 10일 21시,수요일,제주특별자치도 제주시 용담이동,경상사고,0,0,1,0,차대차 - 추돌 - 진행중,안전거리미확보,건조,맑음,단일로 - 기타,승합,남,45세,상해없음,승용,여,58세,경상
2015061000100556,2015년 6월 10일 21시,수요일,제주특별자치도 제주시 조천읍,중상사고,0,4,0,0,차대차 - 측면직각충돌,신호위반,기타,맑음,교차로 - 교차로안,승용,남,45세,상해없음,승용,여,34세,중상
2015061100100044,2015년 6월 11일 02시,목요일,제주특별자치도 서귀포시 표선면,부상신고사고,0,0,0,1,차량단독 - 공작물충돌,안전운전불이행,습기,비,교차로 - 교차로부근,승용,여,54세,부상신고,,,,
2015061100100077,2015년 6월 11일 05시,목요일,제주특별자치도 제주시 용담이동,중상사고,0,1,1,0,차대차 - 추돌 - 진행중,안전거리미확보,건조,맑음,단일로 - 기타,승용,여,48세,상해없음,승용,여,49세,경상
2015061100100201,2015년 6월 11일 10시,목요일,제주특별자치도 서귀포시 상예동,중상사고,0,2,0,0,차대차 - 측면직각충돌,직진우회전진행방해,건조,맑음,교차로 - 교차로안,승용,남,80세,상해없음,승용,남,58세,중상
2015061100100236,2015년 6월 11일 11시,목요일,제주특별자치도 제주시 도두이동,경상사고,0,0,1,0,차대차 - 추돌 - 주정차중,교차로운행방법위반,건조,맑음,교차로 - 교차로안,화물,남,42세,상해없음,승용,남,25세,경상
2015061100100262,2015년 6월 11일 12시,목요일,제주특별자치도 서귀포시 서귀동,경상사고,0,0,1,0,차대차 - 기타,교차로운행방법위반,건조,맑음,교차로 - 교차로안,화물,남,41세,상해없음,승용,남,65세,경상
2015061100100287,2015년 6월 11일 13시,목요일,제주특별자치도 서귀포시 남원읍,중상사고,0,1,0,0,차대차 - 기타,신호위반,건조,흐림,교차로 - 교차로안,승용,남,63세,상해없음,농기계,남,77세,중상
2015061100100475,2015년 6월 11일 19시,목요일,제주특별자치도 서귀포시 안덕면,경상사고,0,0,1,1,차대차 - 기타,직진우회전진행방해,습기,안개,교차로 - 교차로안,승용,남,55세,부상신고,승용,남,34세,경상
2015061100100628,2015년 6월 11일 23시,목요일,제주특별자치도 제주시 연동,경상사고,0,0,1,0,차대차 - 측면직각충돌,안전운전불이행,건조,맑음,단일로 - 기타,승용,남,46세,상해없음,이륜,남,18세,경상
2015061200100021,2015년 6월 12일 00시,금요일,제주특별자치도 제주시 구좌읍,중상사고,0,2,1,0,차량단독 - 공작물충돌,안전운전불이행,건조,맑음,단일로 - 기타,승용,남,25세,상해없음,,,,
2015061200100057,2015년 6월 12일 03시,금요일,제주특별자치도 제주시 이호이동,중상사고,0,1,0,0,차대사람 - 기타,안전운전불이행,건조,맑음,단일로 - 기타,승용,남,27세,상해없음,보행자,여,84세,중상
2015061200100078,2015년 6월 12일 05시,금요일,제주특별자치도 제주시 건입동,경상사고,0,0,1,0,차대차 - 추돌 - 진행중,직진우회전진행방해,건조,맑음,교차로 - 교차로안,승용,남,63세,상해없음,화물,남,44세,상해없음
2015061200100110,2015년 6월 12일 07시,금요일,제주특별자치도 제주시 애월읍,중상사고,0,1,2,0,차대차 - 측면직각충돌,교차로운행방법위반,건조,맑음,교차로 - 교차로안,화물,여,53세,중상,승용,남,42세,경상
2015061200100192,2015년 6월 12일 10시,금요일,제주특별자치도 서귀포시 서귀동,경상사고,0,0,1,0,차대차 - 기타,교차로운행방법위반,건조,맑음,교차로 - 교차로안,승용,남,64세,상해없음,승용,여,24세,경상
2015061200100239,2015년 6월 12일 12시,금요일,제주특별자치도 제주시 해안동,경상사고,0,0,1,0,차대차 - 추돌 - 진행중,안전운전불이행,건조,맑음,교차로 - 교차로부근,승용,남,31세,상해없음,승용,여,52세,경상
2015061200100290,2015년 6월 12일 14시,금요일,제주특별자치도 제주시 조천읍,경상사고,0,0,1,0,차대차 - 추돌 - 진행중,중앙선침범,기타,맑음,단일로 - 기타,승용,남,24세,상해없음,건설기계,남,56세,경상
2015061200100291,2015년 6월 12일 14시,금요일,제주특별자치도 서귀포시 상예동,경상사고,0,0,2,0,차대차 - 측면직각충돌,직진우회전진행방해,건조,맑음,교차로 - 교차로안,승용,여,35세,상해없음,승용,여,34세,경상
2015061200100322,2015년 6월 12일 15시,금요일,제주특별자치도 제주시 노형동,부상신고사고,0,0,0,1,차대차 - 기타,교차로운행방법위반,건조,맑음,교차로 - 교차로안,승용,여,39세,상해없음,화물,남,31세,상해없음
2015061200100363,2015년 6월 12일 16시,금요일,제주특별자치도 제주시 연동,경상사고,0,0,1,0,차대사람 - 기타,보행자보호의무위반,건조,맑음,교차로 - 교차로안,승용,여,47세,상해없음,보행자,남,28세,경상
2015061200100404,2015년 6월 12일 17시,금요일,제주특별자치도 제주시 조천읍,경상사고,0,0,1,0,차대사람 - 기타,안전운전불이행,건조,맑음,단일로 - 기타,화물,남,43세,상해없음,보행자,여,14세,경상
2015061200100405,2015년 6월 12일 17시,금요일,제주특별자치도 서귀포시 서귀동,중상사고,0,1,0,0,차량단독 - 기타,안전운전불이행,건조,맑음,단일로 - 기타,승합,남,51세,상해없음,,,,
2015061200100448,2015년 6월 12일 18시,금요일,제주특별자치도 제주시 연동,경상사고,0,0,1,0,차대차 - 기타,안전운전불이행,건조,맑음,단일로 - 기타,승용,여,31세,상해없음,자전거,남,17세,경상
2015061200100449,2015년 6월 12일 18시,금요일,제주특별자치도 제주시 연동,부상신고사고,0,0,0,1,차대사람 - 횡단중,안전운전불이행,건조,맑음,단일로 - 기타,승용,남,40세,상해없음,보행자,남,8세,부상신고
2015061200100486,2015년 6월 12일 19시,금요일,제주특별자치도 제주시 연동,경상사고,0,0,1,0,차대차 - 기타,안전운전불이행,건조,맑음,단일로 - 기타,승용,남,44세,상해없음,승용,남,32세,상해없음
2015061200100530,2015년 6월 12일 20시,금요일,제주특별자치도 제주시 오라삼동,중상사고,0,1,0,0,차대차 - 추돌 - 진행중,안전운전불이행,건조,맑음,교차로 - 교차로안,승용,남,27세,상해없음,승용,남,54세,상해없음
2015061200100531,2015년 6월 12일 20시,금요일,제주특별자치도 서귀포시 하효동,부상신고사고,0,0,0,1,차량단독 - 전도전복,안전운전불이행,건조,맑음,단일로 - 기타,원동기,남,31세,부상신고,,,,
2015061200100590,2015년 6월 12일 22시,금요일,제주특별자치도 제주시 연동,경상사고,0,0,3,0,차대차 - 기타,안전운전불이행,건조,맑음,교차로 - 교차로부근,화물,남,57세,상해없음,승용,남,28세,경상
2015061300100020,2015년 6월 13일 00시,토요일,제주특별자치도 제주시 연동,경상사고,0,0,1,0,차대차 - 기타,중앙선침범,건조,맑음,단일로 - 기타,승용,여,28세,상해없음,승용,남,30세,경상
2015061300100214,2015년 6월 13일 10시,토요일,제주특별자치도 제주시 한림읍,부상신고사고,0,0,0,1,차대차 - 기타,안전운전불이행,건조,맑음,단일로 - 기타,승용,여,40세,부상신고,건설기계,남,47세,상해없음
2015061300100247,2015년 6월 13일 11시,토요일,제주특별자치도 제주시 이도일동,경상사고,0,0,1,0,차대차 - 기타,안전운전불이행,건조,맑음,단일로 - 기타,승용,남,66세,상해없음,자전거,남,76세,경상
2015061300100278,2015년 6월 13일 12시,토요일,제주특별자치도 제주시 도남동,경상사고,0,0,1,0,차대사람 - 기타,보행자보호의무위반,건조,맑음,단일로 - 기타,기타불명,기타불명,기타불명,기타불명,보행자,남,12세,경상
2015061300100279,2015년 6월 13일 12시,토요일,제주특별자치도 제주시 애월읍,중상사고,0,1,0,0,차대사람 - 횡단중,안전운전불이행,건조,맑음,단일로 - 기타,화물,여,65세,상해없음,보행자,남,60세,중상
2015061300100336,2015년 6월 13일 14시,토요일,제주특별자치도 서귀포시 표선면,경상사고,0,0,1,0,차량단독 - 기타,안전운전불이행,건조,맑음,교차로 - 교차로안,승합,남,47세,상해없음,,,,
2015061300100364,2015년 6월 13일 15시,토요일,제주특별자치도 서귀포시 안덕면,경상사고,0,0,2,0,차대차 - 추돌 - 진행중,안전거리미확보,건조,맑음,단일로 - 기타,화물,남,61세,상해없음,승용,여,38세,경상
2015061300100406,2015년 6월 13일 16시,토요일,제주특별자치도 제주시 일도일동,경상사고,0,0,1,0,차대사람 - 횡단중,보행자보호의무위반,건조,맑음,단일로 - 횡단보도상,승용,여,62세,상해없음,보행자,여,54세,경상
2015061300100407,2015년 6월 13일 16시,토요일,제주특별자치도 서귀포시 성산읍,경상사고,0,0,1,0,차대차 - 기타,안전운전불이행,건조,흐림,단일로 - 기타,화물,남,69세,상해없음,승용,남,54세,경상
2015061300100528,2015년 6월 13일 19시,토요일,제주특별자치도 제주시 조천읍,중상사고,0,1,0,0,차대차 - 기타,안전운전불이행,건조,맑음,교차로 - 교차로안,화물,남,40세,상해없음,승용,여,23세,중상
2015061300100586,2015년 6월 13일 21시,토요일,제주특별자치도 제주시 조천읍,중상사고,0,1,0,0,차대사람 - 기타,안전운전불이행,건조,맑음,단일로 - 기타,승용,남,66세,상해없음,보행자,남,45세,중상
2015061300100587,2015년 6월 13일 21시,토요일,제주특별자치도 제주시 이도이동,부상신고사고,0,0,0,1,차대사람 - 횡단중,보행자보호의무위반,건조,맑음,교차로 - 교차로부근,기타불명,기타불명,기타불명,기타불명,보행자,여,24세,부상신고
2015061300100588,2015년 6월 13일 21시,토요일,제주특별자치도 서귀포시 동홍동,중상사고,0,2,2,0,차대차 - 기타,교차로운행방법위반,건조,맑음,교차로 - 교차로안,승용,남,59세,상해없음,승용,여,61세,중상
2015061300100628,2015년 6월 13일 22시,토요일,제주특별자치도 제주시 이도이동,경상사고,0,0,1,0,차대사람 - 횡단중,안전운전불이행,건조,맑음,단일로 - 기타,승용,남,41세,상해없음,보행자,여,44세,경상
2015061300100629,2015년 6월 13일 22시,토요일,제주특별자치도 제주시 외도일동,경상사고,0,0,1,0,차대차 - 기타,안전운전불이행,건조,맑음,단일로 - 기타,화물,여,57세,상해없음,승용,남,42세,경상
2015061400100045,2015년 6월 14일 01시,일요일,제주특별자치도 제주시 연동,부상신고사고,0,0,0,1,차대사람 - 기타,안전운전불이행,건조,맑음,교차로 - 교차로부근,기타불명,기타불명,기타불명,기타불명,보행자,남,29세,부상신고
2015061400100118,2015년 6월 14일 05시,일요일,제주특별자치도 제주시 구좌읍,중상사고,0,2,0,0,차량단독 - 공작물충돌,안전운전불이행,습기,흐림,교차로 - 교차로부근,승용,남,43세,중상,,,,
2015061400100210,2015년 6월 14일 11시,일요일,제주특별자치도 제주시 노형동,부상신고사고,0,0,0,1,차대사람 - 보도통행중,보행자보호의무위반,건조,맑음,단일로 - 횡단보도상,승용,남,43세,상해없음,보행자,남,10세,부상신고
2015061400100257,2015년 6월 14일 13시,일요일,제주특별자치도 제주시 조천읍,중상사고,0,1,3,0,차대차 - 추돌 - 주정차중,안전운전불이행,건조,맑음,단일로 - 기타,승용,남,43세,경상,승용,여,24세,경상
2015061400100258,2015년 6월 14일 13시,일요일,제주특별자치도 서귀포시 성산읍,경상사고,0,0,2,0,차대차 - 측면직각충돌,안전운전불이행,건조,맑음,단일로 - 기타,승용,남,30세,상해없음,승용,남,52세,경상
2015061400100259,2015년 6월 14일 13시,일요일,제주특별자치도 서귀포시 서귀동,부상신고사고,0,0,0,1,차대차 - 기타,안전거리미확보,건조,맑음,교차로 - 교차로부근,이륜,남,68세,부상신고,승용,여,27세,상해없음
2015061400100336,2015년 6월 14일 16시,일요일,제주특별자치도 제주시 아라이동,경상사고,0,0,1,0,차대차 - 측면직각충돌,신호위반,건조,맑음,교차로 - 교차로안,승용,남,33세,상해없음,승용,여,45세,경상
2015061400100337,2015년 6월 14일 16시,일요일,제주특별자치도 서귀포시 법환동,경상사고,0,0,1,0,차대차 - 기타,안전거리미확보,건조,맑음,단일로 - 기타,승용,남,55세,상해없음,자전거,남,39세,경상
2015061400100365,2015년 6월 14일 17시,일요일,제주특별자치도 제주시 이도이동,부상신고사고,0,0,0,1,차대차 - 기타,안전운전불이행,건조,맑음,교차로 - 교차로안,승용,남,60세,상해없음,자전거,남,10세,부상신고
2015061400100366,2015년 6월 14일 17시,일요일,제주특별자치도 제주시 애월읍,경상사고,0,0,2,0,차대차 - 기타,안전운전불이행,건조,맑음,단일로 - 기타,승용,남,54세,상해없음,승용,남,66세,경상
2015061400100404,2015년 6월 14일 18시,일요일,제주특별자치도 제주시 오라일동,경상사고,0,0,2,0,차대차 - 정면충돌,중앙선침범,건조,맑음,교차로 - 교차로부근,승용,여,44세,경상,승용,남,46세,경상
2015061400100463,2015년 6월 14일 20시,일요일,제주특별자치도 제주시 화북일동,경상사고,0,0,4,0,차대차 - 추돌 - 진행중,안전운전불이행,건조,맑음,교차로 - 교차로부근,승용,여,54세,상해없음,승용,여,40세,경상
2015061500100007,2015년 6월 15일 00시,월요일,제주특별자치도 제주시 애월읍,중상사고,0,2,0,1,차대차 - 정면충돌,중앙선침범,건조,맑음,교차로 - 교차로부근,승용,여,31세,부상신고,화물,남,53세,중상
2015061500100023,2015년 6월 15일 02시,월요일,제주특별자치도 제주시 이호일동,중상사고,0,1,0,0,차대사람 - 기타,안전운전불이행,건조,맑음,단일로 - 기타,승용,남,51세,상해없음,보행자,남,48세,중상
2015061500100077,2015년 6월 15일 07시,월요일,제주특별자치도 제주시 도남동,경상사고,0,0,1,0,차대차 - 추돌 - 진행중,직진우회전진행방해,건조,맑음,교차로 - 교차로안,승용,남,24세,상해없음,승용,남,52세,상해없음
2015061500100136,2015년 6월 15일 08시,월요일,제주특별자치도 제주시 연동,경상사고,0,0,1,0,차대차 - 기타,안전운전불이행,건조,맑음,기타 - 기타,승용,남,53세,상해없음,자전거,남,14세,경상
2015061500100216,2015년 6월 15일 11시,월요일,제주특별자치도 제주시 이도이동,경상사고,0,0,1,0,차대차 - 추돌 - 진행중,안전운전불이행,건조,맑음,교차로 - 교차로부근,화물,남,64세,상해없음,승용,남,49세,경상
2015061500100217,2015년 6월 15일 11시,월요일,제주특별자치도 제주시 이도이동,경상사고,0,0,3,0,차대차 - 추돌 - 진행중,안전거리미확보,건조,맑음,교차로 - 교차로부근,승용,남,66세,상해없음,승용,여,45세,경상
2015061500100260,2015년 6월 15일 13시,월요일,제주특별자치도 서귀포시 강정동,중상사고,0,1,1,0,차대차 - 기타,안전거리미확보,건조,맑음,단일로 - 기타,승합,남,39세,상해없음,승용,남,22세,중상
2015061500100330,2015년 6월 15일 15시,월요일,제주특별자치도 제주시 애월읍,경상사고,0,0,2,2,차대차 - 추돌 - 진행중,안전거리미확보,건조,맑음,교차로 - 교차로부근,승용,남,31세,경상,승용,남,59세,부상신고
2015061500100360,2015년 6월 15일 16시,월요일,제주특별자치도 제주시 건입동,경상사고,0,0,1,0,차대차 - 추돌 - 진행중,교차로운행방법위반,건조,맑음,교차로 - 교차로안,승용,남,25세,경상,승용,남,51세,상해없음
2015061500100361,2015년 6월 15일 16시,월요일,제주특별자치도 제주시 용담삼동,부상신고사고,0,0,0,1,차대사람 - 기타,보행자보호의무위반,건조,맑음,단일로 - 횡단보도상,승용,남,50세,상해없음,보행자,여,7세,부상신고
2015061500100395,2015년 6월 15일 17시,월요일,제주특별자치도 서귀포시 서귀동,중상사고,0,1,0,0,차대차 - 기타,기타,건조,맑음,교차로 - 교차로안,승용,남,25세,상해없음,자전거,남,56세,중상
2015061500100396,2015년 6월 15일 17시,월요일,제주특별자치도 제주시 연동,경상사고,0,0,1,0,차대사람 - 기타,안전운전불이행,건조,맑음,단일로 - 기타,승용,여,38세,상해없음,보행자,남,6세,경상
2015061500100487,2015년 6월 15일 20시,월요일,제주특별자치도 제주시 도련이동,중상사고,0,1,0,0,차대사람 - 횡단중,안전운전불이행,건조,맑음,단일로 - 기타,화물,남,60세,상해없음,보행자,여,68세,중상
2015061500100527,2015년 6월 15일 21시,월요일,제주특별자치도 제주시 한림읍,사망사고,1,0,0,0,차량단독 - 도로외이탈 - 기타,안전운전불이행,건조,맑음,단일로 - 기타,이륜,남,79세,사망,,,,
2015061500100558,2015년 6월 15일 22시,월요일,제주특별자치도 제주시 이도이동,중상사고,0,1,3,0,차대차 - 기타,안전운전불이행,건조,맑음,교차로 - 교차로부근,승용,여,43세,경상,승용,남,37세,경상
2015061600100015,2015년 6월 16일 00시,화요일,제주특별자치도 제주시 용담일동,경상사고,0,0,2,0,차대차 - 기타,교차로운행방법위반,습기,비,교차로 - 교차로안,승용,남,23세,상해없음,승용,남,46세,경상
2015061600100095,2015년 6월 16일 07시,화요일,제주특별자치도 제주시 용담이동,경상사고,0,0,2,0,차대차 - 추돌 - 주정차중,안전거리미확보,습기,비,교차로 - 교차로부근,승용,남,45세,상해없음,승용,여,43세,경상
2015061600100120,2015년 6월 16일 08시,화요일,제주특별자치도 제주시 애월읍,경상사고,0,0,1,0,차대차 - 측면직각충돌,중앙선침범,건조,맑음,단일로 - 기타,승용,남,39세,기타불명,승용,남,39세,경상
2015061600100173,2015년 6월 16일 10시,화요일,제주특별자치도 서귀포시 대정읍,부상신고사고,0,0,0,1,차량단독 - 전도전복,안전운전불이행,습기,비,교차로 - 교차로부근,이륜,남,78세,부상신고,,,,
2015061600100232,2015년 6월 16일 12시,화요일,제주특별자치도 제주시 일도일동,중상사고,0,1,0,0,차대사람 - 횡단중,안전운전불이행,건조,맑음,단일로 - 기타,승용,남,65세,상해없음,보행자,남,53세,중상
2015061600100233,2015년 6월 16일 12시,화요일,제주특별자치도 서귀포시 성산읍,부상신고사고,0,0,0,1,차대차 - 기타,안전거리미확보,건조,맑음,단일로 - 기타,원동기,여,74세,부상신고,승용,여,57세,상해없음
2015061600100317,2015년 6월 16일 15시,화요일,제주특별자치도 제주시 구좌읍,부상신고사고,0,0,0,1,차대차 - 측면직각충돌,중앙선침범,기타,맑음,교차로 - 교차로부근,승용,남,59세,부상신고,건설기계,남,40세,상해없음
2015061600100368,2015년 6월 16일 16시,화요일,제주특별자치도 제주시 연동,경상사고,0,0,1,0,차대차 - 추돌 - 주정차중,안전운전불이행,건조,맑음,교차로 - 교차로부근,승용,남,42세,상해없음,화물,남,36세,경상
2015061600100404,2015년 6월 16일 17시,화요일,제주특별자치도 제주시 화북이동,중상사고,0,1,1,0,차대차 - 정면충돌,안전운전불이행,건조,맑음,단일로 - 기타,승합,남,69세,상해없음,자전거,남,6세,중상
2015061600100451,2015년 6월 16일 18시,화요일,제주특별자치도 서귀포시 남원읍,중상사고,0,1,0,0,차대차 - 기타,안전운전불이행,건조,맑음,교차로 - 교차로안,승용,여,52세,중상,승용,남,52세,상해없음
2015061600100492,2015년 6월 16일 19시,화요일,제주특별자치도 제주시 연동,부상신고사고,0,0,0,1,차대차 - 측면직각충돌,안전운전불이행,건조,맑음,교차로 - 교차로안,이륜,남,51세,부상신고,승용,남,38세,상해없음
2015061700100013,2015년 6월 17일 00시,수요일,제주특별자치도 제주시 연동,경상사고,0,0,1,0,차대차 - 기타,안전운전불이행,건조,맑음,단일로 - 기타,승용,남,30세,상해없음,원동기,남,16세,경상
2015061700100014,2015년 6월 17일 00시,수요일,제주특별자치도 제주시 노형동,중상사고,0,2,0,0,차대사람 - 횡단중,안전운전불이행,건조,맑음,단일로 - 기타,승용,남,19세,상해없음,보행자,여,19세,중상
2015061700100030,2015년 6월 17일 01시,수요일,제주특별자치도 제주시 일도이동,경상사고,0,0,4,0,차대차 - 추돌 - 진행중,교차로운행방법위반,건조,맑음,단일로 - 기타,승용,남,58세,상해없음,승용,여,50세,상해없음
2015061700100260,2015년 6월 17일 13시,수요일,제주특별자치도 제주시 건입동,중상사고,0,1,2,0,차대차 - 추돌 - 진행중,안전거리미확보,건조,흐림,교차로 - 교차로부근,화물,남,51세,상해없음,승용,남,36세,중상
2015061700100261,2015년 6월 17일 13시,수요일,제주특별자치도 서귀포시 안덕면,경상사고,0,0,2,0,차대차 - 기타,안전운전불이행,습기,비,단일로 - 기타,화물,남,62세,기타불명,승용,여,57세,경상
2015061700100291,2015년 6월 17일 14시,수요일,제주특별자치도 제주시 조천읍,중상사고,0,1,0,0,차대차 - 추돌 - 진행중,안전거리미확보,건조,맑음,단일로 - 기타,화물,남,45세,상해없음,승용,여,52세,중상
2015061700100311,2015년 6월 17일 15시,수요일,제주특별자치도 제주시 오라일동,경상사고,0,0,1,0,차대차 - 추돌 - 진행중,교차로운행방법위반,습기,비,교차로 - 교차로안,화물,남,38세,상해없음,승용,남,53세,기타불명
2015061700100312,2015년 6월 17일 15시,수요일,제주특별자치도 서귀포시 서홍동,중상사고,0,1,0,0,차대사람 - 기타,보행자보호의무위반,습기,비,단일로 - 횡단보도상,승용,남,22세,상해없음,보행자,남,9세,중상
2015061700100313,2015년 6월 17일 15시,수요일,제주특별자치도 제주시 애월읍,부상신고사고,0,0,0,3,차대차 - 기타,직진우회전진행방해,습기,비,교차로 - 교차로안,화물,남,46세,부상신고,승용,남,27세,부상신고
2015061700100348,2015년 6월 17일 16시,수요일,제주특별자치도 서귀포시 동홍동,중상사고,0,1,0,0,차대사람 - 횡단중,보행자보호의무위반,건조,맑음,교차로 - 교차로부근,승합,남,66세,상해없음,보행자,남,9세,중상
2015061700100382,2015년 6월 17일 17시,수요일,제주특별자치도 제주시 화북이동,경상사고,0,0,3,0,차대차 - 추돌 - 진행중,안전거리미확보,습기,비,단일로 - 기타,승용,남,44세,상해없음,승용,여,34세,경상
2015061700100461,2015년 6월 17일 19시,수요일,제주특별자치도 서귀포시 대정읍,경상사고,0,0,1,0,차대차 - 기타,신호위반,습기,비,교차로 - 교차로안,승용,남,59세,상해없음,승용,여,45세,경상
2015061700100462,2015년 6월 17일 19시,수요일,제주특별자치도 제주시 한경면,경상사고,0,0,2,0,차대차 - 기타,신호위반,습기,비,교차로 - 교차로안,화물,남,34세,경상,승용,여,62세,경상
2015061700100492,2015년 6월 17일 20시,수요일,제주특별자치도 제주시 화북이동,중상사고,0,1,1,0,차대차 - 측면직각충돌,신호위반,습기,비,교차로 - 교차로부근,승용,여,53세,중상,승용,여,45세,경상
2015061700100578,2015년 6월 17일 23시,수요일,제주특별자치도 제주시 한림읍,경상사고,0,0,1,0,차대사람 - 기타,안전운전불이행,건조,맑음,단일로 - 기타,승용,여,35세,상해없음,보행자,여,44세,경상
2015061800100046,2015년 6월 18일 01시,목요일,제주특별자치도 제주시 오라이동,경상사고,0,0,2,0,차대차 - 추돌 - 진행중,안전운전불이행,건조,맑음,단일로 - 기타,승용,남,30세,상해없음,승용,남,59세,경상
2015061800100284,2015년 6월 18일 13시,목요일,제주특별자치도 제주시 삼도이동,경상사고,0,0,1,0,차대차 - 추돌 - 진행중,안전운전불이행,습기,비,단일로 - 기타,이륜,남,23세,경상,승용,남,64세,상해없음
2015061800100285,2015년 6월 18일 13시,목요일,제주특별자치도 서귀포시 서귀동,경상사고,0,0,1,0,차대사람 - 보도통행중,안전운전불이행,건조,맑음,단일로 - 기타,승용,남,57세,기타불명,보행자,여,22세,경상
2015061800100375,2015년 6월 18일 16시,목요일,제주특별자치도 제주시 우도면,경상사고,0,0,1,0,차대차 - 기타,안전운전불이행,건조,맑음,교차로 - 교차로안,자전거,남,19세,경상,승용,남,34세,상해없음
2015061800100408,2015년 6월 18일 17시,목요일,제주특별자치도 제주시 이도이동,중상사고,0,1,0,0,차대차 - 기타,직진우회전진행방해,건조,맑음,교차로 - 교차로안,승용,여,52세,상해없음,자전거,남,12세,중상
2015061800100594,2015년 6월 18일 22시,목요일,제주특별자치도 서귀포시 대정읍,중상사고,0,1,0,0,차대차 - 기타,안전운전불이행,건조,흐림,교차로 - 교차로부근,승용,여,50세,상해없음,승용,여,47세,중상