사고번호,사고일시,요일,시군구,사고내용,사망자수,중상자수,경상자수,부상신고자수,사고유형,법규위반,노면상태,기상상태,도로형태,가해운전자 차종,가해운전자 성별,가해운전자 연령,가해운전자 상해정도,피해운전자 차종,피해운전자 성별,피해운전자 연령,피해운전자 상해정도
2015080300100567,2015년 8월 3일 20시,월요일,제주특별자치도 제주시 건입동,경상사고,0,0,1,0,차대사람 - 기타,기타,건조,맑음,단일로 - 기타,승용,남,27세,상해없음,보행자,남,33세,경상
2015080300100568,2015년 8월 3일 20시,월요일,제주특별자치도 서귀포시 색달동,경상사고,0,0,1,0,차대차 - 추돌 - 주정차중,안전거리미확보,건조,맑음,교차로 - 교차로안,승용,남,38세,상해없음,승용,남,29세,경상
2015080300100610,2015년 8월 3일 21시,월요일,제주특별자치도 제주시 오라일동,경상사고,0,0,2,0,차대차 - 추돌 - 진행중,안전거리미확보,건조,맑음,단일로 - 기타,승용,남,20세,상해없음,승용,여,36세,경상
2015080300100638,2015년 8월 3일 22시,월요일,제주특별자치도 제주시 연동,경상사고,0,0,1,0,차대차 - 기타,안전운전불이행,건조,맑음,교차로 - 교차로부근,승용,남,31세,상해없음,이륜,남,21세,경상
2015080300100661,2015년 8월 3일 23시,월요일,제주특별자치도 제주시 건입동,중상사고,0,1,0,0,차대차 - 추돌 - 진행중,안전거리미확보,건조,맑음,교차로 - 교차로부근,승용,남,25세,상해없음,승용,남,42세,중상
2015080400100193,2015년 8월 4일 10시,화요일,제주특별자치도 제주시 이도이동,경상사고,0,0,1,0,차대차 - 추돌 - 주정차중,안전운전불이행,건조,맑음,교차로 - 교차로부근,이륜,남,42세,경상,승용,남,43세,상해없음
2015080400100194,2015년 8월 4일 10시,화요일,제주특별자치도 제주시 한림읍,중상사고,0,1,0,0,차대사람 - 차도통행중,안전운전불이행,건조,맑음,단일로 - 기타,승합,남,41세,상해없음,보행자,여,79세,중상
2015080400100195,2015년 8월 4일 10시,화요일,제주특별자치도 제주시 애월읍,중상사고,0,2,0,0,차대차 - 측면직각충돌,안전운전불이행,건조,맑음,단일로 - 기타,승용,여,68세,상해없음,원동기,남,19세,중상
2015080400100234,2015년 8월 4일 11시,화요일,제주특별자치도 서귀포시 표선면,중상사고,0,1,2,1,차대차 - 추돌 - 진행중,직진우회전진행방해,건조,맑음,교차로 - 교차로안,화물,남,70세,부상신고,승용,남,46세,상해없음
2015080400100350,2015년 8월 4일 14시,화요일,제주특별자치도 제주시 조천읍,경상사고,0,0,1,0,차대차 - 측면직각충돌,교차로운행방법위반,건조,맑음,교차로 - 교차로안,승용,여,26세,상해없음,승용,남,37세,경상
2015080400100351,2015년 8월 4일 14시,화요일,제주특별자치도 제주시 화북일동,경상사고,0,0,1,0,차대차 - 측면직각충돌,안전운전불이행,건조,맑음,단일로 - 기타,승용,남,35세,상해없음,이륜,남,32세,경상
2015080400100386,2015년 8월 4일 15시,화요일,제주특별자치도 제주시 일도이동,중상사고,0,1,0,0,차대사람 - 기타,안전운전불이행,건조,맑음,단일로 - 기타,승용,여,36세,상해없음,보행자,남,7세,중상
2015080400100541,2015년 8월 4일 19시,화요일,제주특별자치도 제주시 건입동,경상사고,0,0,1,0,차대사람 - 기타,안전운전불이행,건조,맑음,단일로 - 기타,승용,여,57세,상해없음,보행자,여,39세,경상
2015080400100585,2015년 8월 4일 20시,화요일,제주특별자치도 제주시 이도이동,중상사고,0,1,0,0,차대사람 - 기타,신호위반,건조,맑음,단일로 - 횡단보도상,승용,남,31세,상해없음,보행자,남,10세,중상
2015080400100586,2015년 8월 4일 20시,화요일,제주특별자치도 제주시 이도일동,경상사고,0,0,1,0,차대차 - 추돌 - 진행중,교차로운행방법위반,건조,맑음,교차로 - 교차로안,승용,남,29세,경상,승용,남,70세,상해없음
2015080400100620,2015년 8월 4일 21시,화요일,제주특별자치도 제주시 노형동,경상사고,0,0,1,0,차대사람 - 기타,안전운전불이행,건조,맑음,교차로 - 교차로부근,승용,남,55세,기타불명,보행자,여,38세,경상
2015080500100064,2015년 8월 5일 04시,수요일,제주특별자치도 서귀포시 서귀동,중상사고,0,1,0,0,차대차 - 기타,안전운전불이행,건조,맑음,단일로 - 기타,이륜,남,36세,중상,화물,남,49세,기타불명
2015080500100077,2015년 8월 5일 05시,수요일,제주특별자치도 제주시 도평동,경상사고,0,0,1,2,차대차 - 측면직각충돌,안전거리미확보,건조,맑음,단일로 - 기타,승용,남,19세,부상신고,건설기계,남,49세,경상
2015080500100082,2015년 8월 5일 06시,수요일,제주특별자치도 제주시 조천읍,중상사고,0,1,0,0,차량단독 - 기타,안전운전불이행,건조,맑음,단일로 - 기타,자전거,남,30세,중상,,,,
2015080500100083,2015년 8월 5일 06시,수요일,제주특별자치도 서귀포시 강정동,부상신고사고,0,0,0,1,차량단독 - 전도전복,안전운전불이행,건조,흐림,단일로 - 기타,자전거,남,17세,부상신고,,,,
2015080500100084,2015년 8월 5일 06시,수요일,제주특별자치도 서귀포시 강정동,중상사고,0,1,1,0,차량단독 - 공작물충돌,안전운전불이행,건조,맑음,단일로 - 기타,승용,남,71세,중상,,,,
2015080500100102,2015년 8월 5일 07시,수요일,제주특별자치도 서귀포시 대정읍,경상사고,0,0,1,0,차대차 - 측면직각충돌,직진우회전진행방해,건조,맑음,교차로 - 교차로안,이륜,여,77세,경상,승용,여,46세,상해없음
2015080500100127,2015년 8월 5일 08시,수요일,제주특별자치도 제주시 이도이동,경상사고,0,0,2,0,차대차 - 측면직각충돌,신호위반,건조,맑음,교차로 - 교차로안,승용,여,58세,경상,승용,남,67세,경상
2015080500100163,2015년 8월 5일 09시,수요일,제주특별자치도 서귀포시 남원읍,중상사고,0,1,1,0,차대차 - 기타,중앙선침범,건조,맑음,단일로 - 기타,승용,여,51세,상해없음,승용,남,32세,중상
2015080500100394,2015년 8월 5일 16시,수요일,제주특별자치도 서귀포시 서호동,경상사고,0,0,1,0,차대차 - 기타,직진우회전진행방해,건조,맑음,교차로 - 교차로안,승용,여,45세,상해없음,이륜,남,52세,경상
2015080500100395,2015년 8월 5일 16시,수요일,제주특별자치도 서귀포시 대정읍,경상사고,0,0,1,0,차대차 - 측면직각충돌,직진우회전진행방해,건조,맑음,교차로 - 교차로안,승용,남,24세,상해없음,승용,남,43세,상해없음
2015080500100396,2015년 8월 5일 16시,수요일,제주특별자치도 제주시 해안동,부상신고사고,0,0,0,1,차대차 - 측면직각충돌,교차로운행방법위반,건조,맑음,교차로 - 교차로부근,승용,남,54세,상해없음,승용,남,40세,부상신고
2015080500100521,2015년 8월 5일 19시,수요일,제주특별자치도 제주시 연동,경상사고,0,0,1,0,차대차 - 추돌 - 진행중,안전거리미확보,건조,맑음,단일로 - 기타,승합,남,56세,상해없음,승용,여,55세,상해없음
2015080500100522,2015년 8월 5일 19시,수요일,제주특별자치도 제주시 노형동,중상사고,0,1,0,0,차대차 - 측면직각충돌,중앙선침범,건조,맑음,교차로 - 교차로안,승용,여,34세,상해없음,원동기,남,17세,중상
2015080500100551,2015년 8월 5일 20시,수요일,제주특별자치도 제주시 도두일동,경상사고,0,0,1,0,차대차 - 측면직각충돌,안전운전불이행,건조,맑음,단일로 - 기타,이륜,남,27세,경상,승용,여,50세,상해없음
2015080500100586,2015년 8월 5일 21시,수요일,제주특별자치도 제주시 한림읍,경상사고,0,0,4,0,차대차 - 측면직각충돌,직진우회전진행방해,건조,맑음,교차로 - 교차로안,승용,여,20세,경상,승용,남,22세,경상
2015080600100127,2015년 8월 6일 08시,목요일,제주특별자치도 제주시 화북이동,경상사고,0,0,3,0,차대차 - 측면직각충돌,안전거리미확보,건조,맑음,교차로 - 교차로부근,승용,여,57세,경상,승용,남,66세,상해없음
2015080600100158,2015년 8월 6일 09시,목요일,제주특별자치도 서귀포시 신효동,경상사고,0,0,4,0,차대차 - 기타,안전거리미확보,건조,맑음,단일로 - 횡단보도부근,화물,남,60세,상해없음,승용,남,26세,경상
2015080600100159,2015년 8월 6일 09시,목요일,제주특별자치도 서귀포시 안덕면,경상사고,0,0,1,0,차대사람 - 기타,안전운전불이행,건조,맑음,기타 - 기타,승용,남,45세,상해없음,보행자,여,86세,경상
2015080600100255,2015년 8월 6일 12시,목요일,제주특별자치도 제주시 도남동,경상사고,0,0,1,0,차대차 - 추돌 - 주정차중,안전거리미확보,건조,맑음,교차로 - 교차로부근,승용,여,45세,상해없음,화물,남,42세,경상
2015080600100256,2015년 8월 6일 12시,목요일,제주특별자치도 제주시 애월읍,중상사고,0,1,0,0,차대차 - 측면직각충돌,교차로운행방법위반,건조,맑음,교차로 - 교차로안,화물,남,73세,상해없음,이륜,여,85세,중상
2015080600100286,2015년 8월 6일 13시,목요일,제주특별자치도 제주시 건입동,중상사고,0,1,0,0,차대차 - 측면직각충돌,교차로운행방법위반,기타,맑음,교차로 - 교차로안,이륜,남,29세,중상,승용,남,61세,상해없음
2015080600100287,2015년 8월 6일 13시,목요일,제주특별자치도 서귀포시 강정동,중상사고,0,1,0,0,차대사람 - 횡단중,보행자보호의무위반,건조,맑음,단일로 - 횡단보도상,승용,여,43세,상해없음,보행자,여,10세,중상
2015080600100288,2015년 8월 6일 13시,목요일,제주특별자치도 제주시 한림읍,경상사고,0,0,1,0,차대차 - 측면직각충돌,교차로운행방법위반,건조,맑음,교차로 - 교차로안,승용,여,27세,상해없음,승용,여,19세,경상
2015080600100365,2015년 8월 6일 15시,목요일,제주특별자치도 제주시 한림읍,경상사고,0,0,1,0,차량단독 - 기타,안전운전불이행,건조,맑음,단일로 - 기타,이륜,여,25세,경상,,,,
2015080600100412,2015년 8월 6일 16시,목요일,제주특별자치도 서귀포시 성산읍,경상사고,0,0,1,0,차대차 - 기타,안전운전불이행,건조,맑음,교차로 - 교차로안,화물,남,53세,상해없음,자전거,남,9세,경상
2015080600100453,2015년 8월 6일 17시,목요일,제주특별자치도 제주시 구좌읍,중상사고,0,1,0,0,차대차 - 측면직각충돌,직진우회전진행방해,건조,맑음,교차로 - 교차로안,화물,남,76세,상해없음,승용,남,45세,상해없음
2015080600100454,2015년 8월 6일 17시,목요일,제주특별자치도 제주시 조천읍,경상사고,0,0,1,0,차대차 - 측면직각충돌,안전운전불이행,건조,맑음,교차로 - 교차로부근,승용,남,50세,상해없음,자전거,남,15세,경상
2015080600100496,2015년 8월 6일 18시,목요일,제주특별자치도 제주시 삼도이동,중상사고,0,1,1,0,차대차 - 기타,직진우회전진행방해,건조,맑음,교차로 - 교차로안,원동기,남,25세,중상,승용,남,34세,경상
2015080600100497,2015년 8월 6일 18시,목요일,제주특별자치도 제주시 일도이동,경상사고,0,0,1,0,차대차 - 추돌 - 진행중,안전거리미확보,기타,맑음,단일로 - 기타,승용,여,53세,상해없음,승용,남,44세,경상
2015080600100498,2015년 8월 6일 18시,목요일,제주특별자치도 서귀포시 표선면,경상사고,0,0,1,0,차량단독 - 공작물충돌,안전운전불이행,건조,맑음,단일로 - 기타,승용,남,22세,상해없음,,,,
2015080600100499,2015년 8월 6일 18시,목요일,제주특별자치도 서귀포시 토평동,중상사고,0,1,9,0,차대차 - 기타,안전운전불이행,건조,맑음,교차로 - 교차로부근,승용,남,36세,상해없음,승용,남,35세,경상
2015080600100537,2015년 8월 6일 19시,목요일,제주특별자치도 제주시 연동,경상사고,0,0,2,0,차대차 - 기타,안전운전불이행,건조,맑음,교차로 - 교차로부근,특수,남,38세,상해없음,승용,남,34세,상해없음
2015080600100633,2015년 8월 6일 21시,목요일,제주특별자치도 서귀포시 안덕면,중상사고,0,1,0,3,차대차 - 정면충돌,신호위반,건조,맑음,교차로 - 교차로안,승용,남,41세,부상신고,승용,여,42세,중상
2015080700100019,2015년 8월 7일 00시,금요일,제주특별자치도 제주시 노형동,경상사고,0,0,1,0,차량단독 - 공작물충돌,안전운전불이행,건조,맑음,단일로 - 기타,승용,여,55세,경상,,,,
2015080700100020,2015년 8월 7일 00시,금요일,제주특별자치도 제주시 연동,경상사고,0,0,1,0,차대차 - 기타,안전운전불이행,건조,맑음,단일로 - 기타,이륜,남,17세,경상,승용,여,45세,상해없음
2015080700100048,2015년 8월 7일 02시,금요일,제주특별자치도 제주시 도남동,경상사고,0,0,1,0,차대사람 - 기타,안전운전불이행,건조,맑음,교차로 - 교차로부근,승용,남,52세,상해없음,보행자,남,39세,경상
2015080700100109,2015년 8월 7일 07시,금요일,제주특별자치도 서귀포시 토평동,중상사고,0,1,2,1,차대차 - 정면충돌,안전운전불이행,건조,맑음,교차로 - 교차로부근,화물,남,36세,부상신고,화물,남,57세,상해없음
2015080700100145,2015년 8월 7일 08시,금요일,제주특별자치도 제주시 일도이동,중상사고,0,1,0,0,차대사람 - 횡단중,보행자보호의무위반,건조,맑음,단일로 - 횡단보도상,승용,여,49세,상해없음,보행자,여,73세,중상
2015080700100146,2015년 8월 7일 08시,금요일,제주특별자치도 제주시 한림읍,경상사고,0,0,2,0,차대차 - 기타,안전운전불이행,건조,맑음,단일로 - 기타,화물,남,47세,상해없음,승용,남,47세,경상
2015080700100147,2015년 8월 7일 08시,금요일,제주특별자치도 제주시 노형동,경상사고,0,0,2,0,차대차 - 추돌 - 진행중,안전운전불이행,건조,맑음,단일로 - 기타,화물,남,41세,기타불명,승용,남,32세,경상
2015080700100214,2015년 8월 7일 10시,금요일,제주특별자치도 제주시 연동,경상사고,0,0,4,1,차대차 - 기타,안전운전불이행,건조,맑음,교차로 - 교차로부근,승용,남,53세,경상,화물,남,42세,경상
2015080700100277,2015년 8월 7일 12시,금요일,제주특별자치도 서귀포시 하효동,부상신고사고,0,0,0,1,차대사람 - 기타,안전운전불이행,건조,맑음,기타 - 기타,승용,여,54세,상해없음,보행자,남,4세,부상신고
2015080700100371,2015년 8월 7일 15시,금요일,제주특별자치도 제주시 연동,경상사고,0,0,2,0,차대차 - 측면직각충돌,안전거리미확보,건조,맑음,단일로 - 기타,승용,여,44세,상해없음,승용,여,66세,경상
2015080700100410,2015년 8월 7일 16시,금요일,제주특별자치도 서귀포시 호근동,경상사고,0,0,1,0,차대차 - 추돌 - 주정차중,안전운전불이행,건조,흐림,교차로 - 교차로부근,화물,남,58세,상해없음,화물,남,28세,경상
2015080700100446,2015년 8월 7일 17시,금요일,제주특별자치도 제주시 아라이동,경상사고,0,0,1,0,차대차 - 측면직각충돌,직진우회전진행방해,건조,맑음,교차로 - 교차로안,승합,여,52세,상해없음,이륜,남,69세,경상
2015080700100447,2015년 8월 7일 17시,금요일,제주특별자치도 제주시 연동,경상사고,0,0,1,0,차대차 - 기타,안전운전불이행,건조,맑음,단일로 - 교량,승합,남,70세,상해없음,승용,여,41세,경상
2015080700100528,2015년 8월 7일 19시,금요일,제주특별자치도 제주시 삼도이동,경상사고,0,0,1,0,차대차 - 추돌 - 진행중,안전거리미확보,건조,맑음,교차로 - 교차로부근,승용,남,39세,상해없음,이륜,남,46세,경상
2015080700100602,2015년 8월 7일 21시,금요일,제주특별자치도 제주시 일도이동,경상사고,0,0,2,0,차대차 - 추돌 - 주정차중,교차로운행방법위반,건조,맑음,교차로 - 교차로안,승용,여,48세,경상,승용,남,48세,경상
2015080700100603,2015년 8월 7일 21시,금요일,제주특별자치도 서귀포시 서귀동,경상사고,0,0,2,0,차대차 - 추돌 - 주정차중,안전운전불이행,건조,맑음,단일로 - 기타,승용,여,21세,상해없음,승용,여,20세,경상
2015080700100604,2015년 8월 7일 21시,금요일,제주특별자치도 제주시 도두일동,중상사고,0,2,0,0,차대차 - 기타,직진우회전진행방해,건조,맑음,교차로 - 교차로안,승용,남,52세,상해없음,승용,여,40세,중상
2015080800100071,2015년 8월 8일 03시,토요일,제주특별자치도 제주시 용담이동,경상사고,0,0,1,0,차량단독 - 공작물충돌,안전운전불이행,건조,맑음,단일로 - 기타,화물,남,33세,경상,,,,
2015080800100123,2015년 8월 8일 06시,토요일,제주특별자치도 제주시 구좌읍,경상사고,0,0,1,0,차대차 - 기타,교차로운행방법위반,건조,흐림,교차로 - 교차로안,승용,남,56세,상해없음,승용,남,22세,경상
2015080800100164,2015년 8월 8일 08시,토요일,제주특별자치도 제주시 조천읍,부상신고사고,0,0,0,1,차대차 - 측면직각충돌,신호위반,건조,맑음,교차로 - 교차로안,농기계,남,75세,부상신고,승용,여,24세,상해없음
2015080800100191,2015년 8월 8일 09시,토요일,제주특별자치도 제주시 용담이동,경상사고,0,0,2,0,차대차 - 추돌 - 진행중,안전운전불이행,건조,맑음,단일로 - 기타,이륜,남,20세,경상,승합,남,45세,상해없음
2015080800100330,2015년 8월 8일 13시,토요일,제주특별자치도 제주시 우도면,중상사고,0,1,0,0,차대차 - 기타,안전운전불이행,건조,맑음,단일로 - 기타,원동기,여,48세,상해없음,원동기,여,26세,중상
2015080800100331,2015년 8월 8일 13시,토요일,제주특별자치도 제주시 한림읍,경상사고,0,0,1,1,차대사람 - 횡단중,안전운전불이행,건조,맑음,단일로 - 기타,이륜,남,57세,경상,보행자,여,35세,부상신고
2015080800100365,2015년 8월 8일 14시,토요일,제주특별자치도 제주시 구좌읍,부상신고사고,0,0,0,1,차대차 - 기타,안전거리미확보,기타,맑음,단일로 - 기타,자전거,남,26세,부상신고,승용,남,28세,상해없음
2015080800100366,2015년 8월 8일 14시,토요일,제주특별자치도 서귀포시 대포동,부상신고사고,0,0,0,1,차대차 - 기타,안전운전불이행,건조,맑음,단일로 - 기타,승용,여,31세,부상신고,승합,남,55세,상해없음
2015080800100367,2015년 8월 8일 14시,토요일,제주특별자치도 제주시 노형동,중상사고,0,1,1,2,차량단독 - 공작물충돌,안전운전불이행,건조,맑음,단일로 - 기타,승용,남,57세,중상,,,,
2015080800100411,2015년 8월 8일 15시,토요일,제주특별자치도 서귀포시 색달동,부상신고사고,0,0,0,1,차대차 - 추돌 - 주정차중,안전거리미확보,건조,맑음,교차로 - 교차로부근,원동기,남,18세,부상신고,승용,남,27세,상해없음
2015080800100538,2015년 8월 8일 18시,토요일,제주특별자치도 제주시 이도이동,경상사고,0,0,1,0,차대차 - 측면직각충돌,안전운전불이행,건조,맑음,교차로 - 교차로부근,원동기,남,47세,상해없음,원동기,남,19세,경상
2015080800100539,2015년 8월 8일 18시,토요일,제주특별자치도 제주시 노형동,경상사고,0,0,1,2,차대사람 - 횡단중,보행자보호의무위반,습기,흐림,단일로 - 횡단보도상,승용,여,59세,상해없음,보행자,남,18세,부상신고
2015080800100574,2015년 8월 8일 19시,토요일,제주특별자치도 제주시 이도이동,경상사고,0,0,1,0,차대사람 - 횡단중,보행자보호의무위반,건조,흐림,교차로 - 교차로부근,승합,여,46세,상해없음,보행자,남,15세,경상
2015080800100604,2015년 8월 8일 20시,토요일,제주특별자치도 제주시 조천읍,경상사고,0,0,2,0,차대차 - 측면직각충돌,직진우회전진행방해,건조,맑음,교차로 - 교차로안,승용,여,41세,경상,승용,남,55세,경상
2015080800100605,2015년 8월 8일 20시,토요일,제주특별자치도 제주시 애월읍,중상사고,0,1,1,0,차량단독 - 공작물충돌,안전운전불이행,습기,비,단일로 - 기타,승용,남,22세,경상,,,,
2015080900100013,2015년 8월 9일 00시,일요일,제주특별자치도 제주시 노형동,중상사고,0,1,0,0,차대차 - 측면직각충돌,안전운전불이행,건조,맑음,단일로 - 횡단보도상,기타불명,기타불명,기타불명,기타불명,자전거,남,46세,중상
2015080900100077,2015년 8월 9일 05시,일요일,제주특별자치도 서귀포시 남원읍,사망사고,2,0,0,0,차대차 - 추돌 - 진행중,안전운전불이행,건조,흐림,단일로 - 기타,승합,남,75세,상해없음,농기계,남,64세,사망
2015080900100154,2015년 8월 9일 10시,일요일,제주특별자치도 서귀포시 서홍동,중상사고,0,1,0,0,차대차 - 기타,불법유턴,건조,맑음,단일로 - 횡단보도상,자전거,남,68세,중상,승용,여,35세,상해없음
2015080900100174,2015년 8월 9일 11시,일요일,제주특별자치도 서귀포시 대정읍,중상사고,0,1,0,0,차대차 - 추돌 - 주정차중,안전운전불이행,건조,맑음,단일로 - 기타,화물,남,31세,상해없음,승용,남,55세,중상
2015080900100197,2015년 8월 9일 12시,일요일,제주특별자치도 서귀포시 남원읍,경상사고,0,0,4,0,차대차 - 측면직각충돌,직진우회전진행방해,건조,맑음,교차로 - 교차로안,승합,여,37세,상해없음,승용,남,36세,경상
2015080900100227,2015년 8월 9일 13시,일요일,제주특별자치도 제주시 노형동,경상사고,0,0,1,0,차대차 - 기타,안전운전불이행,건조,맑음,기타 - 기타,승용,남,18세,상해없음,승용,남,32세,경상
2015080900100252,2015년 8월 9일 14시,일요일,제주특별자치도 제주시 노형동,경상사고,0,0,1,0,차대차 - 기타,안전운전불이행,건조,맑음,단일로 - 기타,승용,남,26세,상해없음,승합,남,46세,상해없음
2015080900100336,2015년 8월 9일 17시,일요일,제주특별자치도 제주시 구좌읍,경상사고,0,0,1,0,차대차 - 측면직각충돌,교차로운행방법위반,기타,맑음,교차로 - 교차로안,승용,남,59세,상해없음,승용,남,65세,경상
2015080900100337,2015년 8월 9일 17시,일요일,제주특별자치도 제주시 한림읍,경상사고,0,0,1,0,차대차 - 기타,직진우회전진행방해,건조,맑음,교차로 - 교차로안,승용,남,29세,상해없음,승용,남,22세,경상
2015080900100363,2015년 8월 9일 18시,일요일,제주특별자치도 제주시 연동,경상사고,0,0,1,0,차대차 - 측면직각충돌,직진우회전진행방해,건조,맑음,교차로 - 교차로안,승용,남,56세,상해없음,승용,남,54세,상해없음
2015080900100436,2015년 8월 9일 20시,일요일,제주특별자치도 제주시 영평동,중상사고,0,1,0,0,차대차 - 추돌 - 주정차중,안전운전불이행,건조,맑음,교차로 - 교차로부근,승용,남,51세,기타불명,승용,여,26세,중상
2015080900100437,2015년 8월 9일 20시,일요일,제주특별자치도 제주시 이도일동,경상사고,0,0,1,0,차대차 - 기타,기타,건조,맑음,단일로 - 기타,승용,남,57세,상해없음,자전거,남,26세,경상
2015080900100438,2015년 8월 9일 20시,일요일,제주특별자치도 제주시 화북일동,중상사고,0,1,0,0,차대차 - 측면직각충돌,안전운전불이행,건조,맑음,기타 - 기타,승용,남,65세,상해없음,승용,여,51세,중상
2015081000100087,2015년 8월 10일 07시,월요일,제주특별자치도 제주시 조천읍,중상사고,0,1,0,0,차량단독 - 도로외이탈 - 기타,안전운전불이행,건조,맑음,단일로 - 기타,이륜,남,17세,중상,,,,
2015081000100088,2015년 8월 10일 07시,월요일,제주특별자치도 제주시 연동,부상신고사고,0,0,0,1,차대차 - 추돌 - 주정차중,안전운전불이행,건조,맑음,단일로 - 기타,승용,남,53세,상해없음,승용,여,51세,부상신고
2015081000100117,2015년 8월 10일 08시,월요일,제주특별자치도 제주시 건입동,경상사고,0,0,1,0,차대차 - 기타,안전운전불이행,건조,맑음,교차로 - 교차로안,승용,여,48세,상해없음,이륜,남,80세,경상
2015081000100146,2015년 8월 10일 09시,월요일,제주특별자치도 제주시 연동,경상사고,0,0,1,0,차대사람 - 보도통행중,안전운전불이행,건조,맑음,단일로 - 기타,승용,여,63세,상해없음,보행자,여,26세,경상
2015081000100180,2015년 8월 10일 10시,월요일,제주특별자치도 제주시 용담이동,부상신고사고,0,0,0,1,차대차 - 기타,안전운전불이행,건조,맑음,교차로 - 교차로부근,원동기,남,35세,상해없음,자전거,남,73세,부상신고
2015081000100246,2015년 8월 10일 12시,월요일,제주특별자치도 제주시 아라일동,경상사고,0,0,3,0,차대차 - 추돌 - 진행중,안전거리미확보,건조,맑음,교차로 - 교차로부근,승용,남,60세,상해없음,승용,여,26세,경상
2015081000100247,2015년 8월 10일 12시,월요일,제주특별자치도 제주시 용담이동,중상사고,0,1,0,0,차대차 - 추돌 - 진행중,중앙선침범,건조,맑음,단일로 - 기타,승용,여,41세,상해없음,이륜,여,38세,중상
2015081000100336,2015년 8월 10일 14시,월요일,제주특별자치도 제주시 용담이동,사망사고,1,0,0,0,차대사람 - 횡단중,안전운전불이행,건조,맑음,단일로 - 기타,화물,남,37세,상해없음,보행자,남,54세,사망
2015081000100337,2015년 8월 10일 14시,월요일,제주특별자치도 제주시 애월읍,중상사고,0,1,0,0,차대사람 - 기타,안전운전불이행,건조,맑음,단일로 - 기타,건설기계,남,31세,상해없음,보행자,남,77세,중상
2015081000100375,2015년 8월 10일 15시,월요일,제주특별자치도 제주시 한림읍,경상사고,0,0,1,0,차대사람 - 횡단중,안전운전불이행,건조,맑음,단일로 - 기타,원동기,남,21세,상해없음,보행자,여,73세,경상
2015081000100418,2015년 8월 10일 16시,월요일,제주특별자치도 제주시 오라이동,경상사고,0,0,2,0,차대차 - 측면직각충돌,중앙선침범,건조,맑음,단일로 - 기타,승용,남,30세,상해없음,승용,남,52세,경상
2015081000100419,2015년 8월 10일 16시,월요일,제주특별자치도 제주시 연동,중상사고,0,1,4,0,차대차 - 측면직각충돌,교차로운행방법위반,건조,맑음,단일로 - 기타,승용,남,61세,경상,승용,여,38세,경상
2015081000100420,2015년 8월 10일 16시,월요일,제주특별자치도 제주시 연동,경상사고,0,0,1,0,차대차 - 측면직각충돌,직진우회전진행방해,건조,맑음,교차로 - 교차로안,승용,남,41세,상해없음,승용,남,80세,상해없음
2015081000100504,2015년 8월 10일 18시,월요일,제주특별자치도 제주시 건입동,경상사고,0,0,1,0,차대차 - 추돌 - 주정차중,안전운전불이행,건조,맑음,단일로 - 기타,승용,남,47세,상해없음,이륜,남,44세,경상
2015081000100609,2015년 8월 10일 21시,월요일,제주특별자치도 제주시 연동,경상사고,0,0,2,0,차대사람 - 횡단중,보행자보호의무위반,건조,맑음,단일로 - 횡단보도상,승용,남,67세,경상,보행자,여,57세,경상
2015081100100033,2015년 8월 11일 01시,화요일,제주특별자치도 서귀포시 동홍동,경상사고,0,0,2,0,차대차 - 기타,중앙선침범,건조,맑음,교차로 - 교차로안,승용,남,29세,상해없음,승용,남,50세,경상
2015081100100098,2015년 8월 11일 07시,화요일,제주특별자치도 제주시 연동,경상사고,0,0,1,0,차대차 - 기타,안전운전불이행,건조,맑음,교차로 - 교차로안,승용,남,32세,상해없음,승용,남,32세,경상
2015081100100193,2015년 8월 11일 10시,화요일,제주특별자치도 제주시 아라일동,부상신고사고,0,0,0,1,차대차 - 측면직각충돌,안전운전불이행,기타,맑음,단일로 - 기타,이륜,남,60세,부상신고,승용,남,55세,상해없음
2015081100100194,2015년 8월 11일 10시,화요일,제주특별자치도 제주시 이호이동,중상사고,0,1,0,0,차대차 - 측면직각충돌,직진우회전진행방해,건조,맑음,교차로 - 교차로안,화물,남,39세,상해없음,이륜,남,21세,중상
2015081100100227,2015년 8월 11일 11시,화요일,제주특별자치도 서귀포시 상효동,경상사고,0,0,4,1,차대차 - 기타,중앙선침범,건조,흐림,단일로 - 기타,화물,여,68세,부상신고,승합,남,44세,경상
2015081100100259,2015년 8월 11일 12시,화요일,제주특별자치도 제주시 도두이동,중상사고,0,1,3,0,차대차 - 기타,안전운전불이행,건조,맑음,교차로 - 교차로부근,승용,남,43세,중상,승용,남,30세,경상
2015081100100297,2015년 8월 11일 13시,화요일,제주특별자치도 제주시 도남동,경상사고,0,0,3,0,차대차 - 측면직각충돌,직진우회전진행방해,건조,흐림,교차로 - 교차로안,승용,여,42세,경상,승용,남,66세,경상
2015081100100298,2015년 8월 11일 13시,화요일,제주특별자치도 제주시 이도이동,경상사고,0,0,1,0,차대차 - 기타,교차로운행방법위반,건조,맑음,교차로 - 교차로안,승용,남,48세,상해없음,승용,여,37세,경상
2015081100100411,2015년 8월 11일 16시,화요일,제주특별자치도 서귀포시 성산읍,경상사고,0,0,1,0,차대사람 - 길가장자리구역통행중,안전운전불이행,건조,흐림,교차로 - 교차로안,승용,여,43세,상해없음,보행자,여,57세,경상
2015081100100450,2015년 8월 11일 17시,화요일,제주특별자치도 서귀포시 성산읍,경상사고,0,0,1,0,차대사람 - 보도통행중,안전운전불이행,건조,맑음,단일로 - 기타,승합,여,44세,상해없음,보행자,남,47세,경상