사고번호,사고일시,요일,시군구,사고내용,사망자수,중상자수,경상자수,부상신고자수,사고유형,법규위반,노면상태,기상상태,도로형태,가해운전자 차종,가해운전자 성별,가해운전자 연령,가해운전자 상해정도,피해운전자 차종,피해운전자 성별,피해운전자 연령,피해운전자 상해정도
2015082000100302,2015년 8월 20일 13시,목요일,제주특별자치도 제주시 구좌읍,경상사고,0,0,4,0,차대차 - 추돌 - 진행중,교차로운행방법위반,건조,맑음,교차로 - 교차로안,승용,남,21세,경상,승합,여,53세,경상
2015082000100303,2015년 8월 20일 13시,목요일,제주특별자치도 제주시 한림읍,중상사고,0,2,0,0,차대차 - 측면직각충돌,교차로운행방법위반,건조,맑음,교차로 - 교차로안,승용,여,23세,중상,화물,남,35세,상해없음
2015082000100338,2015년 8월 20일 14시,목요일,제주특별자치도 제주시 구좌읍,중상사고,0,1,0,0,차대사람 - 기타,안전운전불이행,습기,비,단일로 - 기타,승용,여,25세,상해없음,보행자,여,78세,중상
2015082000100374,2015년 8월 20일 15시,목요일,제주특별자치도 제주시 일도이동,경상사고,0,0,1,0,차대사람 - 횡단중,안전운전불이행,건조,맑음,단일로 - 기타,승용,여,56세,상해없음,보행자,여,68세,경상
2015082000100415,2015년 8월 20일 16시,목요일,제주특별자치도 서귀포시 서귀동,경상사고,0,0,1,0,차대사람 - 횡단중,보행자보호의무위반,건조,맑음,교차로 - 교차로안,승용,여,38세,상해없음,보행자,여,74세,경상
2015082000100597,2015년 8월 20일 21시,목요일,제주특별자치도 제주시 애월읍,경상사고,0,0,1,0,차량단독 - 전도전복,안전운전불이행,건조,맑음,단일로 - 기타,승용,남,23세,상해없음,,,,
2015082000100656,2015년 8월 20일 23시,목요일,제주특별자치도 제주시 삼도일동,중상사고,0,1,0,0,차대차 - 측면직각충돌,중앙선침범,습기,비,단일로 - 기타,승용,남,47세,상해없음,원동기,남,33세,중상
2015082100100103,2015년 8월 21일 05시,금요일,제주특별자치도 제주시 도남동,부상신고사고,0,0,0,1,차량단독 - 공작물충돌,안전운전불이행,습기,비,단일로 - 기타,화물,남,35세,부상신고,,,,
2015082100100104,2015년 8월 21일 05시,금요일,제주특별자치도 서귀포시 서귀동,중상사고,0,1,0,0,차대차 - 기타,교차로운행방법위반,습기,비,교차로 - 교차로안,원동기,여,65세,중상,승용,남,56세,상해없음
2015082100100136,2015년 8월 21일 07시,금요일,제주특별자치도 제주시 오라일동,경상사고,0,0,2,0,차대차 - 추돌 - 진행중,중앙선침범,건조,맑음,교차로 - 교차로부근,승용,여,44세,경상,승용,여,51세,경상
2015082100100137,2015년 8월 21일 07시,금요일,제주특별자치도 제주시 삼도일동,경상사고,0,0,3,0,차대차 - 추돌 - 진행중,안전거리미확보,습기,비,단일로 - 기타,승용,여,44세,경상,승합,남,47세,상해없음
2015082100100272,2015년 8월 21일 11시,금요일,제주특별자치도 서귀포시 안덕면,중상사고,0,3,1,0,차대차 - 기타,직진우회전진행방해,건조,맑음,교차로 - 교차로안,건설기계,남,51세,상해없음,승합,여,58세,중상
2015082100100352,2015년 8월 21일 14시,금요일,제주특별자치도 제주시 조천읍,중상사고,0,1,0,0,차대차 - 측면직각충돌,신호위반,건조,맑음,교차로 - 교차로안,승용,남,67세,상해없음,승용,여,49세,중상
2015082100100390,2015년 8월 21일 15시,금요일,제주특별자치도 제주시 연동,경상사고,0,0,1,3,차대차 - 측면직각충돌,안전거리미확보,건조,맑음,단일로 - 기타,승용,남,33세,경상,승용,남,32세,상해없음
2015082100100510,2015년 8월 21일 18시,금요일,제주특별자치도 서귀포시 성산읍,부상신고사고,0,0,0,1,차량단독 - 기타,안전운전불이행,건조,맑음,기타 - 기타,이륜,여,73세,부상신고,,,,
2015082100100544,2015년 8월 21일 19시,금요일,제주특별자치도 서귀포시 대정읍,부상신고사고,0,0,0,1,차량단독 - 기타,안전운전불이행,건조,맑음,단일로 - 기타,이륜,남,78세,부상신고,,,,
2015082100100700,2015년 8월 21일 23시,금요일,제주특별자치도 제주시 연동,경상사고,0,0,1,0,차대차 - 측면직각충돌,교차로운행방법위반,건조,맑음,교차로 - 교차로안,승용,여,60세,상해없음,승용,남,36세,상해없음
2015082200100037,2015년 8월 22일 01시,토요일,제주특별자치도 제주시 연동,부상신고사고,0,0,0,1,차대사람 - 기타,안전운전불이행,건조,맑음,교차로 - 교차로부근,승용,남,59세,상해없음,보행자,남,39세,부상신고
2015082200100053,2015년 8월 22일 02시,토요일,제주특별자치도 서귀포시 안덕면,경상사고,0,0,1,0,차량단독 - 전도전복,안전운전불이행,습기,비,교차로 - 교차로안,승용,남,51세,경상,,,,
2015082200100080,2015년 8월 22일 04시,토요일,제주특별자치도 제주시 노형동,경상사고,0,0,1,0,차대차 - 측면직각충돌,안전운전불이행,건조,맑음,단일로 - 기타,승용,남,31세,상해없음,승용,남,52세,상해없음
2015082200100155,2015년 8월 22일 08시,토요일,제주특별자치도 서귀포시 서홍동,경상사고,0,0,3,1,차대차 - 추돌 - 진행중,안전거리미확보,건조,맑음,교차로 - 교차로부근,승용,여,63세,상해없음,승용,여,36세,경상
2015082200100277,2015년 8월 22일 12시,토요일,제주특별자치도 제주시 삼도일동,경상사고,0,0,2,0,차대차 - 측면직각충돌,교차로운행방법위반,건조,흐림,교차로 - 교차로안,승용,여,35세,경상,이륜,남,25세,경상
2015082200100278,2015년 8월 22일 12시,토요일,제주특별자치도 제주시 이도일동,경상사고,0,0,1,0,차대사람 - 기타,안전운전불이행,건조,맑음,단일로 - 기타,승용,여,45세,상해없음,보행자,여,58세,경상
2015082200100308,2015년 8월 22일 13시,토요일,제주특별자치도 제주시 삼도일동,경상사고,0,0,1,0,차대차 - 측면직각충돌,기타,건조,맑음,단일로 - 기타,이륜,남,21세,경상,화물,남,30세,상해없음
2015082200100309,2015년 8월 22일 13시,토요일,제주특별자치도 제주시 우도면,중상사고,0,1,1,0,차대차 - 추돌 - 진행중,안전운전불이행,건조,맑음,단일로 - 기타,이륜,남,21세,상해없음,이륜,남,50세,중상
2015082200100424,2015년 8월 22일 16시,토요일,제주특별자치도 서귀포시 서귀동,경상사고,0,0,1,0,차대차 - 기타,안전운전불이행,건조,맑음,단일로 - 기타,승용,여,67세,상해없음,이륜,남,38세,경상
2015082200100459,2015년 8월 22일 17시,토요일,제주특별자치도 제주시 조천읍,경상사고,0,0,1,1,차대차 - 측면직각충돌,중앙선침범,습기,흐림,교차로 - 교차로안,승용,여,49세,부상신고,승용,여,52세,경상
2015082200100588,2015년 8월 22일 21시,토요일,제주특별자치도 제주시 이도이동,중상사고,0,2,0,0,차대차 - 추돌 - 주정차중,안전운전불이행,기타,맑음,단일로 - 기타,승용,남,60세,상해없음,승용,남,32세,중상
2015082300100019,2015년 8월 23일 00시,일요일,제주특별자치도 서귀포시 강정동,경상사고,0,0,1,0,차대차 - 기타,직진우회전진행방해,건조,맑음,교차로 - 교차로안,승용,여,36세,상해없음,승용,여,31세,경상
2015082300100039,2015년 8월 23일 01시,일요일,제주특별자치도 제주시 일도이동,경상사고,0,0,1,0,차대사람 - 기타,안전운전불이행,건조,흐림,단일로 - 기타,승용,남,38세,상해없음,보행자,남,52세,경상
2015082300100040,2015년 8월 23일 01시,일요일,제주특별자치도 서귀포시 대정읍,중상사고,0,1,0,0,차대차 - 측면직각충돌,직진우회전진행방해,습기,흐림,교차로 - 교차로안,원동기,남,17세,상해없음,승용,남,42세,상해없음
2015082300100091,2015년 8월 23일 05시,일요일,제주특별자치도 서귀포시 남원읍,부상신고사고,0,0,0,1,차량단독 - 공작물충돌,안전운전불이행,건조,맑음,단일로 - 기타,승용,남,23세,부상신고,,,,
2015082300100164,2015년 8월 23일 10시,일요일,제주특별자치도 제주시 구좌읍,중상사고,0,1,0,0,차대차 - 기타,안전운전불이행,건조,흐림,교차로 - 교차로부근,승용,여,22세,상해없음,자전거,남,24세,중상
2015082300100182,2015년 8월 23일 11시,일요일,제주특별자치도 제주시 이도일동,경상사고,0,0,2,0,차대차 - 측면직각충돌,안전거리미확보,건조,맑음,단일로 - 기타,승용,남,33세,상해없음,승합,남,53세,상해없음
2015082300100206,2015년 8월 23일 12시,일요일,제주특별자치도 제주시 용담이동,경상사고,0,0,1,0,차대차 - 추돌 - 진행중,안전거리미확보,건조,흐림,단일로 - 기타,승용,남,43세,상해없음,승용,여,49세,경상
2015082300100236,2015년 8월 23일 13시,일요일,제주특별자치도 제주시 한림읍,중상사고,0,4,2,0,차대차 - 측면직각충돌,신호위반,건조,맑음,교차로 - 교차로안,승용,남,61세,상해없음,화물,남,55세,경상
2015082300100263,2015년 8월 23일 14시,일요일,제주특별자치도 제주시 삼도이동,경상사고,0,0,4,0,차대차 - 추돌 - 진행중,안전운전불이행,건조,맑음,단일로 - 기타,승용,여,41세,상해없음,승용,남,75세,경상
2015082300100264,2015년 8월 23일 14시,일요일,제주특별자치도 제주시 용담이동,중상사고,0,1,0,0,차대차 - 기타,안전운전불이행,건조,맑음,단일로 - 기타,승용,남,23세,상해없음,자전거,남,25세,중상
2015082300100265,2015년 8월 23일 14시,일요일,제주특별자치도 제주시 애월읍,경상사고,0,0,1,0,차대차 - 추돌 - 진행중,안전거리미확보,건조,맑음,교차로 - 교차로부근,승용,남,31세,상해없음,승용,남,61세,경상
2015082300100298,2015년 8월 23일 15시,일요일,제주특별자치도 제주시 용담이동,경상사고,0,0,1,0,차대차 - 측면직각충돌,안전운전불이행,건조,맑음,단일로 - 기타,승용,남,21세,상해없음,승용,여,35세,경상
2015082300100378,2015년 8월 23일 17시,일요일,제주특별자치도 서귀포시 법환동,경상사고,0,0,1,0,차대차 - 기타,안전운전불이행,건조,흐림,교차로 - 교차로부근,승용,남,41세,상해없음,승용,남,56세,상해없음
2015082300100379,2015년 8월 23일 17시,일요일,제주특별자치도 서귀포시 성산읍,부상신고사고,0,0,0,1,차대차 - 기타,안전운전불이행,기타,흐림,기타 - 기타,승용,여,39세,부상신고,승용,여,34세,상해없음
2015082300100398,2015년 8월 23일 18시,일요일,제주특별자치도 제주시 아라이동,경상사고,0,0,1,0,차대차 - 기타,안전거리미확보,건조,흐림,단일로 - 기타,이륜,남,21세,경상,승용,남,50세,상해없음
2015082300100436,2015년 8월 23일 19시,일요일,제주특별자치도 서귀포시 하원동,중상사고,0,1,0,0,차량단독 - 기타,안전운전불이행,건조,맑음,교차로 - 교차로부근,원동기,여,18세,상해없음,,,,
2015082400100013,2015년 8월 24일 00시,월요일,제주특별자치도 제주시 건입동,경상사고,0,0,1,0,차대차 - 추돌 - 주정차중,안전운전불이행,기타,비,단일로 - 기타,화물,남,23세,상해없음,승용,남,57세,상해없음
2015082400100188,2015년 8월 24일 10시,월요일,제주특별자치도 제주시 도남동,경상사고,0,0,1,0,차대사람 - 기타,보행자보호의무위반,습기,비,단일로 - 횡단보도상,승용,남,36세,상해없음,보행자,남,7세,경상
2015082400100189,2015년 8월 24일 10시,월요일,제주특별자치도 서귀포시 대정읍,경상사고,0,0,1,0,차대차 - 기타,중앙선침범,건조,흐림,단일로 - 기타,화물,남,49세,상해없음,승용,여,51세,경상
2015082400100279,2015년 8월 24일 13시,월요일,제주특별자치도 서귀포시 상효동,중상사고,0,2,0,0,차대차 - 측면직각충돌,신호위반,건조,맑음,교차로 - 교차로안,승용,여,51세,중상,화물,남,66세,중상
2015082400100304,2015년 8월 24일 14시,월요일,제주특별자치도 제주시 아라이동,경상사고,0,0,2,0,차대차 - 추돌 - 주정차중,안전거리미확보,습기,흐림,교차로 - 교차로부근,승용,남,53세,경상,승용,여,51세,경상
2015082400100305,2015년 8월 24일 14시,월요일,제주특별자치도 제주시 일도이동,중상사고,0,1,1,0,차대차 - 추돌 - 주정차중,안전운전불이행,습기,비,교차로 - 교차로부근,승용,남,29세,상해없음,승용,여,50세,중상
2015082400100306,2015년 8월 24일 14시,월요일,제주특별자치도 서귀포시 서호동,중상사고,0,2,0,0,차대차 - 측면직각충돌,직진우회전진행방해,습기,비,교차로 - 교차로안,건설기계,남,48세,상해없음,승용,여,50세,중상
2015082400100307,2015년 8월 24일 14시,월요일,제주특별자치도 서귀포시 안덕면,경상사고,0,0,1,0,차대차 - 추돌 - 주정차중,안전거리미확보,습기,비,단일로 - 기타,승용,남,26세,상해없음,승용,남,24세,경상
2015082400100397,2015년 8월 24일 16시,월요일,제주특별자치도 서귀포시 안덕면,경상사고,0,0,3,0,차대차 - 측면직각충돌,직진우회전진행방해,습기,비,교차로 - 교차로안,승용,남,21세,상해없음,승용,남,32세,경상
2015082400100462,2015년 8월 24일 18시,월요일,제주특별자치도 서귀포시 토평동,경상사고,0,0,4,0,차대차 - 정면충돌,중앙선침범,습기,비,단일로 - 기타,승용,여,28세,상해없음,승용,여,25세,경상
2015082400100463,2015년 8월 24일 18시,월요일,제주특별자치도 제주시 노형동,중상사고,0,1,0,0,차대사람 - 횡단중,안전운전불이행,습기,비,단일로 - 기타,화물,남,42세,상해없음,보행자,여,71세,중상
2015082400100544,2015년 8월 24일 20시,월요일,제주특별자치도 제주시 노형동,경상사고,0,0,1,0,차대차 - 기타,안전거리미확보,습기,비,단일로 - 기타,승용,남,58세,상해없음,이륜,남,24세,경상
2015082400100567,2015년 8월 24일 21시,월요일,제주특별자치도 제주시 오라일동,경상사고,0,0,2,0,차대차 - 추돌 - 진행중,교차로운행방법위반,건조,맑음,교차로 - 교차로안,승용,남,70세,상해없음,승용,남,71세,경상
2015082400100568,2015년 8월 24일 21시,월요일,제주특별자치도 서귀포시 남원읍,경상사고,0,0,1,0,차대차 - 정면충돌,신호위반,습기,비,교차로 - 교차로안,승용,여,35세,상해없음,승용,남,56세,경상
2015082400100569,2015년 8월 24일 21시,월요일,제주특별자치도 제주시 용담이동,경상사고,0,0,1,0,차대사람 - 기타,안전운전불이행,습기,비,교차로 - 교차로안,승용,여,50세,상해없음,보행자,남,44세,경상
2015082400100594,2015년 8월 24일 22시,월요일,제주특별자치도 서귀포시 남원읍,중상사고,0,2,1,0,차대차 - 기타,중앙선침범,습기,비,단일로 - 기타,승용,여,57세,경상,승용,남,40세,중상
2015082400100619,2015년 8월 24일 23시,월요일,제주특별자치도 제주시 건입동,경상사고,0,0,1,0,차대사람 - 기타,안전운전불이행,습기,비,단일로 - 기타,기타불명,기타불명,기타불명,기타불명,보행자,남,43세,경상
2015082400100620,2015년 8월 24일 23시,월요일,제주특별자치도 서귀포시 토평동,경상사고,0,0,2,1,차대차 - 측면직각충돌,교차로운행방법위반,건조,맑음,교차로 - 교차로안,화물,남,70세,부상신고,화물,남,41세,경상
2015082500100053,2015년 8월 25일 02시,화요일,제주특별자치도 제주시 아라이동,경상사고,0,0,1,0,차대차 - 추돌 - 주정차중,안전거리미확보,습기,비,교차로 - 교차로부근,승용,남,38세,상해없음,승용,남,31세,경상
2015082500100110,2015년 8월 25일 07시,화요일,제주특별자치도 서귀포시 회수동,중상사고,0,1,0,0,차대사람 - 횡단중,보행자보호의무위반,습기,비,단일로 - 횡단보도상,승용,남,55세,상해없음,보행자,여,74세,중상
2015082500100242,2015년 8월 25일 11시,화요일,제주특별자치도 서귀포시 강정동,경상사고,0,0,1,1,차대차 - 추돌 - 진행중,신호위반,건조,흐림,교차로 - 교차로안,이륜,남,18세,부상신고,승용,남,54세,상해없음
2015082500100243,2015년 8월 25일 11시,화요일,제주특별자치도 제주시 용담이동,경상사고,0,0,1,3,차대차 - 기타,안전운전불이행,습기,비,단일로 - 기타,승용,남,33세,상해없음,승용,남,43세,경상
2015082500100307,2015년 8월 25일 13시,화요일,제주특별자치도 서귀포시 강정동,중상사고,0,6,1,0,차대차 - 기타,신호위반,건조,맑음,교차로 - 교차로안,승용,여,25세,상해없음,승용,남,36세,중상
2015082500100418,2015년 8월 25일 16시,화요일,제주특별자치도 제주시 이도이동,경상사고,0,0,1,0,차대사람 - 횡단중,기타,건조,맑음,단일로 - 기타,승용,남,47세,상해없음,보행자,여,38세,경상
2015082500100419,2015년 8월 25일 16시,화요일,제주특별자치도 서귀포시 서귀동,중상사고,0,1,0,0,차대차 - 기타,안전운전불이행,건조,맑음,단일로 - 기타,화물,남,35세,상해없음,화물,남,38세,상해없음
2015082500100464,2015년 8월 25일 17시,화요일,제주특별자치도 서귀포시 동홍동,경상사고,0,0,1,0,차대사람 - 기타,중앙선침범,건조,맑음,기타 - 기타,승용,여,39세,상해없음,보행자,남,65세,경상
2015082500100465,2015년 8월 25일 17시,화요일,제주특별자치도 제주시 용담이동,중상사고,0,2,0,0,차대차 - 정면충돌,중앙선침범,건조,맑음,단일로 - 기타,이륜,남,20세,중상,화물,남,46세,상해없음
2015082500100503,2015년 8월 25일 18시,화요일,제주특별자치도 서귀포시 안덕면,중상사고,0,2,0,0,차대차 - 추돌 - 진행중,직진우회전진행방해,건조,맑음,교차로 - 교차로안,승합,남,56세,상해없음,승용,남,37세,상해없음
2015082500100504,2015년 8월 25일 18시,화요일,제주특별자치도 제주시 한림읍,중상사고,0,1,0,0,차대차 - 기타,안전운전불이행,건조,맑음,단일로 - 기타,승용,남,62세,상해없음,자전거,남,30세,중상
2015082600100072,2015년 8월 26일 05시,수요일,제주특별자치도 서귀포시 성산읍,부상신고사고,0,0,0,1,차량단독 - 공작물충돌,안전운전불이행,건조,흐림,단일로 - 기타,화물,남,55세,부상신고,,,,
2015082600100176,2015년 8월 26일 09시,수요일,제주특별자치도 서귀포시 서귀동,부상신고사고,0,0,0,1,차대차 - 측면직각충돌,교차로운행방법위반,건조,맑음,교차로 - 교차로안,승용,여,38세,부상신고,승용,남,23세,상해없음
2015082600100177,2015년 8월 26일 09시,수요일,제주특별자치도 서귀포시 색달동,부상신고사고,0,0,0,1,차대차 - 기타,안전운전불이행,건조,맑음,교차로 - 교차로안,화물,남,36세,부상신고,승합,남,40세,상해없음
2015082600100178,2015년 8월 26일 09시,수요일,제주특별자치도 제주시 용담이동,부상신고사고,0,0,0,1,차대차 - 기타,안전운전불이행,건조,맑음,기타 - 기타,승용,여,23세,상해없음,승합,남,23세,부상신고
2015082600100213,2015년 8월 26일 10시,수요일,제주특별자치도 서귀포시 동홍동,중상사고,0,1,2,0,차대차 - 기타,중앙선침범,건조,맑음,교차로 - 교차로부근,승합,남,25세,상해없음,화물,남,41세,경상
2015082600100214,2015년 8월 26일 10시,수요일,제주특별자치도 서귀포시 안덕면,경상사고,0,0,1,0,차대차 - 기타,안전운전불이행,건조,맑음,단일로 - 기타,승용,남,54세,상해없음,승용,남,27세,경상
2015082600100249,2015년 8월 26일 11시,수요일,제주특별자치도 제주시 일도이동,경상사고,0,0,2,0,차대차 - 기타,안전운전불이행,건조,흐림,단일로 - 기타,승용,남,24세,경상,승용,남,73세,경상
2015082600100250,2015년 8월 26일 11시,수요일,제주특별자치도 서귀포시 서홍동,중상사고,0,1,1,0,차대차 - 정면충돌,신호위반,건조,맑음,단일로 - 기타,승용,남,46세,상해없음,승합,남,49세,경상
2015082600100279,2015년 8월 26일 12시,수요일,제주특별자치도 서귀포시 동홍동,경상사고,0,0,4,0,차대차 - 기타,교차로운행방법위반,건조,맑음,교차로 - 교차로안,승용,남,35세,기타불명,승용,남,40세,경상
2015082600100304,2015년 8월 26일 13시,수요일,제주특별자치도 제주시 건입동,경상사고,0,0,1,0,차대차 - 추돌 - 주정차중,안전거리미확보,건조,맑음,단일로 - 기타,승용,남,43세,상해없음,승용,남,48세,경상
2015082600100305,2015년 8월 26일 13시,수요일,제주특별자치도 서귀포시 성산읍,부상신고사고,0,0,0,1,차대차 - 기타,안전운전불이행,건조,맑음,교차로 - 교차로안,원동기,남,75세,부상신고,승용,남,27세,상해없음
2015082600100342,2015년 8월 26일 14시,수요일,제주특별자치도 서귀포시 성산읍,중상사고,0,1,0,0,차대사람 - 기타,안전운전불이행,건조,맑음,단일로 - 횡단보도부근,승용,남,23세,상해없음,보행자,여,21세,중상
2015082600100343,2015년 8월 26일 14시,수요일,제주특별자치도 제주시 노형동,경상사고,0,0,1,0,차대차 - 기타,안전운전불이행,건조,맑음,단일로 - 기타,화물,남,45세,상해없음,승용,여,51세,경상
2015082600100369,2015년 8월 26일 15시,수요일,제주특별자치도 제주시 구좌읍,경상사고,0,0,1,0,차대차 - 기타,중앙선침범,기타,맑음,단일로 - 기타,승용,남,23세,상해없음,승용,남,56세,경상
2015082600100370,2015년 8월 26일 15시,수요일,제주특별자치도 제주시 외도이동,중상사고,0,1,0,0,차대차 - 기타,안전운전불이행,건조,맑음,교차로 - 교차로안,원동기,남,18세,상해없음,자전거,남,46세,중상
2015082600100416,2015년 8월 26일 16시,수요일,제주특별자치도 제주시 구좌읍,중상사고,0,1,0,0,차량단독 - 기타,안전운전불이행,건조,맑음,단일로 - 기타,원동기,남,79세,상해없음,,,,
2015082600100417,2015년 8월 26일 16시,수요일,제주특별자치도 제주시 일도이동,경상사고,0,0,1,0,차대차 - 추돌 - 진행중,교차로운행방법위반,건조,맑음,교차로 - 교차로안,승용,여,38세,상해없음,승용,남,45세,경상
2015082600100460,2015년 8월 26일 17시,수요일,제주특별자치도 제주시 도남동,중상사고,0,1,0,0,차대사람 - 기타,안전운전불이행,건조,맑음,단일로 - 기타,승합,남,44세,상해없음,보행자,남,7세,중상
2015082600100461,2015년 8월 26일 17시,수요일,제주특별자치도 제주시 봉개동,경상사고,0,0,1,0,차대차 - 측면직각충돌,신호위반,건조,맑음,교차로 - 교차로안,화물,남,63세,상해없음,화물,남,28세,경상
2015082600100509,2015년 8월 26일 18시,수요일,제주특별자치도 제주시 애월읍,중상사고,0,1,0,0,차대차 - 기타,중앙선침범,건조,맑음,단일로 - 기타,원동기,남,19세,중상,승용,여,57세,상해없음
2015082600100554,2015년 8월 26일 19시,수요일,제주특별자치도 제주시 용담일동,경상사고,0,0,2,0,차대차 - 기타,안전운전불이행,건조,맑음,교차로 - 교차로부근,승용,여,25세,상해없음,승용,남,61세,기타불명
2015082700100033,2015년 8월 27일 01시,목요일,제주특별자치도 제주시 연동,중상사고,0,1,0,0,차대차 - 측면직각충돌,안전운전불이행,건조,맑음,교차로 - 교차로부근,승용,여,44세,상해없음,승용,남,40세,중상
2015082700100092,2015년 8월 27일 06시,목요일,제주특별자치도 제주시 용담이동,중상사고,0,1,0,0,차대차 - 측면직각충돌,신호위반,건조,맑음,교차로 - 교차로안,승용,여,44세,상해없음,승용,남,55세,중상
2015082700100093,2015년 8월 27일 06시,목요일,제주특별자치도 제주시 애월읍,경상사고,0,0,1,0,차대차 - 측면직각충돌,직진우회전진행방해,건조,맑음,교차로 - 교차로안,승용,남,76세,상해없음,승용,남,48세,경상
2015082700100150,2015년 8월 27일 08시,목요일,제주특별자치도 제주시 도두일동,부상신고사고,0,0,0,2,차대사람 - 기타,보행자보호의무위반,건조,맑음,단일로 - 기타,화물,남,59세,상해없음,보행자,여,16세,부상신고
2015082700100176,2015년 8월 27일 09시,목요일,제주특별자치도 제주시 한림읍,부상신고사고,0,0,0,2,차대차 - 측면직각충돌,안전운전불이행,습기,비,교차로 - 교차로안,화물,남,73세,상해없음,화물,남,35세,부상신고
2015082700100206,2015년 8월 27일 10시,목요일,제주특별자치도 서귀포시 성산읍,사망사고,1,0,0,0,차대사람 - 기타,안전운전불이행,건조,맑음,교차로 - 교차로부근,건설기계,남,61세,상해없음,보행자,여,85세,사망
2015082700100235,2015년 8월 27일 11시,목요일,제주특별자치도 제주시 연동,중상사고,0,1,1,0,차대차 - 측면직각충돌,신호위반,건조,맑음,교차로 - 교차로안,승용,여,49세,중상,승용,남,63세,경상
2015082700100253,2015년 8월 27일 12시,목요일,제주특별자치도 제주시 일도일동,경상사고,0,0,1,0,차대차 - 기타,안전거리미확보,기타,맑음,교차로 - 교차로부근,승용,남,58세,상해없음,이륜,남,22세,경상
2015082700100278,2015년 8월 27일 13시,목요일,제주특별자치도 제주시 연동,경상사고,0,0,1,0,차대차 - 추돌 - 진행중,안전거리미확보,건조,맑음,단일로 - 기타,승용,남,35세,상해없음,승용,여,47세,상해없음
2015082700100320,2015년 8월 27일 14시,목요일,제주특별자치도 제주시 구좌읍,사망사고,1,4,0,0,차대차 - 기타,과속,기타,맑음,교차로 - 교차로안,승용,남,51세,중상,승용,남,43세,상해없음
2015082700100356,2015년 8월 27일 15시,목요일,제주특별자치도 제주시 한림읍,부상신고사고,0,0,0,1,차대차 - 기타,안전운전불이행,건조,맑음,단일로 - 기타,승합,남,78세,상해없음,이륜,남,31세,부상신고
2015082700100357,2015년 8월 27일 15시,목요일,제주특별자치도 제주시 한림읍,경상사고,0,0,1,0,차대사람 - 기타,안전운전불이행,건조,맑음,기타 - 기타,이륜,여,23세,상해없음,보행자,여,43세,경상
2015082700100501,2015년 8월 27일 18시,목요일,제주특별자치도 제주시 삼도이동,경상사고,0,0,1,0,차대사람 - 기타,보행자보호의무위반,건조,맑음,교차로 - 교차로안,승용,여,46세,상해없음,보행자,남,18세,경상
2015082700100572,2015년 8월 27일 20시,목요일,제주특별자치도 제주시 이도이동,경상사고,0,0,1,0,차대사람 - 기타,보행자보호의무위반,건조,맑음,교차로 - 교차로안,승용,남,33세,상해없음,보행자,여,40세,경상
2015082700100657,2015년 8월 27일 23시,목요일,제주특별자치도 서귀포시 강정동,사망사고,1,0,0,0,차대차 - 추돌 - 주정차중,안전운전불이행,건조,맑음,교차로 - 교차로부근,승용,남,42세,사망,화물,남,43세,상해없음
2015082800100175,2015년 8월 28일 09시,금요일,제주특별자치도 제주시 오라일동,경상사고,0,0,1,0,차대차 - 추돌 - 진행중,안전운전불이행,건조,맑음,교차로 - 교차로부근,승용,남,45세,상해없음,자전거,남,10세,경상
2015082800100209,2015년 8월 28일 10시,금요일,제주특별자치도 제주시 도두이동,경상사고,0,0,1,0,차대차 - 기타,안전거리미확보,건조,맑음,단일로 - 기타,승용,남,25세,상해없음,승용,남,41세,상해없음
2015082800100232,2015년 8월 28일 11시,금요일,제주특별자치도 제주시 건입동,경상사고,0,0,2,0,차대차 - 추돌 - 진행중,안전거리미확보,건조,맑음,단일로 - 기타,승용,남,18세,경상,승용,남,30세,상해없음
2015082800100233,2015년 8월 28일 11시,금요일,제주특별자치도 서귀포시 서홍동,경상사고,0,0,2,0,차대차 - 기타,교차로운행방법위반,건조,맑음,교차로 - 교차로안,승용,남,45세,상해없음,승용,남,41세,경상
2015082800100391,2015년 8월 28일 15시,금요일,제주특별자치도 제주시 애월읍,중상사고,0,1,0,0,차대차 - 추돌 - 진행중,안전운전불이행,건조,맑음,단일로 - 기타,승용,남,44세,상해없음,농기계,남,51세,중상
2015082800100527,2015년 8월 28일 18시,금요일,제주특별자치도 제주시 건입동,중상사고,0,1,0,0,차대차 - 추돌 - 주정차중,안전운전불이행,건조,맑음,기타 - 기타,화물,남,49세,중상,화물,남,49세,상해없음
2015082800100528,2015년 8월 28일 18시,금요일,제주특별자치도 서귀포시 하효동,경상사고,0,0,1,0,차대차 - 기타,안전거리미확보,건조,맑음,교차로 - 교차로안,화물,남,65세,상해없음,승용,여,44세,경상
2015082800100572,2015년 8월 28일 19시,금요일,제주특별자치도 제주시 한림읍,경상사고,0,0,1,0,차대차 - 기타,안전운전불이행,건조,기타,교차로 - 교차로안,승용,여,24세,상해없음,승용,여,54세,경상
2015082800100605,2015년 8월 28일 20시,금요일,제주특별자치도 제주시 외도일동,경상사고,0,0,1,0,차대사람 - 횡단중,보행자보호의무위반,건조,흐림,단일로 - 기타,승용,남,25세,상해없음,보행자,여,20세,경상
2015082800100689,2015년 8월 28일 23시,금요일,제주특별자치도 제주시 화북이동,경상사고,0,0,1,0,차대사람 - 기타,안전운전불이행,건조,맑음,단일로 - 기타,승용,여,33세,상해없음,보행자,남,39세,경상