사고번호,사고일시,요일,시군구,사고내용,사망자수,중상자수,경상자수,부상신고자수,사고유형,법규위반,노면상태,기상상태,도로형태,가해운전자 차종,가해운전자 성별,가해운전자 연령,가해운전자 상해정도,피해운전자 차종,피해운전자 성별,피해운전자 연령,피해운전자 상해정도
2015092500100657,2015년 9월 25일 18시,금요일,제주특별자치도 제주시 한림읍,사망사고,1,0,0,0,차대차 - 측면직각충돌,안전운전불이행,건조,맑음,교차로 - 교차로안,화물,남,43세,상해없음,자전거,남,57세,사망
2015092500100768,2015년 9월 25일 20시,금요일,제주특별자치도 서귀포시 표선면,사망사고,1,1,0,0,차대사람 - 횡단중,안전운전불이행,건조,맑음,교차로 - 교차로안,승합,남,49세,상해없음,보행자,남,14세,사망
2015092500100812,2015년 9월 25일 21시,금요일,제주특별자치도 서귀포시 서홍동,부상신고사고,0,0,0,1,차대차 - 기타,신호위반,건조,맑음,교차로 - 교차로안,자전거,남,14세,부상신고,승합,남,39세,상해없음
2015092600100087,2015년 9월 26일 03시,토요일,제주특별자치도 제주시 아라일동,중상사고,0,1,0,0,차대차 - 측면직각충돌,신호위반,건조,맑음,교차로 - 교차로안,승용,남,40세,상해없음,이륜,남,33세,중상
2015092600100228,2015년 9월 26일 10시,토요일,제주특별자치도 서귀포시 안덕면,부상신고사고,0,0,0,2,차대차 - 측면직각충돌,직진우회전진행방해,건조,맑음,교차로 - 교차로안,승용,남,49세,상해없음,승용,남,25세,상해없음
2015092600100255,2015년 9월 26일 11시,토요일,제주특별자치도 제주시 구좌읍,경상사고,0,0,1,0,차대차 - 측면직각충돌,안전운전불이행,건조,맑음,교차로 - 교차로안,승용,남,33세,상해없음,이륜,여,78세,경상
2015092600100316,2015년 9월 26일 13시,토요일,제주특별자치도 제주시 구좌읍,중상사고,0,1,3,0,차대차 - 정면충돌,중앙선침범,건조,맑음,단일로 - 기타,승용,남,32세,중상,승용,남,44세,경상
2015092600100346,2015년 9월 26일 14시,토요일,제주특별자치도 제주시 노형동,부상신고사고,0,0,0,1,차대사람 - 기타,안전운전불이행,건조,맑음,단일로 - 기타,승용,남,59세,상해없음,보행자,남,52세,부상신고
2015092600100369,2015년 9월 26일 15시,토요일,제주특별자치도 제주시 삼양이동,중상사고,0,1,0,0,차대차 - 측면직각충돌,안전운전불이행,건조,맑음,교차로 - 교차로부근,화물,남,76세,기타불명,승용,남,44세,중상
2015092600100401,2015년 9월 26일 16시,토요일,제주특별자치도 서귀포시 성산읍,경상사고,0,0,1,0,차대사람 - 기타,안전운전불이행,건조,맑음,단일로 - 기타,승용,남,62세,상해없음,보행자,여,52세,경상
2015092600100402,2015년 9월 26일 16시,토요일,제주특별자치도 제주시 노형동,경상사고,0,0,1,0,차대차 - 기타,안전거리미확보,건조,맑음,단일로 - 기타,원동기,남,18세,경상,승용,남,32세,기타불명
2015092700100101,2015년 9월 27일 08시,일요일,제주특별자치도 제주시 조천읍,경상사고,0,0,2,0,차대차 - 측면직각충돌,신호위반,건조,흐림,교차로 - 교차로안,승용,남,42세,경상,승용,여,52세,경상
2015092700100143,2015년 9월 27일 10시,일요일,제주특별자치도 서귀포시 하원동,사망사고,1,0,0,0,차량단독 - 기타,안전운전불이행,건조,맑음,단일로 - 기타,원동기,남,58세,사망,,,,
2015092700100203,2015년 9월 27일 12시,일요일,제주특별자치도 제주시 구좌읍,경상사고,0,0,4,0,차대차 - 측면직각충돌,안전운전불이행,건조,맑음,교차로 - 교차로안,승용,남,36세,상해없음,승용,여,44세,경상
2015092700100263,2015년 9월 27일 14시,일요일,제주특별자치도 제주시 조천읍,중상사고,0,2,1,0,차대차 - 정면충돌,중앙선침범,건조,맑음,단일로 - 기타,승용,남,33세,경상,승용,남,55세,중상
2015092700100264,2015년 9월 27일 14시,일요일,제주특별자치도 서귀포시 성산읍,경상사고,0,0,3,0,차대차 - 기타,안전운전불이행,건조,맑음,단일로 - 기타,승용,남,46세,상해없음,승용,남,28세,경상
2015092700100428,2015년 9월 27일 20시,일요일,제주특별자치도 제주시 연동,경상사고,0,0,1,0,차대사람 - 기타,안전운전불이행,건조,맑음,단일로 - 기타,승용,남,53세,상해없음,보행자,남,36세,경상
2015092800100137,2015년 9월 28일 11시,월요일,제주특별자치도 제주시 삼양일동,경상사고,0,0,1,0,차대차 - 기타,직진우회전진행방해,건조,맑음,교차로 - 교차로안,농기계,남,86세,경상,승용,여,60세,상해없음
2015092800100138,2015년 9월 28일 11시,월요일,제주특별자치도 서귀포시 표선면,경상사고,0,0,3,0,차대차 - 측면직각충돌,신호위반,건조,맑음,교차로 - 교차로안,승합,남,52세,경상,화물,여,48세,경상
2015092800100139,2015년 9월 28일 11시,월요일,제주특별자치도 제주시 노형동,중상사고,0,1,0,0,차대사람 - 횡단중,보행자보호의무위반,건조,맑음,교차로 - 교차로안,승용,남,35세,상해없음,보행자,남,13세,중상
2015092800100248,2015년 9월 28일 15시,월요일,제주특별자치도 제주시 구좌읍,경상사고,0,0,1,0,차대사람 - 기타,안전운전불이행,건조,흐림,단일로 - 기타,승합,남,55세,상해없음,보행자,남,65세,경상
2015092800100276,2015년 9월 28일 16시,월요일,제주특별자치도 제주시 우도면,경상사고,0,0,2,0,차대차 - 추돌 - 진행중,안전운전불이행,건조,맑음,단일로 - 기타,이륜,여,27세,경상,승용,남,22세,경상
2015092800100311,2015년 9월 28일 17시,월요일,제주특별자치도 서귀포시 동홍동,부상신고사고,0,0,0,1,차대차 - 기타,기타,건조,맑음,교차로 - 교차로안,이륜,남,22세,부상신고,승용,남,68세,상해없음
2015092800100312,2015년 9월 28일 17시,월요일,제주특별자치도 서귀포시 성산읍,경상사고,0,0,1,0,차대사람 - 기타,안전운전불이행,건조,맑음,단일로 - 기타,승용,남,53세,상해없음,보행자,여,29세,경상
2015092800100435,2015년 9월 28일 21시,월요일,제주특별자치도 제주시 삼도이동,경상사고,0,0,1,0,차대차 - 추돌 - 주정차중,안전운전불이행,기타,맑음,교차로 - 교차로부근,승용,남,35세,상해없음,승용,남,35세,경상
2015092900100222,2015년 9월 29일 13시,화요일,제주특별자치도 서귀포시 서홍동,중상사고,0,2,0,0,차대차 - 기타,교차로운행방법위반,건조,맑음,교차로 - 교차로안,승용,여,52세,상해없음,이륜,남,67세,중상
2015092900100259,2015년 9월 29일 14시,화요일,제주특별자치도 제주시 구좌읍,경상사고,0,0,1,0,차대차 - 기타,안전운전불이행,기타,맑음,단일로 - 기타,자전거,남,21세,경상,승용,여,36세,상해없음
2015092900100260,2015년 9월 29일 14시,화요일,제주특별자치도 서귀포시 중문동,부상신고사고,0,0,0,1,차대차 - 측면직각충돌,안전운전불이행,건조,맑음,단일로 - 기타,화물,남,76세,상해없음,자전거,남,27세,부상신고
2015092900100261,2015년 9월 29일 14시,화요일,제주특별자치도 서귀포시 안덕면,경상사고,0,0,5,0,차대차 - 추돌 - 주정차중,안전운전불이행,건조,맑음,교차로 - 교차로부근,승용,여,44세,상해없음,승합,남,48세,경상
2015092900100262,2015년 9월 29일 14시,화요일,제주특별자치도 제주시 한림읍,경상사고,0,0,1,0,차대차 - 측면직각충돌,안전운전불이행,건조,맑음,교차로 - 교차로안,승용,남,68세,상해없음,화물,남,65세,경상
2015092900100332,2015년 9월 29일 16시,화요일,제주특별자치도 서귀포시 성산읍,경상사고,0,0,2,0,차대차 - 기타,안전운전불이행,건조,맑음,단일로 - 기타,승용,여,54세,상해없음,승용,여,29세,경상
2015092900100333,2015년 9월 29일 16시,화요일,제주특별자치도 제주시 이호일동,부상신고사고,0,0,0,1,차량단독 - 전도전복,안전운전불이행,건조,맑음,단일로 - 기타,원동기,남,28세,부상신고,,,,
2015092900100358,2015년 9월 29일 17시,화요일,제주특별자치도 제주시 화북일동,경상사고,0,0,1,0,차대차 - 기타,기타,건조,맑음,교차로 - 교차로안,승용,남,57세,상해없음,자전거,남,8세,경상
2015092900100359,2015년 9월 29일 17시,화요일,제주특별자치도 제주시 용담이동,중상사고,0,1,1,0,차대차 - 측면직각충돌,신호위반,건조,맑음,교차로 - 교차로안,승용,남,72세,상해없음,승용,남,58세,중상
2015092900100399,2015년 9월 29일 18시,화요일,제주특별자치도 제주시 노형동,경상사고,0,0,1,0,차대사람 - 횡단중,안전운전불이행,건조,맑음,단일로 - 기타,승용,남,31세,상해없음,보행자,여,57세,경상
2015092900100441,2015년 9월 29일 19시,화요일,제주특별자치도 서귀포시 중문동,경상사고,0,0,1,0,차대사람 - 기타,안전운전불이행,건조,맑음,단일로 - 기타,승용,남,40세,기타불명,보행자,여,17세,경상
2015092900100442,2015년 9월 29일 19시,화요일,제주특별자치도 제주시 연동,경상사고,0,0,1,0,차대차 - 측면직각충돌,교차로운행방법위반,건조,맑음,교차로 - 교차로안,승용,남,55세,상해없음,승용,남,58세,경상
2015092900100549,2015년 9월 29일 23시,화요일,제주특별자치도 서귀포시 서홍동,중상사고,0,1,1,0,차대차 - 추돌 - 주정차중,안전운전불이행,건조,맑음,교차로 - 교차로부근,승용,남,19세,상해없음,승용,남,44세,중상
2015093000100017,2015년 9월 30일 00시,수요일,제주특별자치도 제주시 일도이동,경상사고,0,0,1,0,차량단독 - 공작물충돌,안전운전불이행,건조,맑음,교차로 - 교차로안,승용,남,26세,상해없음,,,,
2015093000100030,2015년 9월 30일 02시,수요일,제주특별자치도 서귀포시 서홍동,경상사고,0,0,2,0,차대차 - 기타,안전운전불이행,건조,맑음,교차로 - 교차로부근,승용,남,20세,상해없음,승용,남,24세,경상
2015093000100031,2015년 9월 30일 02시,수요일,제주특별자치도 제주시 노형동,중상사고,0,1,2,0,차대차 - 측면직각충돌,직진우회전진행방해,건조,맑음,교차로 - 교차로안,이륜,남,22세,중상,승용,남,26세,경상
2015093000100032,2015년 9월 30일 02시,수요일,제주특별자치도 제주시 용담이동,경상사고,0,0,1,0,차량단독 - 공작물충돌,안전운전불이행,건조,맑음,단일로 - 기타,승용,남,46세,경상,,,,
2015093000100102,2015년 9월 30일 07시,수요일,제주특별자치도 제주시 삼양이동,경상사고,0,0,1,0,차대차 - 기타,안전운전불이행,기타,맑음,교차로 - 교차로안,승용,여,22세,상해없음,승용,남,48세,경상
2015093000100103,2015년 9월 30일 07시,수요일,제주특별자치도 서귀포시 안덕면,경상사고,0,0,2,1,차대차 - 추돌 - 주정차중,안전운전불이행,습기,흐림,단일로 - 기타,승용,남,39세,부상신고,승합,남,57세,경상
2015093000100146,2015년 9월 30일 08시,수요일,제주특별자치도 제주시 오라이동,경상사고,0,0,1,0,차대차 - 추돌 - 진행중,안전거리미확보,습기,비,교차로 - 교차로부근,승용,여,33세,상해없음,화물,남,55세,상해없음
2015093000100147,2015년 9월 30일 08시,수요일,제주특별자치도 서귀포시 동홍동,중상사고,0,3,0,0,차대차 - 측면직각충돌,중앙선침범,습기,비,단일로 - 기타,승합,여,34세,중상,승용,여,41세,중상
2015093000100218,2015년 9월 30일 10시,수요일,제주특별자치도 제주시 일도이동,경상사고,0,0,2,0,차대차 - 측면직각충돌,교차로운행방법위반,습기,비,교차로 - 교차로안,승용,여,52세,상해없음,승용,여,48세,경상
2015093000100281,2015년 9월 30일 12시,수요일,제주특별자치도 제주시 노형동,중상사고,0,1,0,0,차대사람 - 횡단중,보행자보호의무위반,습기,비,교차로 - 교차로안,승용,여,42세,상해없음,보행자,여,42세,중상
2015093000100424,2015년 9월 30일 16시,수요일,제주특별자치도 제주시 오라이동,중상사고,0,1,0,0,차량단독 - 전도전복,안전운전불이행,건조,맑음,단일로 - 기타,승용,남,32세,중상,,,,
2015093000100425,2015년 9월 30일 16시,수요일,제주특별자치도 서귀포시 서홍동,경상사고,0,0,1,0,차대사람 - 기타,신호위반,습기,비,교차로 - 교차로부근,승용,여,47세,상해없음,보행자,남,9세,경상
2015093000100426,2015년 9월 30일 16시,수요일,제주특별자치도 제주시 노형동,경상사고,0,0,1,0,차대차 - 측면직각충돌,신호위반,습기,비,교차로 - 교차로안,승용,여,47세,상해없음,승용,남,30세,경상
2015093000100427,2015년 9월 30일 16시,수요일,제주특별자치도 제주시 애월읍,중상사고,0,1,1,0,차량단독 - 전도전복,안전운전불이행,습기,비,단일로 - 기타,승용,남,31세,경상,,,,
2015093000100428,2015년 9월 30일 16시,수요일,제주특별자치도 제주시 연동,경상사고,0,0,1,0,차대차 - 추돌 - 진행중,직진우회전진행방해,습기,비,교차로 - 교차로안,이륜,남,31세,경상,승용,남,40세,상해없음
2015093000100429,2015년 9월 30일 16시,수요일,제주특별자치도 제주시 노형동,중상사고,0,1,0,0,차대사람 - 횡단중,안전운전불이행,습기,비,단일로 - 기타,승용,여,42세,상해없음,보행자,여,44세,중상
2015093000100462,2015년 9월 30일 17시,수요일,제주특별자치도 제주시 애월읍,경상사고,0,0,1,0,차대차 - 기타,직진우회전진행방해,습기,비,교차로 - 교차로안,승용,남,53세,상해없음,승용,남,33세,경상
2015093000100519,2015년 9월 30일 18시,수요일,제주특별자치도 제주시 노형동,중상사고,0,1,3,0,차대차 - 측면직각충돌,직진우회전진행방해,습기,비,교차로 - 교차로안,승용,남,61세,경상,승용,남,57세,경상
2015093000100551,2015년 9월 30일 19시,수요일,제주특별자치도 서귀포시 동홍동,경상사고,0,0,1,0,차대차 - 기타,교차로운행방법위반,습기,비,교차로 - 교차로안,승용,여,46세,상해없음,이륜,남,22세,경상
2015093000100618,2015년 9월 30일 21시,수요일,제주특별자치도 서귀포시 서홍동,중상사고,0,1,0,0,차대차 - 추돌 - 진행중,안전운전불이행,습기,비,교차로 - 교차로부근,승용,남,60세,상해없음,승용,여,37세,중상
2015100100100025,2015년 10월 1일 00시,목요일,제주특별자치도 제주시 도남동,경상사고,0,0,1,0,차대차 - 추돌 - 주정차중,안전거리미확보,습기,비,단일로 - 기타,승용,여,53세,상해없음,승용,남,65세,상해없음
2015100100100063,2015년 10월 1일 02시,목요일,제주특별자치도 제주시 건입동,경상사고,0,0,1,0,차대사람 - 기타,안전운전불이행,습기,비,단일로 - 기타,승용,남,28세,상해없음,보행자,여,61세,경상
2015100100100171,2015년 10월 1일 08시,목요일,제주특별자치도 서귀포시 도순동,부상신고사고,0,0,0,1,차대차 - 기타,신호위반,습기,흐림,교차로 - 교차로안,승합,남,30세,부상신고,승용,여,25세,상해없음
2015100100100425,2015년 10월 1일 16시,목요일,제주특별자치도 제주시 조천읍,부상신고사고,0,0,0,1,차대차 - 기타,안전운전불이행,건조,맑음,교차로 - 교차로부근,자전거,남,14세,부상신고,승용,남,47세,기타불명
2015100100100426,2015년 10월 1일 16시,목요일,제주특별자치도 서귀포시 서호동,중상사고,0,1,0,0,차대차 - 기타,교차로운행방법위반,습기,비,교차로 - 교차로안,승용,여,36세,상해없음,이륜,남,32세,중상
2015100100100427,2015년 10월 1일 16시,목요일,제주특별자치도 서귀포시 호근동,경상사고,0,0,2,1,차대차 - 추돌 - 주정차중,안전거리미확보,습기,비,교차로 - 교차로부근,승용,남,45세,부상신고,승용,남,30세,경상
2015100100100455,2015년 10월 1일 17시,목요일,제주특별자치도 제주시 삼도일동,경상사고,0,0,1,0,차대사람 - 횡단중,안전운전불이행,습기,비,단일로 - 기타,승용,여,50세,상해없음,보행자,남,83세,경상
2015100100100456,2015년 10월 1일 17시,목요일,제주특별자치도 제주시 아라이동,경상사고,0,0,1,1,차대차 - 추돌 - 진행중,신호위반,습기,비,교차로 - 교차로안,승용,여,52세,부상신고,승용,남,60세,경상
2015100100100457,2015년 10월 1일 17시,목요일,제주특별자치도 제주시 아라이동,경상사고,0,0,1,0,차대차 - 기타,안전운전불이행,습기,비,단일로 - 기타,승용,남,22세,상해없음,승용,남,42세,경상
2015100100100458,2015년 10월 1일 17시,목요일,제주특별자치도 제주시 연동,부상신고사고,0,0,0,1,차대사람 - 기타,안전운전불이행,건조,맑음,교차로 - 교차로안,기타불명,기타불명,기타불명,기타불명,보행자,남,14세,부상신고
2015100100100499,2015년 10월 1일 18시,목요일,제주특별자치도 서귀포시 강정동,중상사고,0,1,0,0,차대사람 - 횡단중,안전운전불이행,습기,흐림,단일로 - 기타,승용,남,33세,상해없음,보행자,남,43세,중상
2015100100100500,2015년 10월 1일 18시,목요일,제주특별자치도 제주시 용담이동,경상사고,0,0,3,0,차대차 - 기타,안전운전불이행,건조,맑음,교차로 - 교차로부근,승합,남,37세,상해없음,승용,남,64세,상해없음
2015100100100535,2015년 10월 1일 19시,목요일,제주특별자치도 서귀포시 안덕면,사망사고,1,0,0,1,차량단독 - 기타,안전운전불이행,습기,비,단일로 - 기타,화물,남,46세,부상신고,,,,
2015100100100563,2015년 10월 1일 20시,목요일,제주특별자치도 제주시 영평동,경상사고,0,0,3,0,차대차 - 추돌 - 진행중,안전거리미확보,건조,맑음,단일로 - 기타,승용,남,47세,상해없음,승용,여,34세,경상
2015100100100564,2015년 10월 1일 20시,목요일,제주특별자치도 서귀포시 표선면,중상사고,0,1,2,0,차대차 - 기타,신호위반,건조,흐림,교차로 - 교차로안,승용,남,45세,상해없음,승용,남,38세,경상
2015100100100592,2015년 10월 1일 21시,목요일,제주특별자치도 제주시 용담이동,경상사고,0,0,1,0,차대차 - 추돌 - 주정차중,안전운전불이행,건조,흐림,단일로 - 기타,승용,남,63세,상해없음,승용,남,23세,경상
2015100100100621,2015년 10월 1일 22시,목요일,제주특별자치도 제주시 노형동,경상사고,0,0,1,0,차대사람 - 횡단중,보행자보호의무위반,건조,맑음,단일로 - 기타,승용,남,33세,상해없음,보행자,여,22세,경상
2015100200100060,2015년 10월 2일 05시,금요일,제주특별자치도 제주시 건입동,중상사고,0,1,0,0,차대사람 - 기타,안전운전불이행,기타,맑음,단일로 - 기타,승용,여,63세,상해없음,보행자,남,38세,중상
2015100200100072,2015년 10월 2일 06시,금요일,제주특별자치도 서귀포시 성산읍,경상사고,0,0,1,0,차대차 - 기타,안전운전불이행,건조,맑음,단일로 - 기타,화물,남,41세,상해없음,이륜,여,79세,경상
2015100200100151,2015년 10월 2일 08시,금요일,제주특별자치도 서귀포시 서홍동,중상사고,0,1,0,0,차대차 - 기타,안전운전불이행,건조,맑음,교차로 - 교차로부근,승용,여,26세,상해없음,이륜,남,52세,중상
2015100200100195,2015년 10월 2일 09시,금요일,제주특별자치도 제주시 노형동,경상사고,0,0,1,0,차대차 - 기타,안전거리미확보,건조,맑음,교차로 - 교차로부근,화물,남,54세,상해없음,승용,여,41세,상해없음
2015100200100196,2015년 10월 2일 09시,금요일,제주특별자치도 제주시 해안동,중상사고,0,1,1,0,차대차 - 정면충돌,안전운전불이행,건조,맑음,단일로 - 기타,승용,남,26세,경상,승용,남,53세,중상
2015100200100294,2015년 10월 2일 12시,금요일,제주특별자치도 서귀포시 서귀동,경상사고,0,0,1,0,차대사람 - 기타,안전운전불이행,건조,맑음,교차로 - 교차로부근,승용,남,45세,상해없음,보행자,남,35세,경상
2015100200100338,2015년 10월 2일 13시,금요일,제주특별자치도 서귀포시 대정읍,중상사고,0,1,1,0,차대차 - 기타,직진우회전진행방해,건조,맑음,교차로 - 교차로안,승용,남,44세,상해없음,승용,여,63세,경상
2015100200100339,2015년 10월 2일 13시,금요일,제주특별자치도 제주시 용담이동,중상사고,0,1,0,0,차대사람 - 기타,안전운전불이행,건조,맑음,교차로 - 교차로안,승용,여,33세,상해없음,보행자,남,47세,중상
2015100200100340,2015년 10월 2일 13시,금요일,제주특별자치도 제주시 연동,부상신고사고,0,0,0,1,차대차 - 추돌 - 진행중,교차로운행방법위반,건조,맑음,교차로 - 교차로안,승용,남,41세,부상신고,승용,남,36세,기타불명
2015100200100380,2015년 10월 2일 14시,금요일,제주특별자치도 제주시 용담이동,부상신고사고,0,0,0,1,차대차 - 기타,직진우회전진행방해,건조,맑음,교차로 - 교차로안,이륜,남,55세,부상신고,승용,여,28세,상해없음
2015100200100518,2015년 10월 2일 17시,금요일,제주특별자치도 제주시 한림읍,경상사고,0,0,1,0,차량단독 - 공작물충돌,안전운전불이행,건조,맑음,단일로 - 기타,이륜,남,18세,경상,,,,
2015100200100519,2015년 10월 2일 17시,금요일,제주특별자치도 제주시 한림읍,경상사고,0,0,2,0,차대차 - 기타,신호위반,건조,맑음,교차로 - 교차로안,화물,남,71세,상해없음,승합,남,37세,경상
2015100200100567,2015년 10월 2일 18시,금요일,제주특별자치도 서귀포시 상예동,경상사고,0,0,1,0,차대차 - 측면직각충돌,직진우회전진행방해,건조,맑음,교차로 - 교차로안,화물,남,68세,상해없음,승용,남,34세,경상
2015100200100568,2015년 10월 2일 18시,금요일,제주특별자치도 서귀포시 서호동,중상사고,0,1,0,0,차량단독 - 기타,기타,건조,맑음,단일로 - 기타,승합,남,53세,기타불명,,,,
2015100200100569,2015년 10월 2일 18시,금요일,제주특별자치도 제주시 연동,부상신고사고,0,0,0,2,차대차 - 추돌 - 주정차중,안전운전불이행,건조,맑음,기타 - 기타,기타불명,기타불명,기타불명,기타불명,승용,여,25세,부상신고
2015100200100664,2015년 10월 2일 20시,금요일,제주특별자치도 제주시 조천읍,사망사고,1,0,0,0,차대사람 - 기타,안전운전불이행,건조,맑음,기타 - 기타,승용,남,37세,상해없음,보행자,여,1세,사망
2015100200100737,2015년 10월 2일 22시,금요일,제주특별자치도 제주시 연동,경상사고,0,0,1,0,차량단독 - 기타,안전운전불이행,건조,맑음,교차로 - 교차로안,승용,남,57세,상해없음,,,,
2015100200100763,2015년 10월 2일 23시,금요일,제주특별자치도 서귀포시 동홍동,부상신고사고,0,0,0,1,차대사람 - 횡단중,보행자보호의무위반,건조,맑음,단일로 - 횡단보도상,기타불명,기타불명,기타불명,기타불명,보행자,남,18세,부상신고
2015100300100045,2015년 10월 3일 01시,토요일,제주특별자치도 제주시 일도이동,경상사고,0,0,1,0,차대차 - 추돌 - 주정차중,안전운전불이행,건조,맑음,교차로 - 교차로부근,승용,여,30세,상해없음,승용,남,62세,경상
2015100300100046,2015년 10월 3일 01시,토요일,제주특별자치도 제주시 오라이동,경상사고,0,0,1,0,차대차 - 추돌 - 진행중,교차로운행방법위반,건조,맑음,교차로 - 교차로안,승용,남,49세,상해없음,승용,남,58세,상해없음
2015100300100047,2015년 10월 3일 01시,토요일,제주특별자치도 서귀포시 호근동,경상사고,0,0,1,0,차량단독 - 전도전복,안전운전불이행,건조,맑음,단일로 - 기타,이륜,남,29세,경상,,,,
2015100300100064,2015년 10월 3일 02시,토요일,제주특별자치도 제주시 용담이동,중상사고,0,1,0,0,차대차 - 측면직각충돌,교차로운행방법위반,건조,맑음,교차로 - 교차로안,승용,남,36세,상해없음,이륜,여,20세,중상
2015100300100092,2015년 10월 3일 04시,토요일,제주특별자치도 서귀포시 서귀동,중상사고,0,1,0,0,차대사람 - 기타,안전운전불이행,건조,맑음,교차로 - 교차로부근,승용,남,63세,상해없음,보행자,여,34세,중상
2015100300100134,2015년 10월 3일 07시,토요일,제주특별자치도 제주시 외도이동,중상사고,0,1,1,0,차대차 - 정면충돌,중앙선침범,건조,맑음,단일로 - 기타,승용,남,22세,상해없음,화물,남,32세,중상
2015100300100149,2015년 10월 3일 08시,토요일,제주특별자치도 서귀포시 표선면,사망사고,1,1,0,0,차대차 - 정면충돌,중앙선침범,건조,맑음,단일로 - 기타,승용,남,32세,사망,화물,남,49세,중상
2015100300100230,2015년 10월 3일 11시,토요일,제주특별자치도 제주시 조천읍,사망사고,1,0,0,0,차량단독 - 공작물충돌,안전운전불이행,건조,맑음,단일로 - 기타,이륜,남,30세,사망,,,,
2015100300100231,2015년 10월 3일 11시,토요일,제주특별자치도 제주시 구좌읍,경상사고,0,0,1,0,차대사람 - 기타,안전운전불이행,건조,맑음,교차로 - 교차로안,승용,남,43세,상해없음,보행자,남,27세,경상
2015100300100232,2015년 10월 3일 11시,토요일,제주특별자치도 제주시 용담이동,경상사고,0,0,1,0,차대차 - 측면직각충돌,안전거리미확보,건조,맑음,단일로 - 기타,승합,남,43세,상해없음,승용,남,46세,경상
2015100300100271,2015년 10월 3일 12시,토요일,제주특별자치도 제주시 이도이동,경상사고,0,0,1,0,차대차 - 추돌 - 진행중,안전운전불이행,건조,맑음,단일로 - 횡단보도상,승용,남,54세,상해없음,자전거,남,78세,경상
2015100300100381,2015년 10월 3일 15시,토요일,제주특별자치도 서귀포시 남원읍,중상사고,0,1,2,1,차대차 - 기타,중앙선침범,건조,맑음,단일로 - 기타,화물,남,66세,부상신고,승용,여,38세,중상
2015100300100516,2015년 10월 3일 18시,토요일,제주특별자치도 제주시 화북일동,경상사고,0,0,1,0,차대차 - 측면직각충돌,안전거리미확보,건조,맑음,단일로 - 기타,승용,남,58세,상해없음,원동기,남,54세,경상
2015100400100012,2015년 10월 4일 00시,일요일,제주특별자치도 서귀포시 성산읍,부상신고사고,0,0,0,1,차대차 - 추돌 - 주정차중,안전운전불이행,건조,맑음,단일로 - 기타,승용,여,35세,부상신고,승용,여,52세,상해없음
2015100400100093,2015년 10월 4일 06시,일요일,제주특별자치도 제주시 일도이동,경상사고,0,0,1,0,차대차 - 측면직각충돌,신호위반,건조,맑음,교차로 - 교차로안,승용,남,32세,상해없음,이륜,남,70세,경상
2015100400100155,2015년 10월 4일 10시,일요일,제주특별자치도 제주시 조천읍,경상사고,0,0,1,0,차량단독 - 전도전복,안전운전불이행,건조,맑음,단일로 - 기타,승용,여,56세,경상,,,,
2015100400100280,2015년 10월 4일 15시,일요일,제주특별자치도 서귀포시 색달동,중상사고,0,1,0,0,차대차 - 기타,안전운전불이행,건조,맑음,단일로 - 기타,승용,남,29세,상해없음,승용,남,44세,중상
2015100400100281,2015년 10월 4일 15시,일요일,제주특별자치도 서귀포시 동홍동,중상사고,0,1,0,0,차대사람 - 기타,안전운전불이행,건조,맑음,단일로 - 기타,승용,여,53세,상해없음,보행자,여,52세,중상
2015100400100282,2015년 10월 4일 15시,일요일,제주특별자치도 제주시 연동,경상사고,0,0,2,0,차대차 - 기타,안전거리미확보,건조,흐림,단일로 - 기타,승용,여,23세,상해없음,승용,남,46세,경상
2015100400100345,2015년 10월 4일 17시,일요일,제주특별자치도 제주시 연동,중상사고,0,1,0,0,차대차 - 기타,안전운전불이행,건조,맑음,단일로 - 기타,승용,남,46세,상해없음,이륜,남,46세,중상
2015100400100346,2015년 10월 4일 17시,일요일,제주특별자치도 제주시 애월읍,경상사고,0,0,1,0,차대차 - 기타,안전운전불이행,건조,맑음,단일로 - 기타,승합,남,54세,상해없음,승합,남,36세,경상
2015100400100500,2015년 10월 4일 23시,일요일,제주특별자치도 제주시 연동,경상사고,0,0,1,0,차대차 - 측면직각충돌,안전운전불이행,건조,흐림,단일로 - 기타,화물,남,53세,상해없음,승합,남,50세,경상
2015100500100026,2015년 10월 5일 01시,월요일,제주특별자치도 제주시 건입동,경상사고,0,0,3,0,차대차 - 추돌 - 주정차중,안전거리미확보,건조,맑음,교차로 - 교차로부근,승용,여,61세,상해없음,승용,남,52세,경상
2015100500100068,2015년 10월 5일 06시,월요일,제주특별자치도 제주시 건입동,경상사고,0,0,1,0,차대차 - 측면직각충돌,안전운전불이행,건조,맑음,교차로 - 교차로안,이륜,남,66세,경상,승합,여,46세,상해없음
2015100500100221,2015년 10월 5일 10시,월요일,제주특별자치도 제주시 화북일동,경상사고,0,0,1,0,차대차 - 기타,직진우회전진행방해,건조,맑음,교차로 - 교차로안,승용,남,37세,상해없음,승용,여,51세,경상
2015100500100222,2015년 10월 5일 10시,월요일,제주특별자치도 서귀포시 강정동,경상사고,0,0,3,0,차대차 - 측면직각충돌,직진우회전진행방해,건조,맑음,교차로 - 교차로안,승용,남,42세,경상,승용,여,23세,경상
2015100500100223,2015년 10월 5일 10시,월요일,제주특별자치도 제주시 애월읍,경상사고,0,0,2,0,차대차 - 측면직각충돌,직진우회전진행방해,건조,맑음,교차로 - 교차로안,승용,남,58세,경상,승용,남,34세,경상