사고번호,사고일시,요일,시군구,사고내용,사망자수,중상자수,경상자수,부상신고자수,사고유형,법규위반,노면상태,기상상태,도로형태,가해운전자 차종,가해운전자 성별,가해운전자 연령,가해운전자 상해정도,피해운전자 차종,피해운전자 성별,피해운전자 연령,피해운전자 상해정도
2015102000100713,2015년 10월 20일 23시,화요일,제주특별자치도 서귀포시 색달동,경상사고,0,0,1,0,차대사람 - 기타,중앙선침범,건조,맑음,단일로 - 기타,승합,남,45세,기타불명,보행자,남,32세,경상
2015102100100015,2015년 10월 21일 00시,수요일,제주특별자치도 제주시 이도이동,경상사고,0,0,3,0,차대차 - 측면직각충돌,직진우회전진행방해,건조,맑음,교차로 - 교차로안,승용,남,58세,경상,승용,남,54세,경상
2015102100100108,2015년 10월 21일 07시,수요일,제주특별자치도 제주시 연동,경상사고,0,0,2,0,차대차 - 측면직각충돌,안전운전불이행,건조,맑음,기타 - 기타,승용,여,23세,상해없음,승용,여,51세,경상
2015102100100145,2015년 10월 21일 08시,수요일,제주특별자치도 제주시 화북일동,경상사고,0,0,1,0,차대차 - 기타,안전운전불이행,건조,맑음,교차로 - 교차로부근,승용,여,38세,상해없음,자전거,남,15세,경상
2015102100100178,2015년 10월 21일 09시,수요일,제주특별자치도 제주시 건입동,경상사고,0,0,2,0,차대차 - 기타,교차로운행방법위반,건조,맑음,교차로 - 교차로안,승합,남,67세,상해없음,화물,남,43세,경상
2015102100100179,2015년 10월 21일 09시,수요일,제주특별자치도 제주시 조천읍,경상사고,0,0,1,0,차대사람 - 차도통행중,안전운전불이행,건조,맑음,단일로 - 기타,승용,여,54세,상해없음,보행자,남,55세,경상
2015102100100207,2015년 10월 21일 10시,수요일,제주특별자치도 서귀포시 성산읍,경상사고,0,0,1,0,차대차 - 기타,직진우회전진행방해,건조,맑음,교차로 - 교차로안,승합,남,37세,상해없음,화물,남,72세,경상
2015102100100231,2015년 10월 21일 11시,수요일,제주특별자치도 서귀포시 토평동,중상사고,0,1,2,0,차대차 - 측면직각충돌,교차로운행방법위반,건조,맑음,교차로 - 교차로안,화물,남,74세,경상,승용,남,34세,경상
2015102100100232,2015년 10월 21일 11시,수요일,제주특별자치도 서귀포시 대정읍,경상사고,0,0,2,0,차대차 - 기타,중앙선침범,건조,맑음,단일로 - 기타,승합,남,63세,상해없음,승용,여,48세,경상
2015102100100252,2015년 10월 21일 12시,수요일,제주특별자치도 제주시 삼도일동,경상사고,0,0,1,0,차대사람 - 보도통행중,기타,건조,맑음,단일로 - 기타,원동기,여,67세,상해없음,보행자,남,48세,경상
2015102100100253,2015년 10월 21일 12시,수요일,제주특별자치도 서귀포시 안덕면,중상사고,0,2,0,0,차대차 - 측면직각충돌,직진우회전진행방해,건조,맑음,교차로 - 교차로안,승용,남,25세,상해없음,승용,남,41세,중상
2015102100100277,2015년 10월 21일 13시,수요일,제주특별자치도 제주시 한림읍,경상사고,0,0,1,0,차대차 - 기타,안전운전불이행,건조,맑음,단일로 - 기타,기타불명,기타불명,기타불명,기타불명,원동기,남,68세,상해없음
2015102100100454,2015년 10월 21일 18시,수요일,제주특별자치도 제주시 구좌읍,중상사고,0,1,1,0,차대사람 - 횡단중,보행자보호의무위반,건조,맑음,교차로 - 교차로부근,이륜,남,18세,경상,보행자,여,39세,중상
2015102100100455,2015년 10월 21일 18시,수요일,제주특별자치도 서귀포시 서홍동,중상사고,0,1,0,0,차대사람 - 횡단중,보행자보호의무위반,건조,맑음,단일로 - 기타,승용,남,54세,상해없음,보행자,여,64세,중상
2015102100100456,2015년 10월 21일 18시,수요일,제주특별자치도 서귀포시 남원읍,중상사고,0,1,0,1,차대차 - 추돌 - 주정차중,안전운전불이행,건조,맑음,교차로 - 교차로부근,승용,남,38세,부상신고,승용,남,53세,중상
2015102100100457,2015년 10월 21일 18시,수요일,제주특별자치도 서귀포시 안덕면,부상신고사고,0,0,0,1,차대차 - 기타,안전운전불이행,건조,맑음,단일로 - 기타,원동기,남,83세,부상신고,화물,남,38세,상해없음
2015102100100494,2015년 10월 21일 19시,수요일,제주특별자치도 제주시 용담일동,경상사고,0,0,2,0,차대차 - 측면직각충돌,직진우회전진행방해,건조,맑음,교차로 - 교차로안,승용,남,69세,경상,승용,여,46세,경상
2015102100100495,2015년 10월 21일 19시,수요일,제주특별자치도 제주시 연동,부상신고사고,0,0,0,1,차대사람 - 길가장자리구역통행중,안전운전불이행,건조,맑음,교차로 - 교차로안,기타불명,기타불명,기타불명,기타불명,보행자,여,47세,부상신고
2015102100100557,2015년 10월 21일 21시,수요일,제주특별자치도 제주시 일도이동,경상사고,0,0,1,0,차대차 - 정면충돌,교차로운행방법위반,건조,맑음,교차로 - 교차로부근,승용,남,52세,상해없음,원동기,남,33세,경상
2015102200100032,2015년 10월 22일 01시,목요일,제주특별자치도 제주시 연동,중상사고,0,1,0,0,차대차 - 추돌 - 진행중,안전운전불이행,건조,맑음,단일로 - 기타,승용,남,21세,상해없음,원동기,남,39세,중상
2015102200100067,2015년 10월 22일 05시,목요일,제주특별자치도 제주시 애월읍,경상사고,0,0,1,0,차량단독 - 기타,안전운전불이행,건조,맑음,단일로 - 기타,승용,여,71세,경상,,,,
2015102200100083,2015년 10월 22일 06시,목요일,제주특별자치도 제주시 애월읍,경상사고,0,0,1,0,차량단독 - 기타,안전운전불이행,건조,맑음,단일로 - 기타,승용,여,44세,경상,,,,
2015102200100105,2015년 10월 22일 07시,목요일,제주특별자치도 제주시 도련일동,경상사고,0,0,1,0,차대차 - 추돌 - 진행중,안전운전불이행,건조,맑음,단일로 - 기타,승용,여,21세,상해없음,승용,여,59세,경상
2015102200100106,2015년 10월 22일 07시,목요일,제주특별자치도 서귀포시 호근동,경상사고,0,0,1,0,차대차 - 기타,직진우회전진행방해,건조,맑음,교차로 - 교차로안,승용,남,55세,상해없음,승용,남,59세,상해없음
2015102200100194,2015년 10월 22일 09시,목요일,제주특별자치도 제주시 애월읍,경상사고,0,0,1,0,차량단독 - 도로외이탈 - 추락,안전운전불이행,건조,맑음,단일로 - 기타,건설기계,남,52세,경상,,,,
2015102200100233,2015년 10월 22일 10시,목요일,제주특별자치도 제주시 삼도일동,중상사고,0,1,0,0,차대사람 - 횡단중,안전운전불이행,건조,맑음,단일로 - 기타,승용,남,39세,상해없음,보행자,여,79세,중상
2015102200100324,2015년 10월 22일 13시,목요일,제주특별자치도 제주시 노형동,경상사고,0,0,1,0,차대차 - 추돌 - 진행중,안전운전불이행,건조,맑음,교차로 - 교차로안,승용,남,56세,상해없음,승용,여,45세,경상
2015102200100354,2015년 10월 22일 14시,목요일,제주특별자치도 제주시 노형동,중상사고,0,1,0,0,차대사람 - 기타,안전운전불이행,건조,맑음,단일로 - 기타,승용,남,42세,상해없음,보행자,여,86세,중상
2015102200100428,2015년 10월 22일 16시,목요일,제주특별자치도 서귀포시 서귀동,경상사고,0,0,2,0,차대차 - 추돌 - 주정차중,안전거리미확보,건조,맑음,교차로 - 교차로부근,승용,여,54세,상해없음,승용,여,29세,경상
2015102200100463,2015년 10월 22일 17시,목요일,제주특별자치도 제주시 용담이동,경상사고,0,0,1,0,차대차 - 추돌 - 진행중,교차로운행방법위반,건조,맑음,교차로 - 교차로안,승용,남,57세,기타불명,승용,남,50세,경상
2015102200100518,2015년 10월 22일 18시,목요일,제주특별자치도 제주시 화북일동,경상사고,0,0,1,0,차대차 - 기타,안전거리미확보,건조,맑음,단일로 - 기타,승용,여,31세,상해없음,승합,남,41세,상해없음
2015102200100519,2015년 10월 22일 18시,목요일,제주특별자치도 제주시 연동,경상사고,0,0,3,0,차대차 - 기타,안전운전불이행,건조,맑음,기타 - 기타,승용,남,28세,기타불명,승용,여,27세,경상
2015102200100520,2015년 10월 22일 18시,목요일,제주특별자치도 제주시 한경면,사망사고,1,0,0,0,차대사람 - 횡단중,안전운전불이행,건조,맑음,교차로 - 교차로부근,화물,남,56세,상해없음,보행자,여,73세,사망
2015102200100521,2015년 10월 22일 18시,목요일,제주특별자치도 제주시 한경면,중상사고,0,2,2,1,차대차 - 측면직각충돌,교차로운행방법위반,건조,맑음,교차로 - 교차로안,승합,남,37세,상해없음,승용,여,67세,중상
2015102200100581,2015년 10월 22일 19시,목요일,제주특별자치도 제주시 오라삼동,경상사고,0,0,1,0,차대차 - 추돌 - 진행중,안전거리미확보,건조,맑음,단일로 - 기타,승용,여,29세,상해없음,승용,여,48세,경상
2015102300100051,2015년 10월 23일 02시,금요일,제주특별자치도 제주시 조천읍,경상사고,0,0,1,0,차량단독 - 공작물충돌,안전운전불이행,기타,맑음,단일로 - 기타,이륜,남,36세,경상,,,,
2015102300100113,2015년 10월 23일 07시,금요일,제주특별자치도 제주시 화북일동,경상사고,0,0,1,0,차대차 - 기타,안전운전불이행,건조,맑음,단일로 - 기타,승용,남,57세,상해없음,자전거,남,16세,경상
2015102300100185,2015년 10월 23일 09시,금요일,제주특별자치도 제주시 애월읍,중상사고,0,1,0,0,차대차 - 측면직각충돌,안전운전불이행,건조,맑음,단일로 - 기타,화물,남,41세,상해없음,원동기,여,29세,중상
2015102300100282,2015년 10월 23일 12시,금요일,제주특별자치도 제주시 이도이동,중상사고,0,3,1,0,차대차 - 기타,안전거리미확보,기타,맑음,단일로 - 기타,건설기계,남,51세,상해없음,승용,여,50세,중상
2015102300100283,2015년 10월 23일 12시,금요일,제주특별자치도 서귀포시 서홍동,중상사고,0,1,0,0,차대사람 - 기타,안전운전불이행,건조,맑음,교차로 - 교차로안,화물,남,81세,상해없음,보행자,여,64세,중상
2015102300100364,2015년 10월 23일 14시,금요일,제주특별자치도 서귀포시 서귀동,경상사고,0,0,1,0,차대사람 - 기타,안전운전불이행,건조,맑음,단일로 - 기타,승용,여,54세,상해없음,보행자,여,79세,경상
2015102300100395,2015년 10월 23일 15시,금요일,제주특별자치도 제주시 구좌읍,중상사고,0,1,1,0,차대차 - 기타,신호위반,기타,맑음,교차로 - 교차로안,이륜,여,74세,중상,승용,남,46세,경상
2015102300100396,2015년 10월 23일 15시,금요일,제주특별자치도 제주시 연동,경상사고,0,0,1,0,차대차 - 추돌 - 진행중,교차로운행방법위반,건조,맑음,교차로 - 교차로안,자전거,남,14세,경상,승용,남,52세,상해없음
2015102300100487,2015년 10월 23일 17시,금요일,제주특별자치도 제주시 용담이동,경상사고,0,0,1,0,차대차 - 정면충돌,안전운전불이행,건조,맑음,교차로 - 교차로안,승용,남,45세,상해없음,승용,남,53세,경상
2015102300100558,2015년 10월 23일 18시,금요일,제주특별자치도 제주시 건입동,경상사고,0,0,1,0,차대차 - 기타,안전거리미확보,건조,맑음,교차로 - 교차로부근,승용,여,20세,경상,승합,남,40세,상해없음
2015102300100559,2015년 10월 23일 18시,금요일,제주특별자치도 서귀포시 도순동,중상사고,0,1,1,0,차대차 - 기타,직진우회전진행방해,건조,맑음,단일로 - 기타,승용,남,23세,상해없음,승용,여,26세,중상
2015102300100560,2015년 10월 23일 18시,금요일,제주특별자치도 서귀포시 남원읍,중상사고,0,1,0,0,차대사람 - 기타,안전운전불이행,건조,맑음,교차로 - 교차로안,화물,남,46세,상해없음,보행자,남,56세,중상
2015102300100561,2015년 10월 23일 18시,금요일,제주특별자치도 제주시 애월읍,경상사고,0,0,3,0,차대차 - 추돌 - 주정차중,안전운전불이행,건조,맑음,단일로 - 기타,승용,남,33세,상해없음,승용,남,51세,상해없음
2015102300100629,2015년 10월 23일 19시,금요일,제주특별자치도 제주시 조천읍,경상사고,0,0,1,0,차대차 - 추돌 - 진행중,안전거리미확보,건조,맑음,단일로 - 기타,화물,남,48세,상해없음,승용,남,48세,경상
2015102300100630,2015년 10월 23일 19시,금요일,제주특별자치도 제주시 오라이동,경상사고,0,0,1,0,차대차 - 추돌 - 진행중,신호위반,건조,맑음,교차로 - 교차로안,승용,여,66세,상해없음,승용,남,31세,경상
2015102300100631,2015년 10월 23일 19시,금요일,제주특별자치도 제주시 노형동,부상신고사고,0,0,0,1,차대차 - 측면직각충돌,중앙선침범,건조,맑음,교차로 - 교차로부근,원동기,남,52세,부상신고,승용,남,67세,상해없음
2015102400100038,2015년 10월 24일 01시,토요일,제주특별자치도 제주시 삼도일동,경상사고,0,0,2,0,차대차 - 측면직각충돌,신호위반,건조,맑음,교차로 - 교차로안,승용,남,25세,상해없음,승용,남,50세,경상
2015102400100069,2015년 10월 24일 03시,토요일,제주특별자치도 서귀포시 동홍동,중상사고,0,1,0,0,차대사람 - 횡단중,보행자보호의무위반,건조,맑음,교차로 - 교차로부근,승용,여,35세,상해없음,보행자,남,59세,중상
2015102400100086,2015년 10월 24일 04시,토요일,제주특별자치도 제주시 용담일동,경상사고,0,0,2,0,차대차 - 추돌 - 진행중,안전거리미확보,건조,맑음,교차로 - 교차로부근,승용,남,40세,경상,승용,남,31세,경상
2015102400100101,2015년 10월 24일 05시,토요일,제주특별자치도 제주시 한림읍,경상사고,0,0,1,0,차량단독 - 공작물충돌,안전운전불이행,건조,맑음,단일로 - 기타,승용,남,71세,경상,,,,
2015102400100129,2015년 10월 24일 06시,토요일,제주특별자치도 제주시 노형동,경상사고,0,0,1,0,차대차 - 추돌 - 진행중,안전거리미확보,건조,흐림,단일로 - 기타,승용,남,25세,상해없음,승용,남,35세,경상
2015102400100175,2015년 10월 24일 08시,토요일,제주특별자치도 서귀포시 남원읍,경상사고,0,0,1,0,차대차 - 기타,안전운전불이행,건조,맑음,교차로 - 교차로부근,승용,남,51세,상해없음,승용,여,28세,상해없음
2015102400100204,2015년 10월 24일 09시,토요일,제주특별자치도 서귀포시 안덕면,경상사고,0,0,2,0,차대차 - 기타,직진우회전진행방해,건조,맑음,교차로 - 교차로안,승용,남,45세,상해없음,승용,남,46세,경상
2015102400100275,2015년 10월 24일 11시,토요일,제주특별자치도 서귀포시 신효동,경상사고,0,0,1,0,차대차 - 측면직각충돌,안전운전불이행,건조,맑음,교차로 - 교차로부근,승용,남,55세,상해없음,화물,남,24세,경상
2015102400100493,2015년 10월 24일 16시,토요일,제주특별자치도 서귀포시 남원읍,경상사고,0,0,1,0,차대차 - 기타,안전운전불이행,건조,맑음,단일로 - 기타,승용,여,63세,상해없음,자전거,여,31세,경상
2015102400100547,2015년 10월 24일 17시,토요일,제주특별자치도 서귀포시 서귀동,경상사고,0,0,1,0,차대사람 - 기타,안전운전불이행,건조,맑음,단일로 - 기타,승용,여,30세,상해없음,보행자,여,28세,경상
2015102400100600,2015년 10월 24일 18시,토요일,제주특별자치도 제주시 이도이동,경상사고,0,0,3,0,차대차 - 추돌 - 진행중,안전운전불이행,건조,맑음,단일로 - 기타,승용,남,47세,상해없음,승용,남,41세,경상
2015102400100684,2015년 10월 24일 20시,토요일,제주특별자치도 서귀포시 안덕면,경상사고,0,0,1,0,차대차 - 측면직각충돌,직진우회전진행방해,건조,맑음,교차로 - 교차로안,승용,여,44세,상해없음,승용,남,32세,상해없음
2015102400100685,2015년 10월 24일 20시,토요일,제주특별자치도 제주시 용담이동,중상사고,0,1,0,0,차대사람 - 횡단중,보행자보호의무위반,건조,맑음,교차로 - 교차로부근,승용,남,50세,상해없음,보행자,남,75세,중상
2015102500100022,2015년 10월 25일 00시,일요일,제주특별자치도 제주시 한림읍,중상사고,0,1,0,0,차량단독 - 공작물충돌,안전운전불이행,건조,맑음,단일로 - 기타,승용,남,51세,중상,,,,
2015102500100341,2015년 10월 25일 15시,일요일,제주특별자치도 서귀포시 색달동,경상사고,0,0,2,0,차대차 - 기타,직진우회전진행방해,건조,맑음,교차로 - 교차로안,승용,남,62세,상해없음,승용,남,39세,경상
2015102500100429,2015년 10월 25일 17시,일요일,제주특별자치도 제주시 오라삼동,경상사고,0,0,1,0,차대사람 - 횡단중,안전운전불이행,건조,흐림,교차로 - 교차로부근,승용,남,50세,상해없음,보행자,남,54세,경상
2015102500100483,2015년 10월 25일 18시,일요일,제주특별자치도 제주시 조천읍,경상사고,0,0,3,0,차대차 - 추돌 - 진행중,안전거리미확보,건조,맑음,단일로 - 기타,승용,남,29세,상해없음,승용,여,25세,경상
2015102500100484,2015년 10월 25일 18시,일요일,제주특별자치도 제주시 애월읍,경상사고,0,0,10,3,차대차 - 추돌 - 진행중,안전거리미확보,건조,맑음,단일로 - 기타,승용,남,67세,상해없음,승용,여,60세,상해없음
2015102500100525,2015년 10월 25일 19시,일요일,제주특별자치도 제주시 해안동,경상사고,0,0,5,0,차대차 - 추돌 - 주정차중,안전거리미확보,건조,맑음,단일로 - 기타,화물,남,44세,경상,승용,여,26세,경상
2015102500100563,2015년 10월 25일 20시,일요일,제주특별자치도 서귀포시 서귀동,경상사고,0,0,1,0,차대사람 - 기타,안전운전불이행,건조,맑음,교차로 - 교차로부근,화물,남,55세,상해없음,보행자,남,50세,경상
2015102500100588,2015년 10월 25일 21시,일요일,제주특별자치도 제주시 용담이동,경상사고,0,0,1,0,차대사람 - 횡단중,기타,건조,맑음,단일로 - 기타,승용,여,56세,기타불명,보행자,여,66세,경상
2015102600100081,2015년 10월 26일 07시,월요일,제주특별자치도 제주시 일도이동,중상사고,0,1,0,0,차대사람 - 횡단중,보행자보호의무위반,건조,맑음,단일로 - 기타,승용,남,57세,상해없음,보행자,남,16세,중상
2015102600100082,2015년 10월 26일 07시,월요일,제주특별자치도 제주시 삼도일동,경상사고,0,0,1,0,차대사람 - 기타,안전운전불이행,건조,맑음,교차로 - 교차로부근,화물,남,57세,상해없음,보행자,남,66세,경상
2015102600100140,2015년 10월 26일 08시,월요일,제주특별자치도 제주시 건입동,중상사고,0,1,2,0,차대차 - 정면충돌,신호위반,건조,맑음,교차로 - 교차로부근,화물,남,60세,경상,승용,여,46세,경상
2015102600100228,2015년 10월 26일 10시,월요일,제주특별자치도 서귀포시 안덕면,경상사고,0,0,2,1,차대차 - 기타,직진우회전진행방해,건조,맑음,교차로 - 교차로안,화물,남,67세,부상신고,승용,남,52세,경상
2015102600100269,2015년 10월 26일 11시,월요일,제주특별자치도 제주시 이도일동,중상사고,0,1,0,0,차대사람 - 기타,안전운전불이행,건조,맑음,단일로 - 기타,화물,남,52세,상해없음,보행자,여,81세,중상
2015102600100270,2015년 10월 26일 11시,월요일,제주특별자치도 제주시 한경면,중상사고,0,2,1,0,차대차 - 정면충돌,안전운전불이행,건조,맑음,단일로 - 기타,승용,남,62세,경상,승용,남,38세,중상
2015102600100292,2015년 10월 26일 12시,월요일,제주특별자치도 서귀포시 표선면,중상사고,0,2,0,0,차대차 - 기타,안전운전불이행,건조,맑음,교차로 - 교차로부근,화물,남,55세,상해없음,승용,남,44세,중상
2015102600100361,2015년 10월 26일 14시,월요일,제주특별자치도 제주시 구좌읍,중상사고,0,1,1,13,차대차 - 정면충돌,중앙선침범,건조,맑음,단일로 - 기타,화물,남,26세,중상,승합,남,59세,경상
2015102600100442,2015년 10월 26일 16시,월요일,제주특별자치도 제주시 구좌읍,경상사고,0,0,3,0,차대차 - 측면직각충돌,직진우회전진행방해,건조,맑음,교차로 - 교차로안,승용,남,32세,경상,화물,남,49세,경상
2015102600100443,2015년 10월 26일 16시,월요일,제주특별자치도 서귀포시 색달동,중상사고,0,1,0,0,차대차 - 기타,교차로운행방법위반,건조,맑음,교차로 - 교차로안,승용,남,40세,상해없음,승용,여,61세,중상
2015102600100583,2015년 10월 26일 18시,월요일,제주특별자치도 제주시 삼양일동,중상사고,0,1,0,0,차대차 - 추돌 - 주정차중,안전거리미확보,건조,맑음,단일로 - 기타,승용,남,49세,상해없음,승용,남,69세,상해없음
2015102600100584,2015년 10월 26일 18시,월요일,제주특별자치도 제주시 삼도이동,경상사고,0,0,8,0,차대차 - 측면직각충돌,안전운전불이행,건조,맑음,단일로 - 기타,승합,남,37세,경상,승용,남,33세,경상
2015102600100585,2015년 10월 26일 18시,월요일,제주특별자치도 제주시 오라삼동,경상사고,0,0,1,0,차대차 - 기타,안전거리미확보,건조,맑음,단일로 - 기타,승용,남,64세,상해없음,원동기,남,26세,경상
2015102600100586,2015년 10월 26일 18시,월요일,제주특별자치도 제주시 이호이동,경상사고,0,0,1,0,차대사람 - 기타,안전운전불이행,건조,맑음,기타 - 기타,화물,남,23세,기타불명,보행자,남,55세,경상
2015102600100646,2015년 10월 26일 19시,월요일,제주특별자치도 서귀포시 대정읍,중상사고,0,2,2,1,차대차 - 기타,신호위반,건조,맑음,교차로 - 교차로부근,승용,남,38세,부상신고,화물,남,50세,경상
2015102600100709,2015년 10월 26일 21시,월요일,제주특별자치도 서귀포시 색달동,중상사고,0,1,0,0,차대사람 - 차도통행중,안전운전불이행,건조,맑음,단일로 - 기타,승용,여,24세,상해없음,보행자,남,56세,중상
2015102600100742,2015년 10월 26일 22시,월요일,제주특별자치도 제주시 용담이동,경상사고,0,0,1,0,차대차 - 추돌 - 진행중,안전거리미확보,건조,맑음,단일로 - 기타,승용,남,49세,상해없음,승용,남,45세,상해없음
2015102700100114,2015년 10월 27일 06시,화요일,제주특별자치도 제주시 애월읍,중상사고,0,1,0,0,차대차 - 측면직각충돌,안전거리미확보,습기,비,단일로 - 기타,승용,남,46세,중상,승용,남,48세,상해없음
2015102700100140,2015년 10월 27일 07시,화요일,제주특별자치도 서귀포시 남원읍,경상사고,0,0,1,0,차대차 - 기타,중앙선침범,습기,비,단일로 - 기타,승용,남,60세,상해없음,승용,남,54세,경상
2015102700100257,2015년 10월 27일 10시,화요일,제주특별자치도 서귀포시 남원읍,중상사고,0,3,5,0,차대차 - 기타,중앙선침범,습기,비,단일로 - 기타,승용,여,53세,중상,승용,남,56세,상해없음
2015102700100258,2015년 10월 27일 10시,화요일,제주특별자치도 서귀포시 상예동,중상사고,0,1,0,0,차량단독 - 기타,안전운전불이행,습기,맑음,단일로 - 기타,농기계,남,76세,중상,,,,
2015102700100259,2015년 10월 27일 10시,화요일,제주특별자치도 제주시 연동,부상신고사고,0,0,0,1,차대차 - 측면직각충돌,직진우회전진행방해,습기,비,교차로 - 교차로안,승용,여,21세,상해없음,승용,남,47세,부상신고
2015102700100292,2015년 10월 27일 11시,화요일,제주특별자치도 제주시 조천읍,경상사고,0,0,1,0,차대차 - 정면충돌,안전운전불이행,습기,비,교차로 - 교차로안,승용,여,56세,경상,화물,남,32세,상해없음
2015102700100319,2015년 10월 27일 12시,화요일,제주특별자치도 서귀포시 안덕면,중상사고,0,1,5,0,차대차 - 기타,중앙선침범,건조,맑음,단일로 - 기타,화물,남,47세,상해없음,승합,남,53세,상해없음
2015102700100320,2015년 10월 27일 12시,화요일,제주특별자치도 제주시 용담이동,경상사고,0,0,3,0,차대차 - 기타,직진우회전진행방해,습기,비,교차로 - 교차로부근,승용,남,22세,상해없음,승용,남,51세,경상
2015102700100354,2015년 10월 27일 13시,화요일,제주특별자치도 서귀포시 강정동,경상사고,0,0,2,0,차대차 - 기타,안전운전불이행,건조,맑음,교차로 - 교차로부근,승용,남,53세,상해없음,승용,여,53세,경상
2015102700100355,2015년 10월 27일 13시,화요일,제주특별자치도 제주시 용담삼동,경상사고,0,0,1,0,차대사람 - 차도통행중,안전운전불이행,건조,흐림,교차로 - 교차로부근,승용,남,25세,상해없음,보행자,여,57세,경상
2015102700100415,2015년 10월 27일 15시,화요일,제주특별자치도 서귀포시 남원읍,부상신고사고,0,0,0,1,차대차 - 기타,안전거리미확보,건조,맑음,단일로 - 기타,원동기,남,81세,부상신고,승용,여,47세,상해없음
2015102700100416,2015년 10월 27일 15시,화요일,제주특별자치도 제주시 도평동,경상사고,0,0,2,0,차대차 - 추돌 - 진행중,안전운전불이행,건조,맑음,교차로 - 교차로안,승용,여,32세,상해없음,화물,남,51세,경상
2015102700100554,2015년 10월 27일 18시,화요일,제주특별자치도 서귀포시 성산읍,경상사고,0,0,1,1,차대차 - 측면직각충돌,안전운전불이행,건조,맑음,교차로 - 교차로안,승용,여,23세,부상신고,승용,남,22세,경상
2015102700100629,2015년 10월 27일 20시,화요일,제주특별자치도 제주시 용담이동,경상사고,0,0,1,0,차대차 - 기타,안전거리미확보,건조,맑음,단일로 - 기타,승용,남,24세,기타불명,승용,여,27세,경상
2015102700100698,2015년 10월 27일 22시,화요일,제주특별자치도 제주시 연동,중상사고,0,1,0,1,차대차 - 측면직각충돌,신호위반,건조,맑음,교차로 - 교차로안,승용,여,51세,부상신고,승용,남,51세,중상
2015102800100050,2015년 10월 28일 03시,수요일,제주특별자치도 제주시 이도이동,중상사고,0,1,0,0,차대차 - 측면직각충돌,안전운전불이행,건조,맑음,단일로 - 횡단보도상,승용,여,48세,상해없음,자전거,남,23세,중상
2015102800100057,2015년 10월 28일 04시,수요일,제주특별자치도 제주시 이도이동,부상신고사고,0,0,0,1,차대사람 - 기타,안전운전불이행,건조,맑음,기타 - 기타,기타불명,기타불명,기타불명,기타불명,보행자,남,22세,부상신고
2015102800100188,2015년 10월 28일 09시,수요일,제주특별자치도 제주시 애월읍,경상사고,0,0,2,0,차대차 - 정면충돌,안전운전불이행,건조,맑음,단일로 - 기타,화물,남,43세,경상,승용,여,52세,경상
2015102800100215,2015년 10월 28일 10시,수요일,제주특별자치도 서귀포시 대정읍,중상사고,0,1,0,0,차대차 - 측면직각충돌,직진우회전진행방해,건조,맑음,교차로 - 교차로안,승용,여,39세,상해없음,자전거,여,71세,중상
2015102800100216,2015년 10월 28일 10시,수요일,제주특별자치도 서귀포시 성산읍,경상사고,0,0,1,0,차대사람 - 횡단중,보행자보호의무위반,건조,맑음,단일로 - 횡단보도상,화물,남,72세,상해없음,보행자,여,85세,경상
2015102800100249,2015년 10월 28일 11시,수요일,제주특별자치도 제주시 연동,경상사고,0,0,1,0,차대차 - 추돌 - 진행중,안전운전불이행,건조,흐림,교차로 - 교차로부근,자전거,남,13세,경상,승용,여,56세,상해없음
2015102800100290,2015년 10월 28일 12시,수요일,제주특별자치도 제주시 한림읍,경상사고,0,0,1,0,차대차 - 기타,안전운전불이행,건조,맑음,단일로 - 기타,승용,여,51세,상해없음,자전거,남,49세,경상
2015102800100364,2015년 10월 28일 14시,수요일,제주특별자치도 제주시 조천읍,경상사고,0,0,6,0,차대차 - 기타,교차로운행방법위반,건조,맑음,교차로 - 교차로안,승용,여,48세,경상,승용,남,24세,경상
2015102800100365,2015년 10월 28일 14시,수요일,제주특별자치도 제주시 연동,경상사고,0,0,1,0,차대사람 - 횡단중,안전운전불이행,건조,맑음,교차로 - 교차로안,승용,남,40세,상해없음,보행자,남,32세,경상
2015102800100447,2015년 10월 28일 16시,수요일,제주특별자치도 제주시 일도이동,경상사고,0,0,3,0,차대차 - 추돌 - 주정차중,안전거리미확보,건조,맑음,단일로 - 기타,화물,남,53세,상해없음,승용,남,42세,경상
2015102800100558,2015년 10월 28일 18시,수요일,제주특별자치도 제주시 노형동,경상사고,0,0,1,0,차대사람 - 기타,안전운전불이행,건조,맑음,교차로 - 교차로부근,승용,남,47세,상해없음,보행자,남,5세,경상
2015102800100625,2015년 10월 28일 19시,수요일,제주특별자치도 제주시 노형동,중상사고,0,1,1,0,차대차 - 측면직각충돌,직진우회전진행방해,건조,맑음,교차로 - 교차로안,화물,남,52세,중상,화물,남,48세,경상
2015102800100691,2015년 10월 28일 21시,수요일,제주특별자치도 제주시 노형동,경상사고,0,0,1,0,차대차 - 추돌 - 진행중,안전운전불이행,건조,맑음,단일로 - 기타,승용,남,33세,상해없음,승용,여,47세,상해없음
2015102800100728,2015년 10월 28일 22시,수요일,제주특별자치도 서귀포시 법환동,경상사고,0,0,1,0,차대차 - 기타,교차로운행방법위반,건조,맑음,교차로 - 교차로안,승용,남,41세,상해없음,승용,남,28세,경상