사고번호,사고일시,요일,시군구,사고내용,사망자수,중상자수,경상자수,부상신고자수,사고유형,법규위반,노면상태,기상상태,도로형태,가해운전자 차종,가해운전자 성별,가해운전자 연령,가해운전자 상해정도,피해운전자 차종,피해운전자 성별,피해운전자 연령,피해운전자 상해정도
2015121200100528,2015년 12월 12일 18시,토요일,제주특별자치도 제주시 연동,중상사고,0,1,0,0,차대차 - 측면직각충돌,안전운전불이행,건조,맑음,단일로 - 횡단보도상,승용,남,52세,상해없음,자전거,남,61세,중상
2015121200100660,2015년 12월 12일 22시,토요일,제주특별자치도 서귀포시 대정읍,중상사고,0,1,0,0,차대차 - 기타,안전운전불이행,건조,맑음,교차로 - 교차로안,자전거,남,29세,중상,승용,남,29세,상해없음
2015121300100023,2015년 12월 13일 00시,일요일,제주특별자치도 서귀포시 표선면,중상사고,0,1,1,0,차대차 - 기타,안전운전불이행,건조,맑음,단일로 - 기타,승용,남,46세,상해없음,승용,여,61세,중상
2015121300100024,2015년 12월 13일 00시,일요일,제주특별자치도 서귀포시 색달동,경상사고,0,0,3,0,차대차 - 정면충돌,안전운전불이행,건조,맑음,교차로 - 교차로부근,승용,남,30세,상해없음,승용,여,32세,경상
2015121300100072,2015년 12월 13일 02시,일요일,제주특별자치도 서귀포시 남원읍,부상신고사고,0,0,0,1,차량단독 - 전도전복,안전운전불이행,건조,맑음,단일로 - 기타,화물,남,25세,부상신고,,,,
2015121300100115,2015년 12월 13일 05시,일요일,제주특별자치도 제주시 구좌읍,사망사고,1,0,0,0,차대사람 - 횡단중,과속,건조,맑음,교차로 - 교차로안,화물,남,54세,상해없음,보행자,여,68세,사망
2015121300100128,2015년 12월 13일 06시,일요일,제주특별자치도 서귀포시 대정읍,사망사고,1,0,0,0,차대사람 - 횡단중,안전운전불이행,건조,맑음,교차로 - 교차로안,승용,남,46세,상해없음,보행자,남,60세,사망
2015121300100142,2015년 12월 13일 07시,일요일,제주특별자치도 서귀포시 신효동,부상신고사고,0,0,0,1,차대차 - 정면충돌,교차로운행방법위반,건조,맑음,교차로 - 교차로안,화물,남,46세,상해없음,승용,여,49세,부상신고
2015121300100165,2015년 12월 13일 08시,일요일,제주특별자치도 제주시 삼도일동,경상사고,0,0,1,0,차대사람 - 횡단중,안전운전불이행,건조,흐림,단일로 - 기타,승용,남,42세,기타불명,보행자,남,61세,경상
2015121300100218,2015년 12월 13일 11시,일요일,제주특별자치도 제주시 노형동,부상신고사고,0,0,0,1,차대차 - 정면충돌,안전운전불이행,건조,맑음,교차로 - 교차로부근,자전거,남,47세,부상신고,이륜,남,42세,상해없음
2015121300100425,2015년 12월 13일 18시,일요일,제주특별자치도 서귀포시 하원동,부상신고사고,0,0,0,1,차량단독 - 기타,안전운전불이행,건조,맑음,단일로 - 기타,승용,남,23세,부상신고,,,,
2015121300100513,2015년 12월 13일 22시,일요일,제주특별자치도 제주시 용담이동,중상사고,0,1,0,0,차대사람 - 횡단중,과속,건조,맑음,단일로 - 기타,승용,남,46세,상해없음,보행자,남,35세,중상
2015121400100076,2015년 12월 14일 07시,월요일,제주특별자치도 서귀포시 표선면,경상사고,0,0,1,0,차대차 - 기타,안전운전불이행,습기,비,단일로 - 기타,승용,남,24세,상해없음,농기계,남,71세,경상
2015121400100124,2015년 12월 14일 08시,월요일,제주특별자치도 제주시 연동,경상사고,0,0,1,1,차대차 - 측면직각충돌,교차로운행방법위반,건조,맑음,교차로 - 교차로안,승용,여,38세,부상신고,승용,여,59세,경상
2015121400100157,2015년 12월 14일 09시,월요일,제주특별자치도 서귀포시 대정읍,경상사고,0,0,2,0,차대차 - 정면충돌,직진우회전진행방해,습기,비,교차로 - 교차로안,승합,남,52세,상해없음,승용,남,31세,경상
2015121400100320,2015년 12월 14일 15시,월요일,제주특별자치도 제주시 한경면,중상사고,0,1,1,0,차대차 - 추돌 - 진행중,안전운전불이행,건조,맑음,단일로 - 기타,승합,남,68세,중상,승용,여,57세,경상
2015121400100425,2015년 12월 14일 17시,월요일,제주특별자치도 제주시 용담일동,중상사고,0,1,0,0,차대사람 - 횡단중,안전운전불이행,건조,맑음,단일로 - 기타,승용,남,21세,상해없음,보행자,여,72세,중상
2015121400100426,2015년 12월 14일 17시,월요일,제주특별자치도 제주시 오라일동,경상사고,0,0,1,0,차대차 - 측면직각충돌,차로위반,습기,비,교차로 - 교차로부근,승용,여,51세,상해없음,승용,남,49세,경상
2015121400100536,2015년 12월 14일 19시,월요일,제주특별자치도 제주시 노형동,경상사고,0,0,1,0,차대차 - 기타,안전거리미확보,습기,비,교차로 - 교차로안,원동기,남,33세,경상,승용,남,28세,상해없음
2015121400100658,2015년 12월 14일 23시,월요일,제주특별자치도 제주시 연동,경상사고,0,0,2,0,차대차 - 정면충돌,안전운전불이행,건조,맑음,단일로 - 기타,승용,여,33세,상해없음,승용,남,30세,경상
2015121400100659,2015년 12월 14일 23시,월요일,제주특별자치도 제주시 애월읍,중상사고,0,1,0,0,차량단독 - 기타,기타,건조,맑음,단일로 - 기타,기타불명,기타불명,기타불명,기타불명,,,,
2015121500100044,2015년 12월 15일 01시,화요일,제주특별자치도 제주시 이도이동,경상사고,0,0,1,0,차량단독 - 전도전복,안전운전불이행,기타,맑음,교차로 - 교차로안,승용,남,30세,경상,,,,
2015121500100210,2015년 12월 15일 10시,화요일,제주특별자치도 서귀포시 안덕면,사망사고,1,1,0,0,차대차 - 기타,중앙선침범,습기,흐림,단일로 - 기타,승용,남,55세,중상,화물,남,49세,사망
2015121500100352,2015년 12월 15일 15시,화요일,제주특별자치도 제주시 애월읍,경상사고,0,0,7,4,차대차 - 추돌 - 주정차중,안전운전불이행,건조,맑음,교차로 - 교차로부근,화물,남,34세,상해없음,승합,남,21세,경상
2015121500100427,2015년 12월 15일 17시,화요일,제주특별자치도 제주시 오등동,경상사고,0,0,1,0,차대차 - 정면충돌,안전거리미확보,건조,맑음,교차로 - 교차로부근,화물,남,36세,상해없음,승용,남,52세,경상
2015121500100428,2015년 12월 15일 17시,화요일,제주특별자치도 서귀포시 강정동,중상사고,0,1,0,0,차대사람 - 기타,안전운전불이행,건조,맑음,단일로 - 기타,승용,남,36세,상해없음,보행자,남,10세,중상
2015121500100474,2015년 12월 15일 18시,화요일,제주특별자치도 제주시 봉개동,경상사고,0,0,1,0,차대차 - 정면충돌,중앙선침범,기타,맑음,단일로 - 기타,승용,여,51세,상해없음,승용,남,33세,상해없음
2015121500100475,2015년 12월 15일 18시,화요일,제주특별자치도 제주시 일도이동,중상사고,0,1,0,0,차대사람 - 횡단중,기타,건조,맑음,단일로 - 기타,승용,남,42세,상해없음,보행자,여,72세,중상
2015121500100476,2015년 12월 15일 18시,화요일,제주특별자치도 제주시 조천읍,중상사고,0,2,0,0,차대차 - 정면충돌,신호위반,건조,맑음,교차로 - 교차로안,승용,남,24세,상해없음,승용,여,60세,중상
2015121500100622,2015년 12월 15일 23시,화요일,제주특별자치도 제주시 연동,경상사고,0,0,1,0,차대사람 - 횡단중,신호위반,건조,맑음,단일로 - 횡단보도상,승용,남,75세,상해없음,보행자,여,23세,경상
2015121600100097,2015년 12월 16일 07시,수요일,제주특별자치도 제주시 애월읍,사망사고,1,0,0,0,차대차 - 기타,안전운전불이행,습기,흐림,교차로 - 교차로안,화물,남,35세,상해없음,화물,남,71세,상해없음
2015121600100129,2015년 12월 16일 08시,수요일,제주특별자치도 제주시 일도이동,중상사고,0,1,0,0,차대차 - 정면충돌,안전거리미확보,건조,흐림,단일로 - 기타,승용,여,33세,상해없음,승합,남,57세,상해없음
2015121600100207,2015년 12월 16일 11시,수요일,제주특별자치도 서귀포시 중문동,경상사고,0,0,3,0,차대차 - 추돌 - 진행중,안전거리미확보,건조,맑음,교차로 - 교차로부근,화물,여,62세,상해없음,승용,남,32세,경상
2015121600100208,2015년 12월 16일 11시,수요일,제주특별자치도 제주시 한림읍,경상사고,0,0,1,0,차대사람 - 횡단중,안전운전불이행,건조,맑음,교차로 - 교차로부근,승용,여,23세,상해없음,보행자,남,49세,경상
2015121600100209,2015년 12월 16일 11시,수요일,제주특별자치도 제주시 노형동,중상사고,0,1,0,0,차대사람 - 횡단중,안전운전불이행,건조,맑음,단일로 - 기타,승합,남,60세,상해없음,보행자,여,75세,중상
2015121600100210,2015년 12월 16일 11시,수요일,제주특별자치도 제주시 노형동,중상사고,0,1,0,0,차대사람 - 횡단중,안전운전불이행,건조,맑음,교차로 - 교차로부근,특수,남,39세,상해없음,보행자,여,80세,중상
2015121600100242,2015년 12월 16일 12시,수요일,제주특별자치도 제주시 삼양일동,경상사고,0,0,2,0,차대차 - 정면충돌,교차로운행방법위반,건조,흐림,교차로 - 교차로안,화물,남,55세,경상,화물,남,59세,경상
2015121600100243,2015년 12월 16일 12시,수요일,제주특별자치도 제주시 봉개동,중상사고,0,1,1,0,차대차 - 정면충돌,안전거리미확보,건조,흐림,교차로 - 교차로부근,승합,남,45세,경상,승합,남,43세,중상
2015121600100244,2015년 12월 16일 12시,수요일,제주특별자치도 서귀포시 서귀동,중상사고,0,1,0,0,차대사람 - 횡단중,보행자보호의무위반,건조,맑음,교차로 - 교차로부근,승용,남,37세,상해없음,보행자,여,76세,중상
2015121600100245,2015년 12월 16일 12시,수요일,제주특별자치도 제주시 노형동,중상사고,0,1,0,0,차대차 - 추돌 - 진행중,안전운전불이행,건조,맑음,단일로 - 기타,승용,여,35세,상해없음,승용,남,35세,중상
2015121600100298,2015년 12월 16일 14시,수요일,제주특별자치도 서귀포시 안덕면,경상사고,0,0,2,0,차대차 - 기타,직진우회전진행방해,건조,맑음,교차로 - 교차로안,승용,남,32세,경상,승용,남,28세,경상
2015121600100420,2015년 12월 16일 17시,수요일,제주특별자치도 제주시 오라일동,경상사고,0,0,1,0,차대차 - 정면충돌,직진우회전진행방해,건조,맑음,교차로 - 교차로안,승용,남,42세,상해없음,승용,남,24세,경상
2015121600100421,2015년 12월 16일 17시,수요일,제주특별자치도 서귀포시 대정읍,부상신고사고,0,0,0,1,차대차 - 기타,직진우회전진행방해,습기,비,교차로 - 교차로안,승용,남,55세,상해없음,이륜,남,55세,부상신고
2015121600100474,2015년 12월 16일 18시,수요일,제주특별자치도 제주시 도남동,중상사고,0,1,0,0,차대사람 - 횡단중,보행자보호의무위반,습기,흐림,단일로 - 횡단보도상,승용,여,34세,상해없음,보행자,남,37세,중상
2015121600100475,2015년 12월 16일 18시,수요일,제주특별자치도 서귀포시 표선면,중상사고,0,3,0,1,차대차 - 기타,직진우회전진행방해,습기,비,교차로 - 교차로안,승용,남,80세,부상신고,승용,여,32세,중상
2015121600100476,2015년 12월 16일 18시,수요일,제주특별자치도 제주시 한림읍,사망사고,1,0,0,0,차대사람 - 횡단중,안전운전불이행,습기,눈,기타 - 기타,화물,여,50세,상해없음,보행자,여,83세,사망
2015121600100518,2015년 12월 16일 19시,수요일,제주특별자치도 제주시 도남동,경상사고,0,0,1,0,차대차 - 정면충돌,교차로운행방법위반,기타,맑음,교차로 - 교차로부근,승용,남,52세,상해없음,원동기,남,55세,경상
2015121600100519,2015년 12월 16일 19시,수요일,제주특별자치도 제주시 노형동,경상사고,0,0,1,0,차대사람 - 횡단중,신호위반,습기,비,단일로 - 기타,승용,여,55세,상해없음,보행자,여,57세,경상
2015121600100556,2015년 12월 16일 20시,수요일,제주특별자치도 서귀포시 서귀동,중상사고,0,1,0,0,차대사람 - 기타,안전운전불이행,습기,비,교차로 - 교차로부근,화물,남,63세,상해없음,보행자,여,52세,중상
2015121600100557,2015년 12월 16일 20시,수요일,제주특별자치도 제주시 노형동,경상사고,0,0,3,0,차대차 - 정면충돌,신호위반,건조,맑음,교차로 - 교차로안,승용,여,45세,상해없음,승용,남,40세,경상
2015121600100617,2015년 12월 16일 22시,수요일,제주특별자치도 제주시 연동,경상사고,0,0,2,0,차대차 - 정면충돌,안전운전불이행,건조,맑음,교차로 - 교차로부근,승용,남,38세,상해없음,승용,남,21세,경상
2015121600100618,2015년 12월 16일 22시,수요일,제주특별자치도 제주시 애월읍,경상사고,0,0,1,2,차대차 - 추돌 - 진행중,안전운전불이행,결빙,눈,단일로 - 기타,승용,남,54세,상해없음,승용,남,45세,부상신고
2015121700100024,2015년 12월 17일 00시,목요일,제주특별자치도 제주시 이호이동,중상사고,0,1,0,0,차대사람 - 횡단중,안전운전불이행,건조,맑음,단일로 - 기타,승용,남,39세,상해없음,보행자,남,46세,중상
2015121700100153,2015년 12월 17일 08시,목요일,제주특별자치도 제주시 일도이동,경상사고,0,0,3,0,차대차 - 정면충돌,직진우회전진행방해,건조,맑음,교차로 - 교차로안,승용,남,70세,상해없음,승용,여,43세,경상
2015121700100224,2015년 12월 17일 10시,목요일,제주특별자치도 제주시 애월읍,경상사고,0,0,1,0,차대차 - 기타,안전거리미확보,습기,눈,단일로 - 기타,승용,남,58세,상해없음,화물,남,44세,상해없음
2015121700100280,2015년 12월 17일 12시,목요일,제주특별자치도 제주시 봉개동,경상사고,0,0,1,0,차대차 - 정면충돌,중앙선침범,결빙,눈,단일로 - 기타,화물,남,63세,기타불명,승용,남,48세,경상
2015121700100281,2015년 12월 17일 12시,목요일,제주특별자치도 제주시 오라이동,중상사고,0,1,0,0,차대사람 - 횡단중,보행자보호의무위반,습기,비,교차로 - 교차로부근,승용,여,39세,상해없음,보행자,여,60세,중상
2015121700100372,2015년 12월 17일 15시,목요일,제주특별자치도 서귀포시 성산읍,경상사고,0,0,1,0,차대사람 - 기타,안전운전불이행,기타,기타,기타 - 기타,승합,여,41세,상해없음,보행자,여,77세,경상
2015121700100456,2015년 12월 17일 17시,목요일,제주특별자치도 서귀포시 성산읍,부상신고사고,0,0,0,1,차대차 - 기타,직진우회전진행방해,습기,비,교차로 - 교차로안,승용,남,68세,부상신고,승용,남,67세,상해없음
2015121700100457,2015년 12월 17일 17시,목요일,제주특별자치도 제주시 노형동,중상사고,0,1,0,0,차대사람 - 횡단중,보행자보호의무위반,건조,맑음,단일로 - 기타,승합,남,75세,상해없음,보행자,여,57세,중상
2015121700100513,2015년 12월 17일 18시,목요일,제주특별자치도 제주시 도남동,경상사고,0,0,1,0,차대차 - 정면충돌,안전운전불이행,건조,맑음,단일로 - 기타,승용,여,29세,상해없음,승용,여,32세,경상
2015121700100593,2015년 12월 17일 20시,목요일,제주특별자치도 제주시 이도이동,경상사고,0,0,2,0,차대차 - 정면충돌,신호위반,건조,맑음,교차로 - 교차로부근,승용,남,48세,상해없음,승용,남,42세,경상
2015121700100652,2015년 12월 17일 22시,목요일,제주특별자치도 제주시 도남동,경상사고,0,0,1,0,차대차 - 정면충돌,안전운전불이행,건조,맑음,교차로 - 교차로부근,승용,여,31세,상해없음,승용,남,37세,기타불명
2015121800100110,2015년 12월 18일 07시,금요일,제주특별자치도 서귀포시 법환동,부상신고사고,0,0,0,1,차대차 - 기타,직진우회전진행방해,건조,맑음,교차로 - 교차로안,화물,남,35세,부상신고,승용,남,39세,상해없음
2015121800100154,2015년 12월 18일 08시,금요일,제주특별자치도 제주시 아라일동,경상사고,0,0,2,0,차대차 - 정면충돌,안전거리미확보,건조,맑음,단일로 - 기타,화물,남,42세,상해없음,승용,남,51세,경상
2015121800100155,2015년 12월 18일 08시,금요일,제주특별자치도 제주시 노형동,중상사고,0,1,1,0,차대차 - 정면충돌,교차로운행방법위반,건조,맑음,교차로 - 교차로안,승용,남,46세,상해없음,승용,여,39세,경상
2015121800100183,2015년 12월 18일 09시,금요일,제주특별자치도 제주시 이도이동,중상사고,0,1,0,0,차대차 - 정면충돌,안전운전불이행,기타,맑음,단일로 - 기타,승용,남,54세,상해없음,승용,남,60세,중상
2015121800100207,2015년 12월 18일 10시,금요일,제주특별자치도 서귀포시 성산읍,경상사고,0,0,2,0,차대차 - 정면충돌,안전운전불이행,건조,맑음,교차로 - 교차로안,승용,남,22세,상해없음,승용,남,41세,경상
2015121800100237,2015년 12월 18일 11시,금요일,제주특별자치도 제주시 노형동,경상사고,0,0,2,0,차대차 - 추돌 - 진행중,안전운전불이행,건조,흐림,기타 - 기타,승용,남,46세,경상,승용,여,45세,경상
2015121800100271,2015년 12월 18일 12시,금요일,제주특별자치도 제주시 아라일동,경상사고,0,0,1,0,차대차 - 측면직각충돌,직진우회전진행방해,건조,맑음,교차로 - 교차로안,승용,남,22세,상해없음,승용,여,30세,경상
2015121800100333,2015년 12월 18일 14시,금요일,제주특별자치도 제주시 건입동,경상사고,0,0,1,0,차대사람 - 횡단중,보행자보호의무위반,건조,흐림,단일로 - 횡단보도상,승용,남,29세,상해없음,보행자,여,8세,경상
2015121800100334,2015년 12월 18일 14시,금요일,제주특별자치도 제주시 연동,부상신고사고,0,0,0,1,차대사람 - 횡단중,안전운전불이행,건조,흐림,단일로 - 횡단보도부근,기타불명,기타불명,기타불명,기타불명,보행자,남,35세,부상신고
2015121800100404,2015년 12월 18일 16시,금요일,제주특별자치도 제주시 삼도일동,경상사고,0,0,1,0,차대사람 - 횡단중,보행자보호의무위반,건조,흐림,교차로 - 교차로부근,승용,여,35세,상해없음,보행자,남,10세,경상
2015121800100405,2015년 12월 18일 16시,금요일,제주특별자치도 제주시 조천읍,경상사고,0,0,1,0,차량단독 - 전도전복,안전운전불이행,습기,흐림,단일로 - 기타,화물,남,46세,경상,,,,
2015121800100451,2015년 12월 18일 17시,금요일,제주특별자치도 제주시 한림읍,중상사고,0,1,1,0,차대차 - 측면직각충돌,직진우회전진행방해,건조,맑음,교차로 - 교차로안,화물,남,50세,중상,승용,여,40세,경상
2015121800100510,2015년 12월 18일 18시,금요일,제주특별자치도 제주시 일도일동,경상사고,0,0,1,0,차대사람 - 횡단중,안전운전불이행,건조,맑음,단일로 - 기타,승용,남,71세,상해없음,보행자,여,80세,경상
2015121800100511,2015년 12월 18일 18시,금요일,제주특별자치도 제주시 도두일동,사망사고,1,0,0,0,차대사람 - 횡단중,안전운전불이행,건조,맑음,교차로 - 교차로부근,승용,남,58세,상해없음,보행자,남,68세,사망
2015121800100563,2015년 12월 18일 19시,금요일,제주특별자치도 서귀포시 서귀동,중상사고,0,1,0,0,차대사람 - 횡단중,안전운전불이행,건조,맑음,단일로 - 기타,화물,남,44세,상해없음,보행자,여,72세,중상
2015121800100610,2015년 12월 18일 20시,금요일,제주특별자치도 제주시 연동,경상사고,0,0,1,0,차대사람 - 횡단중,안전운전불이행,건조,맑음,단일로 - 기타,승용,남,60세,상해없음,보행자,남,43세,경상
2015121800100688,2015년 12월 18일 22시,금요일,제주특별자치도 제주시 화북일동,경상사고,0,0,1,0,차대차 - 정면충돌,안전운전불이행,건조,맑음,단일로 - 기타,승용,남,56세,상해없음,승용,남,44세,경상
2015121900100056,2015년 12월 19일 01시,토요일,제주특별자치도 제주시 화북일동,중상사고,0,1,0,0,차대사람 - 횡단중,보행자보호의무위반,건조,맑음,단일로 - 횡단보도상,승용,남,52세,상해없음,보행자,남,53세,중상
2015121900100190,2015년 12월 19일 08시,토요일,제주특별자치도 제주시 구좌읍,중상사고,0,1,0,0,차대차 - 정면충돌,신호위반,건조,맑음,교차로 - 교차로안,승용,남,56세,상해없음,원동기,남,52세,중상
2015121900100191,2015년 12월 19일 08시,토요일,제주특별자치도 서귀포시 남원읍,부상신고사고,0,0,0,1,차대차 - 기타,안전운전불이행,건조,맑음,교차로 - 교차로부근,화물,남,73세,상해없음,화물,남,77세,부상신고
2015121900100275,2015년 12월 19일 11시,토요일,제주특별자치도 제주시 아라일동,중상사고,0,2,0,0,차대차 - 정면충돌,안전거리미확보,건조,맑음,단일로 - 기타,승용,여,48세,상해없음,이륜,남,75세,중상
2015121900100276,2015년 12월 19일 11시,토요일,제주특별자치도 제주시 한림읍,경상사고,0,0,1,0,차대차 - 기타,안전운전불이행,건조,맑음,단일로 - 기타,승용,남,50세,상해없음,승용,여,37세,경상
2015121900100363,2015년 12월 19일 14시,토요일,제주특별자치도 서귀포시 성산읍,경상사고,0,0,5,0,차대차 - 기타,안전운전불이행,건조,맑음,단일로 - 기타,승용,남,22세,상해없음,승합,남,49세,경상
2015121900100364,2015년 12월 19일 14시,토요일,제주특별자치도 서귀포시 표선면,중상사고,0,1,0,0,차대차 - 기타,안전운전불이행,건조,맑음,기타 - 기타,승용,남,50세,상해없음,승용,여,36세,중상
2015121900100402,2015년 12월 19일 15시,토요일,제주특별자치도 서귀포시 안덕면,사망사고,1,0,0,0,차대차 - 기타,안전운전불이행,건조,맑음,교차로 - 교차로안,승용,기타불명,기타불명,기타불명,건설기계,남,44세,사망
2015121900100429,2015년 12월 19일 16시,토요일,제주특별자치도 서귀포시 성산읍,경상사고,0,0,1,0,차대차 - 정면충돌,중앙선침범,건조,맑음,단일로 - 기타,승용,남,22세,상해없음,승용,여,43세,경상
2015121900100590,2015년 12월 19일 19시,토요일,제주특별자치도 제주시 이도이동,경상사고,0,0,2,0,차대차 - 정면충돌,교차로운행방법위반,건조,맑음,교차로 - 교차로안,승용,남,52세,경상,승용,남,21세,경상
2015121900100627,2015년 12월 19일 20시,토요일,제주특별자치도 제주시 삼도일동,경상사고,0,0,1,0,차대사람 - 횡단중,안전운전불이행,건조,맑음,단일로 - 기타,승합,남,47세,상해없음,보행자,남,66세,경상
2015121900100705,2015년 12월 19일 23시,토요일,제주특별자치도 제주시 이도이동,경상사고,0,0,1,0,차대사람 - 횡단중,안전운전불이행,건조,맑음,단일로 - 기타,승용,남,21세,상해없음,보행자,남,39세,경상
2015122000100126,2015년 12월 20일 06시,일요일,제주특별자치도 서귀포시 서홍동,중상사고,0,3,0,0,차대차 - 기타,직진우회전진행방해,건조,맑음,교차로 - 교차로안,승용,여,61세,중상,승용,남,56세,중상
2015122000100144,2015년 12월 20일 08시,일요일,제주특별자치도 제주시 노형동,경상사고,0,0,2,0,차대차 - 정면충돌,안전거리미확보,건조,맑음,단일로 - 기타,승용,여,65세,상해없음,승용,남,31세,경상
2015122000100182,2015년 12월 20일 11시,일요일,제주특별자치도 제주시 한림읍,부상신고사고,0,0,0,1,차대차 - 측면직각충돌,중앙선침범,건조,맑음,단일로 - 기타,자전거,남,7세,부상신고,승용,남,69세,상해없음
2015122000100210,2015년 12월 20일 13시,일요일,제주특별자치도 제주시 건입동,경상사고,0,0,1,0,차대차 - 정면충돌,안전운전불이행,건조,맑음,단일로 - 기타,승용,남,35세,상해없음,이륜,남,20세,경상
2015122000100237,2015년 12월 20일 14시,일요일,제주특별자치도 제주시 연동,부상신고사고,0,0,0,2,차대차 - 추돌 - 진행중,안전거리미확보,습기,흐림,단일로 - 기타,화물,남,42세,부상신고,승용,여,37세,상해없음
2015122000100261,2015년 12월 20일 15시,일요일,제주특별자치도 제주시 용담삼동,경상사고,0,0,1,0,차대차 - 추돌 - 진행중,안전거리미확보,습기,비,교차로 - 교차로안,승용,남,29세,상해없음,승용,남,49세,경상
2015122000100280,2015년 12월 20일 16시,일요일,제주특별자치도 제주시 삼도이동,중상사고,0,1,0,0,차대차 - 정면충돌,신호위반,건조,맑음,교차로 - 교차로안,승용,여,44세,상해없음,이륜,남,58세,중상
2015122000100313,2015년 12월 20일 17시,일요일,제주특별자치도 서귀포시 안덕면,경상사고,0,0,4,0,차대차 - 기타,신호위반,습기,비,교차로 - 교차로안,승용,남,49세,상해없음,승용,남,43세,경상
2015122000100361,2015년 12월 20일 18시,일요일,제주특별자치도 제주시 용담이동,경상사고,0,0,1,0,차대차 - 기타,교차로운행방법위반,습기,비,교차로 - 교차로안,승용,남,47세,상해없음,승용,남,51세,상해없음
2015122000100386,2015년 12월 20일 19시,일요일,제주특별자치도 제주시 용담이동,중상사고,0,1,0,0,차대사람 - 횡단중,보행자보호의무위반,습기,비,교차로 - 교차로부근,승용,남,41세,상해없음,보행자,남,27세,중상
2015122000100387,2015년 12월 20일 19시,일요일,제주특별자치도 제주시 노형동,경상사고,0,0,3,0,차대차 - 정면충돌,중앙선침범,습기,비,단일로 - 기타,승용,남,26세,상해없음,승용,남,42세,경상
2015122000100406,2015년 12월 20일 20시,일요일,제주특별자치도 제주시 구좌읍,경상사고,0,0,1,0,차대차 - 정면충돌,안전운전불이행,습기,비,교차로 - 교차로부근,승용,남,59세,상해없음,승용,남,63세,경상
2015122000100407,2015년 12월 20일 20시,일요일,제주특별자치도 제주시 일도이동,경상사고,0,0,1,0,차대사람 - 횡단중,안전운전불이행,기타,비,단일로 - 기타,이륜,남,22세,상해없음,보행자,여,54세,경상
2015122000100428,2015년 12월 20일 21시,일요일,제주특별자치도 제주시 이도이동,중상사고,0,1,0,0,차대사람 - 횡단중,보행자보호의무위반,습기,비,단일로 - 횡단보도상,승용,남,28세,상해없음,보행자,남,65세,중상
2015122000100429,2015년 12월 20일 21시,일요일,제주특별자치도 제주시 아라이동,경상사고,0,0,3,0,차대차 - 정면충돌,안전운전불이행,습기,비,교차로 - 교차로안,승용,남,56세,경상,승용,남,25세,경상
2015122000100430,2015년 12월 20일 21시,일요일,제주특별자치도 서귀포시 서귀동,중상사고,0,1,0,0,차대사람 - 기타,안전운전불이행,건조,맑음,교차로 - 교차로안,승용,남,66세,상해없음,보행자,남,35세,중상
2015122000100445,2015년 12월 20일 22시,일요일,제주특별자치도 제주시 삼도일동,중상사고,0,1,0,0,차대사람 - 횡단중,안전운전불이행,습기,비,단일로 - 기타,승용,남,37세,상해없음,보행자,여,53세,중상
2015122000100446,2015년 12월 20일 22시,일요일,제주특별자치도 제주시 오라일동,중상사고,0,1,0,0,차대사람 - 횡단중,안전운전불이행,습기,비,단일로 - 기타,승용,남,58세,상해없음,보행자,남,55세,중상
2015122000100447,2015년 12월 20일 22시,일요일,제주특별자치도 서귀포시 대정읍,부상신고사고,0,0,0,1,차대사람 - 기타,안전운전불이행,습기,비,단일로 - 기타,승용,남,43세,상해없음,보행자,남,47세,부상신고
2015122100100011,2015년 12월 21일 00시,월요일,제주특별자치도 제주시 연동,부상신고사고,0,0,0,1,차대사람 - 횡단중,안전운전불이행,건조,흐림,단일로 - 기타,기타불명,기타불명,기타불명,기타불명,보행자,남,50세,부상신고
2015122100100051,2015년 12월 21일 05시,월요일,제주특별자치도 제주시 노형동,중상사고,0,1,0,4,차대차 - 추돌 - 진행중,안전거리미확보,습기,비,교차로 - 교차로부근,승용,남,65세,상해없음,승용,남,50세,중상
2015122100100069,2015년 12월 21일 06시,월요일,제주특별자치도 제주시 연동,경상사고,0,0,1,0,차대차 - 정면충돌,안전운전불이행,건조,맑음,단일로 - 기타,승용,남,25세,상해없음,승용,남,73세,경상
2015122100100317,2015년 12월 21일 13시,월요일,제주특별자치도 제주시 이도일동,경상사고,0,0,1,0,차대사람 - 횡단중,보행자보호의무위반,건조,맑음,단일로 - 횡단보도상,승용,남,62세,기타불명,보행자,여,22세,경상
2015122100100408,2015년 12월 21일 16시,월요일,제주특별자치도 제주시 이도이동,경상사고,0,0,1,0,차대사람 - 횡단중,기타,건조,맑음,교차로 - 교차로안,자전거,기타불명,기타불명,기타불명,보행자,여,13세,경상
2015122100100435,2015년 12월 21일 17시,월요일,제주특별자치도 제주시 이도일동,경상사고,0,0,2,0,차대차 - 정면충돌,안전운전불이행,건조,맑음,단일로 - 기타,화물,남,49세,상해없음,승용,남,26세,경상
2015122100100436,2015년 12월 21일 17시,월요일,제주특별자치도 서귀포시 동홍동,중상사고,0,1,0,0,차대사람 - 횡단중,보행자보호의무위반,건조,맑음,단일로 - 기타,화물,남,70세,상해없음,보행자,여,65세,중상