사고번호,사고일시,요일,시군구,사고내용,사망자수,중상자수,경상자수,부상신고자수,사고유형,법규위반,노면상태,기상상태,도로형태,가해운전자 차종,가해운전자 성별,가해운전자 연령,가해운전자 상해정도,피해운전자 차종,피해운전자 성별,피해운전자 연령,피해운전자 상해정도
2015122100100437,2015년 12월 21일 17시,월요일,제주특별자치도 서귀포시 남원읍,중상사고,0,2,0,0,차대차 - 기타,안전운전불이행,건조,맑음,단일로 - 기타,이륜,남,19세,중상,화물,남,42세,기타불명
2015122100100504,2015년 12월 21일 18시,월요일,제주특별자치도 제주시 삼도이동,중상사고,0,1,0,0,차대사람 - 횡단중,보행자보호의무위반,건조,맑음,단일로 - 횡단보도부근,승합,남,65세,상해없음,보행자,여,52세,중상
2015122100100505,2015년 12월 21일 18시,월요일,제주특별자치도 제주시 도련일동,경상사고,0,0,1,0,차대사람 - 횡단중,보행자보호의무위반,건조,흐림,단일로 - 횡단보도상,화물,남,41세,상해없음,보행자,여,21세,경상
2015122100100506,2015년 12월 21일 18시,월요일,제주특별자치도 제주시 이호이동,중상사고,0,1,0,0,차대사람 - 횡단중,안전운전불이행,건조,맑음,단일로 - 기타,승용,남,40세,상해없음,보행자,여,82세,중상
2015122100100507,2015년 12월 21일 18시,월요일,제주특별자치도 제주시 외도일동,경상사고,0,0,1,0,차대사람 - 횡단중,안전운전불이행,건조,맑음,교차로 - 교차로안,승용,남,39세,상해없음,보행자,여,48세,경상
2015122100100542,2015년 12월 21일 19시,월요일,제주특별자치도 제주시 연동,중상사고,0,1,1,0,차대사람 - 차도통행중,안전운전불이행,건조,맑음,단일로 - 기타,승합,남,45세,상해없음,보행자,여,20세,중상
2015122100100572,2015년 12월 21일 20시,월요일,제주특별자치도 제주시 삼도일동,경상사고,0,0,1,0,차대차 - 기타,안전운전불이행,건조,맑음,단일로 - 기타,승합,남,57세,상해없음,자전거,남,18세,상해없음
2015122200100056,2015년 12월 22일 05시,화요일,제주특별자치도 제주시 도련일동,경상사고,0,0,1,0,차대차 - 정면충돌,안전운전불이행,건조,흐림,단일로 - 기타,승합,여,58세,상해없음,자전거,남,34세,경상
2015122200100116,2015년 12월 22일 07시,화요일,제주특별자치도 서귀포시 남원읍,부상신고사고,0,0,0,1,차대차 - 기타,안전운전불이행,건조,흐림,교차로 - 교차로부근,승용,남,51세,부상신고,승용,여,55세,상해없음
2015122200100368,2015년 12월 22일 15시,화요일,제주특별자치도 제주시 한림읍,중상사고,0,1,0,0,차대사람 - 횡단중,보행자보호의무위반,건조,맑음,교차로 - 교차로부근,화물,남,66세,상해없음,보행자,여,55세,중상
2015122200100481,2015년 12월 22일 18시,화요일,제주특별자치도 제주시 구좌읍,중상사고,0,1,0,0,차대사람 - 횡단중,보행자보호의무위반,건조,맑음,단일로 - 횡단보도상,승용,여,63세,상해없음,보행자,여,74세,중상
2015122200100524,2015년 12월 22일 19시,화요일,제주특별자치도 서귀포시 성산읍,중상사고,0,1,1,0,차대차 - 추돌 - 진행중,안전운전불이행,건조,맑음,단일로 - 기타,승용,남,51세,상해없음,승용,남,58세,경상
2015122200100555,2015년 12월 22일 20시,화요일,제주특별자치도 제주시 오등동,중상사고,0,1,0,0,차대사람 - 횡단중,안전운전불이행,습기,비,단일로 - 기타,승용,남,57세,상해없음,보행자,남,38세,중상
2015122300100071,2015년 12월 23일 04시,수요일,제주특별자치도 제주시 노형동,경상사고,0,0,1,0,차대차 - 정면충돌,교차로운행방법위반,건조,맑음,교차로 - 교차로안,승용,남,42세,상해없음,승용,남,19세,경상
2015122300100083,2015년 12월 23일 05시,수요일,제주특별자치도 제주시 이도이동,부상신고사고,0,0,0,1,차대사람 - 횡단중,안전운전불이행,습기,흐림,단일로 - 기타,기타불명,기타불명,기타불명,기타불명,보행자,여,28세,부상신고
2015122300100127,2015년 12월 23일 07시,수요일,제주특별자치도 제주시 노형동,경상사고,0,0,1,0,차대차 - 추돌 - 진행중,안전운전불이행,습기,비,단일로 - 기타,승합,남,32세,경상,승용,남,22세,기타불명
2015122300100189,2015년 12월 23일 09시,수요일,제주특별자치도 제주시 이도일동,부상신고사고,0,0,0,1,차대사람 - 횡단중,안전운전불이행,건조,맑음,단일로 - 기타,승합,남,53세,기타불명,보행자,여,54세,부상신고
2015122300100190,2015년 12월 23일 09시,수요일,제주특별자치도 서귀포시 동홍동,경상사고,0,0,1,0,차대차 - 기타,교차로운행방법위반,습기,비,교차로 - 교차로안,화물,남,53세,상해없음,승용,남,18세,경상
2015122300100191,2015년 12월 23일 09시,수요일,제주특별자치도 제주시 노형동,경상사고,0,0,2,0,차대차 - 정면충돌,신호위반,건조,맑음,교차로 - 교차로안,승용,여,51세,경상,화물,남,52세,경상
2015122300100216,2015년 12월 23일 10시,수요일,제주특별자치도 제주시 노형동,경상사고,0,0,1,0,차대차 - 추돌 - 진행중,안전거리미확보,습기,흐림,단일로 - 기타,승용,여,34세,상해없음,승용,여,51세,경상
2015122300100248,2015년 12월 23일 11시,수요일,제주특별자치도 서귀포시 서홍동,경상사고,0,0,1,0,차대차 - 추돌 - 주정차중,안전운전불이행,건조,맑음,단일로 - 기타,승용,여,45세,상해없음,승용,여,50세,경상
2015122300100302,2015년 12월 23일 13시,수요일,제주특별자치도 제주시 이도일동,경상사고,0,0,1,0,차대사람 - 횡단중,안전운전불이행,건조,맑음,교차로 - 교차로부근,기타불명,기타불명,기타불명,기타불명,보행자,남,54세,경상
2015122300100345,2015년 12월 23일 14시,수요일,제주특별자치도 서귀포시 표선면,경상사고,0,0,1,0,차대차 - 기타,안전운전불이행,건조,흐림,단일로 - 기타,승용,남,40세,상해없음,자전거,남,39세,경상
2015122300100346,2015년 12월 23일 14시,수요일,제주특별자치도 서귀포시 중문동,경상사고,0,0,1,0,차대사람 - 기타,안전운전불이행,건조,맑음,단일로 - 기타,승용,남,56세,상해없음,보행자,여,84세,경상
2015122300100369,2015년 12월 23일 15시,수요일,제주특별자치도 제주시 화북이동,중상사고,0,1,0,0,차대사람 - 횡단중,안전운전불이행,건조,흐림,교차로 - 교차로안,승용,남,26세,상해없음,보행자,남,41세,중상
2015122300100370,2015년 12월 23일 15시,수요일,제주특별자치도 서귀포시 대정읍,중상사고,0,1,0,0,차량단독 - 전도전복,안전운전불이행,건조,맑음,교차로 - 교차로부근,원동기,남,69세,중상,,,,
2015122300100441,2015년 12월 23일 17시,수요일,제주특별자치도 제주시 연동,경상사고,0,0,1,0,차대사람 - 횡단중,안전운전불이행,습기,비,단일로 - 기타,승용,남,35세,상해없음,보행자,여,15세,경상
2015122300100494,2015년 12월 23일 18시,수요일,제주특별자치도 제주시 삼도이동,중상사고,0,1,0,0,차대차 - 정면충돌,안전운전불이행,건조,맑음,단일로 - 기타,화물,남,69세,상해없음,승용,여,42세,중상
2015122300100495,2015년 12월 23일 18시,수요일,제주특별자치도 서귀포시 대정읍,경상사고,0,0,1,0,차대차 - 측면직각충돌,직진우회전진행방해,건조,맑음,교차로 - 교차로안,승용,남,48세,상해없음,화물,여,40세,경상
2015122300100496,2015년 12월 23일 18시,수요일,제주특별자치도 제주시 연동,중상사고,0,1,0,0,차대사람 - 횡단중,신호위반,습기,비,단일로 - 기타,승용,여,28세,상해없음,보행자,여,62세,중상
2015122300100537,2015년 12월 23일 19시,수요일,제주특별자치도 제주시 노형동,부상신고사고,0,0,0,1,차대차 - 측면직각충돌,안전운전불이행,습기,흐림,단일로 - 기타,원동기,남,17세,부상신고,승용,남,51세,상해없음
2015122300100569,2015년 12월 23일 20시,수요일,제주특별자치도 서귀포시 서귀동,중상사고,0,1,0,0,차대사람 - 횡단중,안전운전불이행,건조,맑음,단일로 - 기타,승용,여,55세,상해없음,보행자,남,49세,중상
2015122300100620,2015년 12월 23일 22시,수요일,제주특별자치도 서귀포시 성산읍,부상신고사고,0,0,0,1,차량단독 - 기타,안전운전불이행,건조,맑음,단일로 - 기타,승용,남,24세,부상신고,,,,
2015122300100659,2015년 12월 23일 23시,수요일,제주특별자치도 서귀포시 서귀동,경상사고,0,0,1,0,차대사람 - 기타,보행자보호의무위반,건조,맑음,교차로 - 교차로부근,승용,남,28세,상해없음,보행자,남,54세,경상
2015122400100032,2015년 12월 24일 00시,목요일,제주특별자치도 서귀포시 강정동,부상신고사고,0,0,0,4,차량단독 - 전도전복,안전운전불이행,건조,맑음,단일로 - 기타,승용,남,32세,부상신고,,,,
2015122400100132,2015년 12월 24일 07시,목요일,제주특별자치도 제주시 이도일동,경상사고,0,0,1,0,차대차 - 정면충돌,안전거리미확보,건조,맑음,단일로 - 기타,승용,남,43세,상해없음,승용,남,61세,경상
2015122400100133,2015년 12월 24일 07시,목요일,제주특별자치도 서귀포시 남원읍,중상사고,0,2,1,0,차대차 - 기타,과속,건조,맑음,교차로 - 교차로안,승합,남,57세,중상,화물,남,78세,중상
2015122400100197,2015년 12월 24일 09시,목요일,제주특별자치도 제주시 삼양이동,부상신고사고,0,0,0,1,차량단독 - 전도전복,안전운전불이행,건조,맑음,교차로 - 교차로부근,승용,남,71세,부상신고,,,,
2015122400100284,2015년 12월 24일 12시,목요일,제주특별자치도 제주시 구좌읍,중상사고,0,1,1,0,차대차 - 정면충돌,직진우회전진행방해,건조,맑음,교차로 - 교차로안,승용,여,41세,중상,승용,남,55세,상해없음
2015122400100318,2015년 12월 24일 13시,목요일,제주특별자치도 제주시 오라일동,중상사고,0,1,1,0,차대차 - 정면충돌,직진우회전진행방해,건조,맑음,교차로 - 교차로안,화물,남,44세,상해없음,이륜,남,20세,중상
2015122400100427,2015년 12월 24일 16시,목요일,제주특별자치도 서귀포시 성산읍,부상신고사고,0,0,0,1,차량단독 - 기타,안전운전불이행,건조,맑음,단일로 - 기타,농기계,남,77세,부상신고,,,,
2015122400100428,2015년 12월 24일 16시,목요일,제주특별자치도 제주시 노형동,중상사고,0,1,1,0,차량단독 - 전도전복,안전운전불이행,건조,맑음,교차로 - 교차로부근,승용,남,33세,경상,,,,
2015122400100466,2015년 12월 24일 17시,목요일,제주특별자치도 서귀포시 성산읍,경상사고,0,0,2,0,차대차 - 기타,안전운전불이행,건조,맑음,기타 - 기타,승용,여,22세,상해없음,승용,남,27세,경상
2015122400100467,2015년 12월 24일 17시,목요일,제주특별자치도 제주시 연동,경상사고,0,0,1,0,차대차 - 측면직각충돌,직진우회전진행방해,건조,맑음,교차로 - 교차로안,승용,남,39세,상해없음,자전거,남,13세,경상
2015122400100531,2015년 12월 24일 18시,목요일,제주특별자치도 제주시 이도이동,중상사고,0,1,0,1,차대차 - 측면직각충돌,안전운전불이행,건조,맑음,교차로 - 교차로안,승용,여,33세,부상신고,화물,여,40세,중상
2015122400100596,2015년 12월 24일 19시,목요일,제주특별자치도 제주시 이도이동,경상사고,0,0,2,0,차대차 - 정면충돌,안전운전불이행,건조,맑음,단일로 - 기타,승용,여,46세,상해없음,화물,여,41세,경상
2015122400100597,2015년 12월 24일 19시,목요일,제주특별자치도 서귀포시 중문동,중상사고,0,1,0,0,차대차 - 추돌 - 진행중,안전거리미확보,건조,맑음,단일로 - 기타,이륜,남,22세,중상,화물,여,53세,상해없음
2015122500100032,2015년 12월 25일 02시,금요일,제주특별자치도 제주시 이도이동,경상사고,0,0,1,0,차대차 - 추돌 - 주정차중,안전거리미확보,건조,흐림,교차로 - 교차로부근,승용,남,24세,상해없음,승용,남,59세,상해없음
2015122500100054,2015년 12월 25일 04시,금요일,제주특별자치도 서귀포시 서귀동,경상사고,0,0,1,1,차대차 - 정면충돌,신호위반,건조,맑음,교차로 - 교차로안,승용,남,54세,부상신고,승합,남,39세,상해없음
2015122500100248,2015년 12월 25일 14시,금요일,제주특별자치도 제주시 일도일동,경상사고,0,0,1,0,차대사람 - 횡단중,안전운전불이행,습기,맑음,단일로 - 기타,승용,남,61세,상해없음,보행자,남,53세,경상
2015122500100310,2015년 12월 25일 16시,금요일,제주특별자치도 제주시 외도일동,경상사고,0,0,1,0,차대차 - 정면충돌,안전운전불이행,습기,흐림,교차로 - 교차로부근,화물,남,60세,기타불명,승용,여,52세,경상
2015122500100376,2015년 12월 25일 18시,금요일,제주특별자치도 제주시 노형동,경상사고,0,0,1,0,차대차 - 기타,안전운전불이행,건조,맑음,단일로 - 기타,자전거,남,16세,경상,승용,여,54세,상해없음
2015122500100455,2015년 12월 25일 21시,금요일,제주특별자치도 서귀포시 안덕면,중상사고,0,1,0,0,차대차 - 기타,직진우회전진행방해,건조,맑음,교차로 - 교차로안,승용,남,28세,상해없음,승용,남,33세,상해없음
2015122500100485,2015년 12월 25일 22시,금요일,제주특별자치도 제주시 연동,경상사고,0,0,1,1,차대차 - 정면충돌,안전운전불이행,건조,맑음,단일로 - 기타,승용,남,22세,부상신고,승용,남,52세,경상
2015122500100486,2015년 12월 25일 22시,금요일,제주특별자치도 제주시 외도일동,경상사고,0,0,1,0,차대사람 - 횡단중,안전운전불이행,건조,맑음,단일로 - 기타,승용,남,44세,상해없음,보행자,남,43세,경상
2015122600100046,2015년 12월 26일 03시,토요일,제주특별자치도 서귀포시 남원읍,부상신고사고,0,0,0,1,차대차 - 기타,안전운전불이행,건조,맑음,단일로 - 기타,화물,남,40세,부상신고,승용,남,58세,기타불명
2015122600100164,2015년 12월 26일 10시,토요일,제주특별자치도 제주시 한림읍,중상사고,0,1,0,0,차대사람 - 횡단중,안전운전불이행,건조,맑음,단일로 - 기타,승용,남,48세,상해없음,보행자,남,56세,중상
2015122600100305,2015년 12월 26일 15시,토요일,제주특별자치도 서귀포시 동홍동,경상사고,0,0,1,0,차대차 - 정면충돌,기타,건조,맑음,교차로 - 교차로안,승용,남,22세,기타불명,승용,여,54세,경상
2015122600100421,2015년 12월 26일 18시,토요일,제주특별자치도 서귀포시 호근동,경상사고,0,0,1,0,차대차 - 기타,안전거리미확보,건조,맑음,단일로 - 기타,승용,여,51세,상해없음,승용,남,27세,상해없음
2015122600100471,2015년 12월 26일 19시,토요일,제주특별자치도 제주시 연동,경상사고,0,0,1,0,차대사람 - 횡단중,보행자보호의무위반,건조,맑음,교차로 - 교차로안,승용,여,46세,상해없음,보행자,여,41세,경상
2015122600100520,2015년 12월 26일 21시,토요일,제주특별자치도 제주시 일도이동,중상사고,0,1,0,0,차대사람 - 횡단중,안전운전불이행,건조,맑음,단일로 - 기타,승용,남,56세,상해없음,보행자,남,55세,중상
2015122600100548,2015년 12월 26일 22시,토요일,제주특별자치도 서귀포시 색달동,중상사고,0,1,0,0,차대차 - 측면직각충돌,직진우회전진행방해,건조,맑음,교차로 - 교차로안,승용,남,29세,상해없음,원동기,남,18세,중상
2015122700100025,2015년 12월 27일 00시,일요일,제주특별자치도 서귀포시 동홍동,경상사고,0,0,1,0,차대차 - 정면충돌,교차로운행방법위반,건조,맑음,교차로 - 교차로안,승합,남,32세,상해없음,승용,남,51세,상해없음
2015122700100121,2015년 12월 27일 06시,일요일,제주특별자치도 제주시 연동,경상사고,0,0,1,0,차대차 - 정면충돌,안전운전불이행,건조,맑음,교차로 - 교차로안,승용,여,29세,상해없음,승용,여,49세,경상
2015122700100130,2015년 12월 27일 07시,일요일,제주특별자치도 제주시 용담일동,경상사고,0,0,3,0,차대차 - 정면충돌,교차로운행방법위반,기타,맑음,교차로 - 교차로안,화물,남,31세,상해없음,화물,남,55세,경상
2015122700100131,2015년 12월 27일 07시,일요일,제주특별자치도 제주시 노형동,경상사고,0,0,1,0,차대차 - 기타,안전운전불이행,건조,흐림,교차로 - 교차로부근,승용,기타불명,기타불명,기타불명,승용,여,47세,경상
2015122700100179,2015년 12월 27일 10시,일요일,제주특별자치도 제주시 연동,경상사고,0,0,1,0,차대차 - 정면충돌,안전거리미확보,건조,맑음,기타 - 기타,원동기,여,64세,경상,승용,남,23세,상해없음
2015122700100257,2015년 12월 27일 14시,일요일,제주특별자치도 서귀포시 안덕면,중상사고,0,1,3,0,차대차 - 기타,중앙선침범,건조,맑음,단일로 - 기타,승용,남,54세,상해없음,승용,여,42세,경상
2015122700100320,2015년 12월 27일 16시,일요일,제주특별자치도 제주시 노형동,중상사고,0,1,0,0,차대사람 - 횡단중,신호위반,건조,맑음,단일로 - 횡단보도상,승용,남,69세,상해없음,보행자,여,47세,중상
2015122700100352,2015년 12월 27일 17시,일요일,제주특별자치도 제주시 애월읍,중상사고,0,1,0,3,차대차 - 정면충돌,안전운전불이행,건조,맑음,단일로 - 기타,승용,남,61세,중상,화물,남,56세,상해없음
2015122700100353,2015년 12월 27일 17시,일요일,제주특별자치도 제주시 애월읍,경상사고,0,0,6,1,차대차 - 추돌 - 진행중,안전거리미확보,건조,맑음,단일로 - 기타,승합,남,57세,상해없음,승용,남,37세,상해없음
2015122700100354,2015년 12월 27일 17시,일요일,제주특별자치도 제주시 용담이동,경상사고,0,0,1,0,차대사람 - 횡단중,안전운전불이행,건조,흐림,기타 - 기타,승용,여,42세,상해없음,보행자,남,28세,경상
2015122700100387,2015년 12월 27일 18시,일요일,제주특별자치도 제주시 일도일동,중상사고,0,1,0,0,차대사람 - 횡단중,보행자보호의무위반,건조,맑음,단일로 - 기타,기타불명,기타불명,기타불명,기타불명,보행자,여,45세,중상
2015122700100420,2015년 12월 27일 19시,일요일,제주특별자치도 제주시 삼도일동,경상사고,0,0,1,0,차대차 - 정면충돌,신호위반,건조,흐림,교차로 - 교차로안,화물,남,74세,상해없음,화물,남,46세,경상
2015122700100441,2015년 12월 27일 20시,일요일,제주특별자치도 제주시 용담이동,경상사고,0,0,2,0,차대사람 - 횡단중,보행자보호의무위반,건조,맑음,단일로 - 횡단보도상,승용,남,69세,상해없음,보행자,남,30세,경상
2015122700100483,2015년 12월 27일 22시,일요일,제주특별자치도 제주시 이도이동,경상사고,0,0,1,0,차대사람 - 횡단중,안전운전불이행,건조,맑음,단일로 - 기타,승용,여,39세,상해없음,보행자,남,54세,경상
2015122700100507,2015년 12월 27일 23시,일요일,제주특별자치도 서귀포시 서귀동,부상신고사고,0,0,0,1,차대차 - 추돌 - 진행중,교차로운행방법위반,건조,맑음,교차로 - 교차로안,승용,남,50세,상해없음,승용,여,58세,상해없음
2015122800100007,2015년 12월 28일 00시,월요일,제주특별자치도 서귀포시 강정동,경상사고,0,0,3,0,차대차 - 기타,신호위반,건조,맑음,교차로 - 교차로안,승용,남,38세,상해없음,승용,남,48세,상해없음
2015122800100021,2015년 12월 28일 01시,월요일,제주특별자치도 제주시 연동,경상사고,0,0,1,0,차대사람 - 횡단중,안전운전불이행,건조,맑음,교차로 - 교차로부근,승용,남,67세,상해없음,보행자,남,19세,경상
2015122800100202,2015년 12월 28일 11시,월요일,제주특별자치도 서귀포시 남원읍,사망사고,2,0,0,2,차대차 - 기타,안전운전불이행,건조,맑음,교차로 - 교차로안,화물,남,26세,사망,승합,남,64세,상해없음
2015122800100263,2015년 12월 28일 13시,월요일,제주특별자치도 제주시 도남동,경상사고,0,0,1,0,차대사람 - 횡단중,안전운전불이행,건조,맑음,교차로 - 교차로부근,승용,남,71세,상해없음,보행자,남,65세,경상
2015122800100358,2015년 12월 28일 16시,월요일,제주특별자치도 서귀포시 신효동,중상사고,0,1,1,0,차대차 - 정면충돌,교차로운행방법위반,건조,맑음,교차로 - 교차로안,승용,남,34세,상해없음,화물,남,47세,경상
2015122800100396,2015년 12월 28일 17시,월요일,제주특별자치도 제주시 삼도이동,경상사고,0,0,1,0,차대사람 - 횡단중,보행자보호의무위반,건조,맑음,단일로 - 횡단보도상,화물,남,40세,상해없음,보행자,여,39세,경상
2015122800100397,2015년 12월 28일 17시,월요일,제주특별자치도 서귀포시 표선면,경상사고,0,0,2,0,차대차 - 기타,직진우회전진행방해,건조,맑음,교차로 - 교차로안,화물,남,50세,상해없음,승용,여,48세,경상
2015122800100398,2015년 12월 28일 17시,월요일,제주특별자치도 서귀포시 중문동,중상사고,0,1,1,0,차대사람 - 기타,보행자보호의무위반,건조,맑음,단일로 - 기타,승용,여,71세,상해없음,보행자,여,26세,중상
2015122800100399,2015년 12월 28일 17시,월요일,제주특별자치도 제주시 노형동,경상사고,0,0,2,0,차대사람 - 횡단중,보행자보호의무위반,건조,맑음,단일로 - 횡단보도상,승용,남,53세,상해없음,보행자,여,20세,경상
2015122800100447,2015년 12월 28일 18시,월요일,제주특별자치도 제주시 일도이동,경상사고,0,0,1,0,차대차 - 정면충돌,안전운전불이행,건조,맑음,단일로 - 기타,화물,남,38세,상해없음,원동기,남,45세,경상
2015122800100489,2015년 12월 28일 19시,월요일,제주특별자치도 서귀포시 중문동,경상사고,0,0,1,0,차대차 - 추돌 - 진행중,안전거리미확보,건조,맑음,교차로 - 교차로부근,승용,남,55세,상해없음,승용,여,58세,경상
2015122800100490,2015년 12월 28일 19시,월요일,제주특별자치도 서귀포시 남원읍,중상사고,0,1,0,0,차대사람 - 기타,안전운전불이행,건조,기타,교차로 - 교차로부근,승용,남,26세,상해없음,보행자,남,65세,중상
2015122800100491,2015년 12월 28일 19시,월요일,제주특별자치도 제주시 한경면,중상사고,0,1,1,0,차대차 - 정면충돌,신호위반,건조,맑음,교차로 - 교차로안,화물,남,46세,중상,화물,남,33세,경상
2015122800100515,2015년 12월 28일 20시,월요일,제주특별자치도 제주시 용담일동,경상사고,0,0,1,0,차대차 - 정면충돌,안전운전불이행,건조,맑음,단일로 - 기타,화물,남,33세,상해없음,원동기,남,37세,경상
2015122800100600,2015년 12월 28일 23시,월요일,제주특별자치도 제주시 아라일동,경상사고,0,0,1,0,차대차 - 정면충돌,중앙선침범,건조,맑음,단일로 - 기타,승용,남,24세,상해없음,승용,남,27세,경상
2015122800100601,2015년 12월 28일 23시,월요일,제주특별자치도 제주시 노형동,경상사고,0,0,1,0,차대사람 - 횡단중,안전운전불이행,건조,맑음,단일로 - 횡단보도상,승용,남,41세,상해없음,보행자,여,38세,경상
2015122900100181,2015년 12월 29일 10시,화요일,제주특별자치도 서귀포시 표선면,중상사고,0,1,0,0,차대차 - 추돌 - 진행중,안전거리미확보,건조,맑음,교차로 - 교차로부근,이륜,여,75세,중상,화물,남,46세,상해없음
2015122900100223,2015년 12월 29일 12시,화요일,제주특별자치도 제주시 우도면,경상사고,0,0,1,0,차대사람 - 횡단중,안전운전불이행,건조,맑음,단일로 - 기타,기타불명,기타불명,기타불명,기타불명,보행자,여,28세,경상
2015122900100286,2015년 12월 29일 14시,화요일,제주특별자치도 제주시 일도이동,경상사고,0,0,1,0,차대차 - 정면충돌,차로위반,기타,맑음,단일로 - 기타,승용,여,36세,상해없음,승용,여,29세,경상
2015122900100287,2015년 12월 29일 14시,화요일,제주특별자치도 제주시 한림읍,중상사고,0,1,1,0,차대차 - 정면충돌,안전운전불이행,건조,맑음,단일로 - 기타,화물,남,47세,상해없음,승용,남,57세,경상
2015122900100354,2015년 12월 29일 16시,화요일,제주특별자치도 제주시 애월읍,중상사고,0,1,1,0,차대차 - 정면충돌,안전거리미확보,건조,흐림,단일로 - 교량,건설기계,남,42세,상해없음,승용,남,33세,경상
2015122900100438,2015년 12월 29일 18시,화요일,제주특별자치도 제주시 화북일동,경상사고,0,0,1,0,차대사람 - 횡단중,안전운전불이행,건조,맑음,단일로 - 기타,이륜,남,23세,상해없음,보행자,남,6세,경상
2015122900100518,2015년 12월 29일 20시,화요일,제주특별자치도 제주시 이도이동,경상사고,0,0,1,0,차대차 - 정면충돌,안전운전불이행,건조,맑음,교차로 - 교차로부근,이륜,남,24세,상해없음,승용,남,29세,상해없음
2015122900100599,2015년 12월 29일 23시,화요일,제주특별자치도 제주시 이도이동,경상사고,0,0,1,0,차대사람 - 횡단중,안전운전불이행,건조,맑음,단일로 - 기타,기타불명,기타불명,기타불명,기타불명,보행자,남,61세,경상
2015123000100111,2015년 12월 30일 07시,수요일,제주특별자치도 제주시 노형동,중상사고,0,1,0,0,차대사람 - 횡단중,보행자보호의무위반,건조,맑음,단일로 - 횡단보도상,승용,남,62세,상해없음,보행자,남,49세,중상
2015123000100150,2015년 12월 30일 08시,수요일,제주특별자치도 제주시 용담이동,중상사고,0,1,0,0,차대사람 - 횡단중,보행자보호의무위반,건조,맑음,단일로 - 횡단보도상,승용,여,54세,상해없음,보행자,여,7세,중상
2015123000100288,2015년 12월 30일 13시,수요일,제주특별자치도 제주시 조천읍,경상사고,0,0,1,0,차대차 - 정면충돌,중앙선침범,건조,맑음,교차로 - 교차로부근,화물,남,66세,상해없음,화물,남,38세,경상
2015123000100315,2015년 12월 30일 14시,수요일,제주특별자치도 제주시 노형동,경상사고,0,0,1,0,차대차 - 정면충돌,안전운전불이행,건조,맑음,교차로 - 교차로부근,화물,남,33세,상해없음,원동기,남,45세,경상
2015123000100385,2015년 12월 30일 16시,수요일,제주특별자치도 서귀포시 동홍동,부상신고사고,0,0,0,1,차대차 - 정면충돌,안전운전불이행,건조,맑음,단일로 - 기타,승용,여,43세,상해없음,이륜,남,52세,부상신고
2015123000100386,2015년 12월 30일 16시,수요일,제주특별자치도 제주시 노형동,경상사고,0,0,1,0,차대사람 - 횡단중,안전운전불이행,건조,맑음,교차로 - 교차로부근,승용,남,55세,상해없음,보행자,여,49세,경상
2015123000100564,2015년 12월 30일 19시,수요일,제주특별자치도 제주시 용담이동,중상사고,0,1,0,0,차대사람 - 횡단중,안전운전불이행,기타,흐림,교차로 - 교차로부근,원동기,남,33세,상해없음,보행자,남,86세,중상
2015123000100678,2015년 12월 30일 22시,수요일,제주특별자치도 서귀포시 동홍동,부상신고사고,0,0,0,1,차량단독 - 전도전복,교차로운행방법위반,건조,맑음,단일로 - 기타,화물,남,48세,부상신고,,,,
2015123100100051,2015년 12월 31일 01시,목요일,제주특별자치도 제주시 연동,경상사고,0,0,1,0,차대차 - 측면직각충돌,직진우회전진행방해,건조,흐림,교차로 - 교차로안,승용,남,26세,상해없음,승용,여,55세,경상
2015123100100188,2015년 12월 31일 08시,목요일,제주특별자치도 제주시 이호일동,경상사고,0,0,1,0,차대차 - 추돌 - 진행중,안전운전불이행,건조,맑음,단일로 - 기타,승용,남,42세,기타불명,승합,남,35세,경상
2015123100100231,2015년 12월 31일 10시,목요일,제주특별자치도 제주시 애월읍,경상사고,0,0,1,0,차대차 - 추돌 - 진행중,안전운전불이행,건조,맑음,단일로 - 기타,자전거,남,13세,경상,건설기계,남,38세,상해없음
2015123100100289,2015년 12월 31일 12시,목요일,제주특별자치도 제주시 우도면,부상신고사고,0,0,0,1,차대차 - 측면직각충돌,안전운전불이행,건조,맑음,교차로 - 교차로부근,자전거,남,24세,부상신고,승용,여,24세,상해없음
2015123100100410,2015년 12월 31일 16시,목요일,제주특별자치도 제주시 한림읍,경상사고,0,0,4,0,차대차 - 정면충돌,직진우회전진행방해,건조,흐림,교차로 - 교차로안,화물,남,50세,상해없음,승합,남,42세,경상
2015123100100568,2015년 12월 31일 19시,목요일,제주특별자치도 제주시 용담일동,경상사고,0,0,1,0,차대차 - 정면충돌,중앙선침범,건조,흐림,단일로 - 기타,기타불명,기타불명,기타불명,기타불명,이륜,남,22세,경상
2015123100100679,2015년 12월 31일 22시,목요일,제주특별자치도 제주시 조천읍,중상사고,0,2,0,1,차대차 - 정면충돌,중앙선침범,건조,맑음,단일로 - 기타,승용,남,33세,부상신고,승용,여,36세,중상
2015123100100680,2015년 12월 31일 22시,목요일,제주특별자치도 제주시 노형동,중상사고,0,1,0,0,차대사람 - 횡단중,보행자보호의무위반,건조,맑음,교차로 - 교차로안,승용,남,58세,상해없음,보행자,여,20세,중상
2015123100100723,2015년 12월 31일 23시,목요일,제주특별자치도 제주시 조천읍,경상사고,0,0,1,0,차대차 - 측면직각충돌,신호위반,건조,맑음,교차로 - 교차로안,승용,남,31세,상해없음,승용,남,60세,경상